diagram_id,unit_filename,local_order,alt_text_en,provenance
prelude-unit-002-d001,prelude-unit-002.tex,1,Category diagram: \mathrm{N}: \cate{sAb} → \cate{Ch}_{\geq 0}(\cate{Ab}): \Gamma; \cate{Ch}_{\geq 0}(\cate{Ab}): \Gamma → \mathrm{N}: \cate{sAb}.,qa/DIAGRAM_SOURCE_INVENTORY.jsonl:1; source/en/prelude-unit-002.tex:diagram 1; tikzcd; mapped_indonesian_structure_witness
prelude-unit-007-d001,prelude-unit-007.tex,1,Category diagram: A → B (f); A → C (h); B → C (g).,qa/DIAGRAM_SOURCE_INVENTORY.jsonl:2; source/en/prelude-unit-007.tex:diagram 1; tikzcd; mapped_indonesian_structure_witness
prelude-unit-007-diagram-002,prelude-unit-007.tex,2,"Natural-transformation diagram with objects C, D. Arrows: C maps to D, labeled F; C maps to D, labeled G; a 2-cell from F to G, labeled phi.",qa/DIAGRAM_SOURCE_INVENTORY.jsonl:3; source/en/prelude-unit-007.tex:diagram 2; tikzcd; mapped_indonesian_structure_witness
prelude-unit-007-diagram-003,prelude-unit-007.tex,3,"Commutative diagram with objects B, C, D, E. Arrows: B maps to C, labeled R; C maps to D, labeled F; C maps to D, labeled G; D maps to E, labeled L.",qa/DIAGRAM_SOURCE_INVENTORY.jsonl:4; source/en/prelude-unit-007.tex:diagram 3; tikzcd; mapped_indonesian_structure_witness
prelude-unit-007-diagram-004,prelude-unit-007.tex,4,"Commutative diagram with objects C, C'. Arrows: C maps to C', labeled F; C' maps to C, labeled G.",qa/DIAGRAM_SOURCE_INVENTORY.jsonl:5; source/en/prelude-unit-007.tex:diagram 4; tikzcd; mapped_indonesian_structure_witness
prelude-unit-007-d002,prelude-unit-007.tex,5,Category diagram: \mathcal{C} → \mathcal{D} . (F); \mathcal{C} → \mathcal{D} . (G); \mathcal{D} . ⇒ \mathcal{D} . (\varphi).,qa/DIAGRAM_SOURCE_INVENTORY.jsonl:6; source/en/prelude-unit-007.tex:diagram 5; tikzcd; mapped_indonesian_structure_witness
prelude-unit-007-diagram-006,prelude-unit-007.tex,6,"Triangle-identity diagram for the functors G:C' to C and F:C to C'. It compares the composite FG with id_C' by the counit epsilon and compares id_C with GF by the unit eta along the chain G, F, G.",qa/DIAGRAM_SOURCE_INVENTORY.jsonl:7; source/en/prelude-unit-007.tex:diagram 6; tikzcd; mapped_indonesian_structure_witness
prelude-unit-007-diagram-007,prelude-unit-007.tex,7,Natural-transformation diagram with two parallel copies of G:C' to C and the identity 2-cell id_G between them.,qa/DIAGRAM_SOURCE_INVENTORY.jsonl:8; source/en/prelude-unit-007.tex:diagram 7; tikzcd; mapped_indonesian_structure_witness
prelude-unit-007-diagram-008,prelude-unit-007.tex,8,"Triangle-identity diagram for the functors F:C to C' and G:C' to C. It compares id_C with GF by the unit eta and compares FG with id_C' by the counit epsilon along the chain F, G, F.",qa/DIAGRAM_SOURCE_INVENTORY.jsonl:9; source/en/prelude-unit-007.tex:diagram 8; tikzcd; mapped_indonesian_structure_witness
prelude-unit-007-diagram-009,prelude-unit-007.tex,9,Natural-transformation diagram with two parallel copies of F:C to C' and the identity 2-cell id_F between them.,qa/DIAGRAM_SOURCE_INVENTORY.jsonl:10; source/en/prelude-unit-007.tex:diagram 9; tikzcd; mapped_indonesian_structure_witness
prelude-unit-007-diagram-010,prelude-unit-007.tex,10,"Commutative diagram with objects X, Y. Arrows: X maps to Y, labeled f; X maps to Y, labeled g.",qa/DIAGRAM_SOURCE_INVENTORY.jsonl:11; source/en/prelude-unit-007.tex:diagram 10; tikzcd; mapped_indonesian_structure_witness
prelude-unit-007-diagram-011,prelude-unit-007.tex,11,"Universal-property bijection for the equalizer: Hom(T, Ker(f,g)) is identified with maps phi:T to X satisfying f phi = g phi; a map psi is sent to iota composed with psi.",qa/DIAGRAM_SOURCE_INVENTORY.jsonl:12; source/en/prelude-unit-007.tex:diagram 11; tikzcd; mapped_indonesian_structure_witness
prelude-unit-007-diagram-012,prelude-unit-007.tex,12,"Universal-property bijection for the coequalizer: Hom(Coker(f,g), T) is identified with maps phi:Y to T satisfying phi f = phi g; a map psi is sent to psi composed with the quotient p.",qa/DIAGRAM_SOURCE_INVENTORY.jsonl:13; source/en/prelude-unit-007.tex:diagram 12; tikzcd; mapped_indonesian_structure_witness
prelude-unit-007-diagram-013,prelude-unit-007.tex,13,"Product universal-property bijection from Hom(T, product over i of X_i) to the product over i of Hom(T,X_i), sending psi to the family of components p_i composed with psi.",qa/DIAGRAM_SOURCE_INVENTORY.jsonl:14; source/en/prelude-unit-007.tex:diagram 13; tikzcd; mapped_indonesian_structure_witness
prelude-unit-007-diagram-014,prelude-unit-007.tex,14,"Coproduct universal-property bijection from Hom(coproduct over i of X_i,T) to the product over i of Hom(X_i,T), sending psi to the family psi composed with the coproduct inclusions iota_i.",qa/DIAGRAM_SOURCE_INVENTORY.jsonl:15; source/en/prelude-unit-007.tex:diagram 14; tikzcd; mapped_indonesian_structure_witness
prelude-unit-007-d003,prelude-unit-007.tex,15,"Commutative diagram with objects product_j in I (X_j to Z), X_i. Arrows: product_j in I (X_j to Z) maps to X_i, labeled p_i.",qa/DIAGRAM_SOURCE_INVENTORY.jsonl:16; source/en/prelude-unit-007.tex:diagram 15; tikzcd; mapped_indonesian_structure_witness
prelude-unit-007-d004,prelude-unit-007.tex,16,Category diagram: \mathcal{C}' → \mathcal{C} (G); \mathcal{C} ⇒ \mathcal{C} (\identity_G).,qa/DIAGRAM_SOURCE_INVENTORY.jsonl:17; source/en/prelude-unit-007.tex:diagram 16; tikzcd; mapped_indonesian_structure_witness
prelude-unit-007-d005,prelude-unit-007.tex,17,"Commutative diagram with objects X_i, coproduct_j in I (Z to X_j). Arrows: X_i maps to coproduct_j in I (Z to X_j), labeled iota_i.",qa/DIAGRAM_SOURCE_INVENTORY.jsonl:18; source/en/prelude-unit-007.tex:diagram 17; tikzcd; mapped_indonesian_structure_witness
prelude-unit-007-d006,prelude-unit-007.tex,18,Category diagram: \mathcal{C} → \mathcal{C}' (F); \mathcal{C}' ⇒ \mathcal{C}' (\identity_F).,qa/DIAGRAM_SOURCE_INVENTORY.jsonl:19; source/en/prelude-unit-007.tex:diagram 18; tikzcd; mapped_indonesian_structure_witness
prelude-unit-007-d007,prelude-unit-007.tex,19,Commutative diagram: X \dtimes{Z} Y → X (p_1); X \dtimes{Z} Y → Y (p_2); X → Z; Y → Z.,qa/DIAGRAM_SOURCE_INVENTORY.jsonl:20; source/en/prelude-unit-007.tex:diagram 19; tikzcd; mapped_indonesian_structure_witness
prelude-unit-007-d008,prelude-unit-007.tex,20,Commutative diagram: Z → X; Z → Y; X → X \dsqcup{Z} Y (\iota_1); Y → X \dsqcup{Z} Y (\iota_2).,qa/DIAGRAM_SOURCE_INVENTORY.jsonl:21; source/en/prelude-unit-007.tex:diagram 20; tikzcd; mapped_indonesian_structure_witness
chapter1-unit-009-d001,chapter1-unit-009.tex,1,Commutative diagram: S_1 → S_2 (g_1); S_1 ↪ X (f_1); S_2 ↪ X (f_2); S_2 → S_1 (g_2).,qa/DIAGRAM_SOURCE_INVENTORY.jsonl:22; source/en/chapter1-unit-009.tex:diagram 1; tikzcd; mapped_indonesian_structure_witness
chapter1-unit-009-d002,chapter1-unit-009.tex,2,"Category diagram: \Hom\left(T, X \dtimes{Z} Y \right) ⇒ \Hom(T,X) \dtimes{\Hom(T,Z)} \Hom(T,Y) (1:1); \Hom\left(T, X \dtimes{Z} Y \right) → \Hom(T, Y) ((p_2)_*).",qa/DIAGRAM_SOURCE_INVENTORY.jsonl:23; source/en/chapter1-unit-009.tex:diagram 2; tikzcd; mapped_indonesian_structure_witness
chapter1-unit-009-d003,chapter1-unit-009.tex,3,"Category diagram: \Hom\left(T, \prod_{i \in I} (X_i \to Z) \right) ⇒ \prod_{i \in I} \left( \Hom(T, X_i) \to \Hom(T, Z) \right) (1:1); \Hom\left(T, \prod_{i \in I} (X_i \to Z) \right) → \Hom(T, Z).",qa/DIAGRAM_SOURCE_INVENTORY.jsonl:24; source/en/chapter1-unit-009.tex:diagram 3; tikzcd; mapped_indonesian_structure_witness
chapter1-unit-010-d001,chapter1-unit-010.tex,1,"Commutative diagram with objects X, Y, Coimage(f), Y'. Arrows: X maps to Y, labeled f; X surjects onto Coimage(f); X maps to Y', labeled g; Coimage(f) maps to Y', labeled bar g; Y' includes into Y, labeled j.",qa/DIAGRAM_SOURCE_INVENTORY.jsonl:25; source/en/chapter1-unit-010.tex:diagram 1; tikzcd; mapped_indonesian_structure_witness
chapter1-unit-010-d002,chapter1-unit-010.tex,2,"Commutative diagram with objects X, Y, X', Image(f). Arrows: X maps to Y, labeled f; X surjects onto X', labeled q; X' maps to Image(f), labeled bar g; X' maps to Y, labeled g; Image(f) includes into Y.",qa/DIAGRAM_SOURCE_INVENTORY.jsonl:26; source/en/chapter1-unit-010.tex:diagram 2; tikzcd; mapped_indonesian_structure_witness
chapter1-unit-010-d003,chapter1-unit-010.tex,3,Commutative diagram: X → Y (f); X ↠ \Coim(f); \Coim(f) → \Image(f); \Image(f) ↪ Y.,qa/DIAGRAM_SOURCE_INVENTORY.jsonl:27; source/en/chapter1-unit-010.tex:diagram 3; tikzcd; mapped_indonesian_structure_witness
chapter1-unit-010-d004,chapter1-unit-010.tex,4,Commutative diagram: X ↠ \Coim(f); X → \Image(gf); \Coim(f) → \Image(gf) (\alpha).,qa/DIAGRAM_SOURCE_INVENTORY.jsonl:28; source/en/chapter1-unit-010.tex:diagram 4; tikzcd; mapped_indonesian_structure_witness
chapter1-unit-010-d005,chapter1-unit-010.tex,5,Commutative diagram: \Image(g) ↪ Z; \Coim(gf) . → \Image(g) (\beta); \Coim(gf) . → Z.,qa/DIAGRAM_SOURCE_INVENTORY.jsonl:29; source/en/chapter1-unit-010.tex:diagram 5; tikzcd; mapped_indonesian_structure_witness
chapter1-unit-010-d006,chapter1-unit-010.tex,6,Category diagram: X → Y (f); X ↠ \Coim(f); Y → Z (g); \Coim(f) → Y; \Coim(f) → Z; \Image(gf) ↪ Z.,qa/DIAGRAM_SOURCE_INVENTORY.jsonl:30; source/en/chapter1-unit-010.tex:diagram 6; tikzcd; mapped_indonesian_structure_witness
chapter1-unit-010-d007,chapter1-unit-010.tex,7,Commutative diagram: X → C (e); X → X' (a); C → Y (m); C → C' (\varphi); Y → Y' (b); X' → C' (e'); C' → Y' (m').,qa/DIAGRAM_SOURCE_INVENTORY.jsonl:31; source/en/chapter1-unit-010.tex:diagram 7; tikzcd; mapped_indonesian_structure_witness
chapter1-unit-010-d008,chapter1-unit-010.tex,8,Commutative diagram: C ↪ Y . (m); C → C' (\varphi); X ↠ C (e); X ↠ C' (e'); C' ↪ Y . (m').,qa/DIAGRAM_SOURCE_INVENTORY.jsonl:32; source/en/chapter1-unit-010.tex:diagram 8; tikzcd; mapped_indonesian_structure_witness
chapter1-unit-010-d009,chapter1-unit-010.tex,9,Commutative diagram: C ↪ Y; C → \Image(f) (\varphi); X ↠ C; X ↠ \Image(f); \Image(f) ↪ Y.,qa/DIAGRAM_SOURCE_INVENTORY.jsonl:33; source/en/chapter1-unit-010.tex:diagram 9; tikzcd; mapped_indonesian_structure_witness
chapter1-unit-011-diagram-001,chapter1-unit-011.tex,1,"Paired functors F:C to C' and G:C' to C, shown by opposing arrows.",qa/DIAGRAM_SOURCE_INVENTORY.jsonl:34; source/en/chapter1-unit-011.tex:diagram 1; tikzcd; mapped_indonesian_structure_witness
chapter1-unit-011-d001,chapter1-unit-011.tex,2,Category diagram: F: \mathcal{C} → \mathcal{C}' : G; \mathcal{C}' : G → F: \mathcal{C}.,qa/DIAGRAM_SOURCE_INVENTORY.jsonl:35; source/en/chapter1-unit-011.tex:diagram 2; tikzcd; mapped_indonesian_structure_witness
chapter1-unit-011-d002,chapter1-unit-011.tex,3,Commutative diagram: X → X \oplus X (\delta_X); X → X \times X; X \oplus X → Y \oplus Y (f \oplus g); X \oplus X → X \times X (\sim); Y \oplus Y → Y (\check{\delta}_Y); X \times X → Y \times Y (f \times g); Y \times Y → Y \sqcup Y (\sim); Y \sqcup Y → Y; and 1 other arrows.,qa/DIAGRAM_SOURCE_INVENTORY.jsonl:36; source/en/chapter1-unit-011.tex:diagram 3; tikzcd; mapped_indonesian_structure_witness
chapter1-unit-011-d003,chapter1-unit-011.tex,4,Commutative diagram: X \sqcup X → Y \sqcup Y (f \sqcup g); X \sqcup X → X \times X; Y \sqcup Y → Y \times Y; X \times X → Y \times Y (f \times g).,qa/DIAGRAM_SOURCE_INVENTORY.jsonl:37; source/en/chapter1-unit-011.tex:diagram 4; tikzcd; mapped_indonesian_structure_witness
chapter1-unit-011-d004,chapter1-unit-011.tex,5,Category diagram: F: \mathcal{C} → \mathcal{C}' : G; \mathcal{C}' : G → F: \mathcal{C}.,qa/DIAGRAM_SOURCE_INVENTORY.jsonl:38; source/en/chapter1-unit-011.tex:diagram 5; tikzcd; mapped_indonesian_structure_witness
chapter1-unit-011-d005,chapter1-unit-011.tex,6,Schematic composition path showing that the canonical addition on Hom sets is compatible with composition in an additive category.,qa/DIAGRAM_SOURCE_INVENTORY.jsonl:39; source/en/chapter1-unit-011.tex:diagram 6; tikzpicture; mapped_indonesian_structure_witness
chapter1-unit-011-d006,chapter1-unit-011.tex,7,Commutative diagram: T ⇒ \Ker(f) (\exists! g'); T → X (g); T → Y . (0); \Ker(f) → X; X → Y . (f).,qa/DIAGRAM_SOURCE_INVENTORY.jsonl:40; source/en/chapter1-unit-011.tex:diagram 7; tikzcd; mapped_indonesian_structure_witness
chapter1-unit-011-d007,chapter1-unit-011.tex,8,Commutative diagram: X → Y (f); X → T (0); Y → \Coker(f) .; Y → T (h); \Coker(f) . ⇒ T (\exists! h').,qa/DIAGRAM_SOURCE_INVENTORY.jsonl:41; source/en/chapter1-unit-011.tex:diagram 8; tikzcd; mapped_indonesian_structure_witness
chapter1-unit-011-d008,chapter1-unit-011.tex,9,Category diagram with a square marked \Box: X \dtimes{Y} 0 → X; X \dtimes{Y} 0 → 0; X → Y (f); 0 → Y; one square is marked \Box.,qa/DIAGRAM_SOURCE_INVENTORY.jsonl:42; source/en/chapter1-unit-011.tex:diagram 9; tikzcd; mapped_indonesian_structure_witness
chapter1-unit-011-d009,chapter1-unit-011.tex,10,Category diagram with a square marked \Box: X → Y (f); X → 0; Y → Y \dsqcup{X} 0; 0 → Y \dsqcup{X} 0; one square is marked \Box.,qa/DIAGRAM_SOURCE_INVENTORY.jsonl:43; source/en/chapter1-unit-011.tex:diagram 10; tikzcd; mapped_indonesian_structure_witness
chapter1-unit-011-d010,chapter1-unit-011.tex,11,Category diagram: T → X (h); X → Y (f); X → Y (g).,qa/DIAGRAM_SOURCE_INVENTORY.jsonl:44; source/en/chapter1-unit-011.tex:diagram 11; tikzcd; mapped_indonesian_structure_witness
chapter1-unit-011-d011,chapter1-unit-011.tex,12,Commutative diagram: \Ker(gf) → X \dtimes{Y} \Ker(g) (\sim); \Ker(gf) ↪ X; X \dtimes{Y} \Ker(g) ↪ X.,qa/DIAGRAM_SOURCE_INVENTORY.jsonl:45; source/en/chapter1-unit-011.tex:diagram 12; tikzcd; mapped_indonesian_structure_witness
chapter1-unit-011-d012,chapter1-unit-011.tex,13,Commutative diagram: Z \dsqcup{Y} \Coker(f) → \Coker(gf) (\sim); Z ↠ Z \dsqcup{Y} \Coker(f); Z ↠ \Coker(gf).,qa/DIAGRAM_SOURCE_INVENTORY.jsonl:46; source/en/chapter1-unit-011.tex:diagram 13; tikzcd; mapped_indonesian_structure_witness
chapter1-unit-011-d013,chapter1-unit-011.tex,14,Commutative diagram: \Ker(f) → X; \Ker(f) ⇒ \Ker(g) (\exists!); X → X' (a); X → Y (f); Y → Y' (b); \Ker(g) → X'; X' → Y' (g).,qa/DIAGRAM_SOURCE_INVENTORY.jsonl:47; source/en/chapter1-unit-011.tex:diagram 14; tikzcd; mapped_indonesian_structure_witness
chapter1-unit-011-d014,chapter1-unit-011.tex,15,Commutative diagram: X → X' (a); X → Y (f); Y → Y' (b); Y → \Coker(f); \Coker(f) ⇒ \Coker(g) . (\exists!); X' → Y' (g); Y' → \Coker(g) ..,qa/DIAGRAM_SOURCE_INVENTORY.jsonl:48; source/en/chapter1-unit-011.tex:diagram 15; tikzcd; mapped_indonesian_structure_witness
chapter1-unit-011-d015,chapter1-unit-011.tex,16,Category diagram: X → Y (f); X → X' (a); Y → Y' (b); X' → Y' (g).,qa/DIAGRAM_SOURCE_INVENTORY.jsonl:49; source/en/chapter1-unit-011.tex:diagram 16; tikzcd; mapped_indonesian_structure_witness
chapter1-unit-011-d016,chapter1-unit-011.tex,17,Commutative diagram: \Ker(kf) → X; \Ker(f) → X; \Ker(f) ↪ \Ker(kf) (\exists !).,qa/DIAGRAM_SOURCE_INVENTORY.jsonl:50; source/en/chapter1-unit-011.tex:diagram 17; tikzcd; mapped_indonesian_structure_witness
chapter1-unit-011-d017,chapter1-unit-011.tex,18,Commutative diagram: \Coker(fk') ↠ \Coker(f) (\exists !); Y → \Coker(fk'); Y → \Coker(f).,qa/DIAGRAM_SOURCE_INVENTORY.jsonl:51; source/en/chapter1-unit-011.tex:diagram 18; tikzcd; mapped_indonesian_structure_witness
chapter1-unit-011-d018,chapter1-unit-011.tex,19,"Category diagram: \Hom(T, \Ker(f)) → \left\{ g \in \Hom(T, X): fg=0 \right\} (1:1); \Hom(T, \Ker(kf)) → \left\{ g \in \Hom(T, X): kfg=0 \right\} (1:1).",qa/DIAGRAM_SOURCE_INVENTORY.jsonl:52; source/en/chapter1-unit-011.tex:diagram 19; tikzcd; mapped_indonesian_structure_witness
chapter1-unit-011-d019,chapter1-unit-011.tex,20,Category diagram: \Coim(f) → X/f^{-1}(0); X/f^{-1}(0) → \overline{\left\{ f(x): x \in X \right\}}; \overline{\left\{ f(x): x \in X \right\}} → \Image(f); x + f^{-1}(0) → f(x).,qa/DIAGRAM_SOURCE_INVENTORY.jsonl:53; source/en/chapter1-unit-011.tex:diagram 20; tikzcd; mapped_indonesian_structure_witness
chapter1-unit-012-d001,chapter1-unit-012.tex,1,"Bilinearity diagram for composition: \Hom(Y,Z)×\Hom(X,Y) maps by composition to \Hom(X,Z), and factors uniquely through the tensor product \Hom(Y,Z)\otimes_{\Bbbk}\Hom(X,Y) by a \Bbbk-module homomorphism.",qa/DIAGRAM_SOURCE_INVENTORY.jsonl:54; source/en/chapter1-unit-012.tex:diagram 1; tikzcd; mapped_indonesian_structure_witness
chapter1-unit-012-d002,chapter1-unit-012.tex,2,Category diagram: F: \mathcal{A} → \mathcal{A}' : G; \mathcal{A}' : G → F: \mathcal{A}.,qa/DIAGRAM_SOURCE_INVENTORY.jsonl:55; source/en/chapter1-unit-012.tex:diagram 2; tikzcd; mapped_indonesian_structure_witness
chapter1-unit-013-d001,chapter1-unit-013.tex,1,Commutative diagram: L → M; \alpha(i) → \alpha(j) (\alpha(i \to j)); \alpha(i) → M (g_i); \alpha(i) → L (f_i); \alpha(j) → M (g_j); \alpha(j) → L (f_j).,qa/DIAGRAM_SOURCE_INVENTORY.jsonl:56; source/en/chapter1-unit-013.tex:diagram 1; tikzcd; mapped_indonesian_structure_witness
chapter1-unit-013-d002,chapter1-unit-013.tex,2,"Commutative diagram: \alpha(i, j) → \alpha(i, j'); \alpha(i, j) → X(j) (\iota_{i, j}); \alpha(i, j') → X(j') (\iota_{i, j'}); X(j) → X(j') (X(j \to j')).",qa/DIAGRAM_SOURCE_INVENTORY.jsonl:57; source/en/chapter1-unit-013.tex:diagram 2; tikzcd; mapped_indonesian_structure_witness
chapter1-unit-013-d003,chapter1-unit-013.tex,3,"Commutative diagram with objects X(j), X(j'), alpha(i, j), L(j), L(j'). Arrows: X(j) maps to L(j), labeled phi_j; X(j) maps to X(j'), labeled X(j to j'); X(j') maps to L(j'), labeled phi_j'; alpha(i, j) maps to X(j), labeled iota_i,j; alpha(i, j) maps to L(j), labeled f_i, j; L(j) maps to L(j'), labeled L(j to j').",qa/DIAGRAM_SOURCE_INVENTORY.jsonl:58; source/en/chapter1-unit-013.tex:diagram 3; tikzcd; mapped_indonesian_structure_witness
chapter1-unit-014-d001,chapter1-unit-014.tex,1,Commutative diagram: i → Hj; i → Hj'; Hj → Hj' (Hf).,qa/DIAGRAM_SOURCE_INVENTORY.jsonl:59; source/en/chapter1-unit-014.tex:diagram 1; tikzcd; mapped_indonesian_structure_witness
chapter1-unit-014-d002,chapter1-unit-014.tex,2,Commutative diagram: Hj → i; Hj → Hj' . (Hf); Hj' . → i.,qa/DIAGRAM_SOURCE_INVENTORY.jsonl:60; source/en/chapter1-unit-014.tex:diagram 2; tikzcd; mapped_indonesian_structure_witness
chapter1-unit-014-d003,chapter1-unit-014.tex,3,Commutative diagram: (i'/H) → (i/H); (i'/H) → J (\Pi_{i'/}); (i/H) → J (\Pi_{i/}).,qa/DIAGRAM_SOURCE_INVENTORY.jsonl:61; source/en/chapter1-unit-014.tex:diagram 3; tikzcd; mapped_indonesian_structure_witness
chapter1-unit-014-d004,chapter1-unit-014.tex,4,Commutative diagram: (H/i) → (H/i') .; (H/i) → J (\Pi_{/i}); (H/i') . → J (\Pi_{/i'}).,qa/DIAGRAM_SOURCE_INVENTORY.jsonl:62; source/en/chapter1-unit-014.tex:diagram 4; tikzcd; mapped_indonesian_structure_witness
chapter1-unit-014-d005,chapter1-unit-014.tex,5,Category diagram: i → H(j); i → H(j''); i → H(j'); H(j'') → H(j) (H(j'' \to j)); H(j'') → H(j') (H(j'' \to j')).,qa/DIAGRAM_SOURCE_INVENTORY.jsonl:63; source/en/chapter1-unit-014.tex:diagram 5; tikzcd; mapped_indonesian_structure_witness
chapter1-unit-014-d006,chapter1-unit-014.tex,6,Commutative diagram: j → k; j' → k; j → j; j' → j'; i → j; i → k; i → j'.,qa/DIAGRAM_SOURCE_INVENTORY.jsonl:64; source/en/chapter1-unit-014.tex:diagram 6; tikzcd; mapped_indonesian_structure_witness
chapter1-unit-014-d007,chapter1-unit-014.tex,7,"Canonical isomorphism \varprojlim_{i\in\Obj(I)}X_i ≅ \varprojlim_{J\in\mathrm{OFin}_I^{\opp}}\varprojlim_{j\in\Obj(J)}X_j, sending (x_i)_i to the compatible family ((x_j)_{j\in\Obj(J)})_J.",qa/DIAGRAM_SOURCE_INVENTORY.jsonl:65; source/en/chapter1-unit-014.tex:diagram 7; tikzcd; mapped_indonesian_structure_witness
chapter1-unit-015-d001,chapter1-unit-015.tex,1,Category diagram: \mathcal{C} → \mathcal{D} (K); \mathcal{C} → \mathcal{E} (F); \mathcal{D} → \mathcal{E} (\exists ? \; L).,qa/DIAGRAM_SOURCE_INVENTORY.jsonl:66; source/en/chapter1-unit-015.tex:diagram 1; tikzcd; mapped_indonesian_structure_witness
chapter1-unit-015-d002,chapter1-unit-015.tex,2,Category diagram: \mathcal{C} → \mathcal{D} (K); \mathcal{C} → \mathcal{E} (F); \mathcal{D} → \mathcal{E} (L); \mathcal{D} ⇒ \mathcal{D} (\xi).,qa/DIAGRAM_SOURCE_INVENTORY.jsonl:67; source/en/chapter1-unit-015.tex:diagram 2; tikzcd; mapped_indonesian_structure_witness
chapter1-unit-015-d003,chapter1-unit-015.tex,3,Left Kan-extension 2-cell diagram. Functors K:\mathcal{C}→\mathcal{D} and F:\mathcal{C}→\mathcal{E}; the two functors \mathcal{D}→\mathcal{E} are \Lan_K F and L. Natural transformations \eta:F⇒(\Lan_K F)K and \chi:\Lan_K F⇒L express \xi=(\chi K)\eta.,qa/DIAGRAM_SOURCE_INVENTORY.jsonl:68; source/en/chapter1-unit-015.tex:diagram 3; tikzcd; mapped_indonesian_structure_witness
chapter1-unit-015-d004,chapter1-unit-015.tex,4,Category diagram: \mathcal{C} → \mathcal{D} (K); \mathcal{C} → \mathcal{E} (F); \mathcal{D} → \mathcal{E} (R); \mathcal{D} ⇒ \mathcal{D} (\delta).,qa/DIAGRAM_SOURCE_INVENTORY.jsonl:69; source/en/chapter1-unit-015.tex:diagram 4; tikzcd; mapped_indonesian_structure_witness
chapter1-unit-015-d005,chapter1-unit-015.tex,5,Right Kan-extension 2-cell diagram. Functors K:\mathcal{C}→\mathcal{D} and F:\mathcal{C}→\mathcal{E}; the two functors \mathcal{D}→\mathcal{E} are \Ran_K F and R. Natural transformations \varepsilon:(\Ran_K F)K⇒F and \theta:R⇒\Ran_K F express \delta=\varepsilon(\theta K).,qa/DIAGRAM_SOURCE_INVENTORY.jsonl:70; source/en/chapter1-unit-015.tex:diagram 5; tikzcd; mapped_indonesian_structure_witness
chapter1-unit-015-d006,chapter1-unit-015.tex,6,Category diagram: \mathcal{C} → \mathbf{1} (!); \mathcal{C} → \mathcal{E} (F).,qa/DIAGRAM_SOURCE_INVENTORY.jsonl:71; source/en/chapter1-unit-015.tex:diagram 6; tikzcd; mapped_indonesian_structure_witness
chapter1-unit-015-d007,chapter1-unit-015.tex,7,Category diagram: F: \mathcal{C} → \mathcal{D}: G; \mathcal{D}: G → F: \mathcal{C}.,qa/DIAGRAM_SOURCE_INVENTORY.jsonl:72; source/en/chapter1-unit-015.tex:diagram 7; tikzcd; mapped_indonesian_structure_witness
chapter1-unit-015-d008,chapter1-unit-015.tex,8,Category diagram: G^*: \mathcal{C}^{\mathcal{C}} → \mathcal{C}^{\mathcal{D}}: F^*; \mathcal{C}^{\mathcal{D}}: F^* → G^*: \mathcal{C}^{\mathcal{C}}.,qa/DIAGRAM_SOURCE_INVENTORY.jsonl:73; source/en/chapter1-unit-015.tex:diagram 8; tikzcd; mapped_indonesian_structure_witness
chapter1-unit-015-d009,chapter1-unit-015.tex,9,Category diagram: \mathcal{C} → \mathcal{D} (K); \mathcal{C} → \mathcal{E} (F); \mathcal{D} → \mathcal{E} (\Ran_K F); \mathcal{D} ⇒ \mathcal{D} (\varepsilon); \mathcal{E} → \mathcal{F} (M).,qa/DIAGRAM_SOURCE_INVENTORY.jsonl:74; source/en/chapter1-unit-015.tex:diagram 9; tikzcd; mapped_indonesian_structure_witness
chapter1-unit-015-d010,chapter1-unit-015.tex,10,Category diagram: \mathcal{C} → \mathcal{F} (MF); \mathcal{C} → \mathcal{D} (K); \mathcal{D} → \mathcal{F} (M \Ran_K F); \mathcal{D} ⇒ \mathcal{D} (M\varepsilon).,qa/DIAGRAM_SOURCE_INVENTORY.jsonl:75; source/en/chapter1-unit-015.tex:diagram 10; tikzcd; mapped_indonesian_structure_witness
chapter1-unit-015-d011,chapter1-unit-015.tex,11,Category diagram: \mathcal{C} → \mathcal{D} (K); \mathcal{C} → \mathcal{E} (F); \mathcal{D} → \mathcal{E} (\Lan_K F); \mathcal{D} ⇒ \mathcal{D} (\eta); \mathcal{E} → \mathcal{F} (M).,qa/DIAGRAM_SOURCE_INVENTORY.jsonl:76; source/en/chapter1-unit-015.tex:diagram 11; tikzcd; mapped_indonesian_structure_witness
chapter1-unit-015-d012,chapter1-unit-015.tex,12,Category diagram: \mathcal{C} → \mathcal{F} (MF); \mathcal{C} → \mathcal{D} (K); \mathcal{D} → \mathcal{F} (M \Lan_K F); \mathcal{D} ⇒ \mathcal{D} (M\eta).,qa/DIAGRAM_SOURCE_INVENTORY.jsonl:77; source/en/chapter1-unit-015.tex:diagram 12; tikzcd; mapped_indonesian_structure_witness
chapter1-unit-015-diagram-013,chapter1-unit-015.tex,13,"Paired functors F:C to C' and G:C' to C, shown by opposing arrows.",qa/DIAGRAM_SOURCE_INVENTORY.jsonl:78; source/en/chapter1-unit-015.tex:diagram 13; tikzcd; mapped_indonesian_structure_witness
chapter1-unit-015-d013,chapter1-unit-015.tex,14,Category diagram: \mathcal{C} → \mathcal{C}' (F); \mathcal{C} → \mathcal{D} (K); \mathcal{C}' → \mathcal{D}' (K'); \mathcal{D} → \mathcal{D}' (\mathrm{L}F); \mathcal{D} ⇒ \mathcal{C}' (\alpha).,qa/DIAGRAM_SOURCE_INVENTORY.jsonl:79; source/en/chapter1-unit-015.tex:diagram 14; tikzcd; mapped_indonesian_structure_witness
chapter1-unit-015-d014,chapter1-unit-015.tex,15,Category diagram: \mathcal{C}' → \mathcal{C} (G); \mathcal{C}' → \mathcal{D}' (K'); \mathcal{C} → \mathcal{D} . (K); \mathcal{C} ⇒ \mathcal{D}' (\beta); \mathcal{D}' → \mathcal{D} . (\mathrm{R}G).,qa/DIAGRAM_SOURCE_INVENTORY.jsonl:80; source/en/chapter1-unit-015.tex:diagram 15; tikzcd; mapped_indonesian_structure_witness
chapter1-unit-015-d015,chapter1-unit-015.tex,16,Category diagram: \mathcal{C} → \mathcal{C}'; \mathcal{C} → \mathcal{C} (\identity_{\mathcal{C}}); \mathcal{C}' → \mathcal{C}; \mathcal{C}' → \mathcal{D}'; \mathcal{C}' ⇒ \mathcal{C}' (\eta); \mathcal{C} → \mathcal{D}; \mathcal{C} ⇒ \mathcal{D}' (\beta); \mathcal{D}' → \mathcal{D} (\mathrm{R}G).,qa/DIAGRAM_SOURCE_INVENTORY.jsonl:81; source/en/chapter1-unit-015.tex:diagram 16; tikzcd; mapped_indonesian_structure_witness
chapter1-unit-015-d016,chapter1-unit-015.tex,17,"Pasting diagram characterizing the derived unit \underline{\eta}: the composite built from \eta and \beta equals the composite built from \alpha and \underline{\eta}, between the functors through \mathcal{C}, \mathcal{C}', \mathcal{D}, and \mathcal{D}'.",qa/DIAGRAM_SOURCE_INVENTORY.jsonl:82; source/en/chapter1-unit-015.tex:diagram 17; tikzcd; mapped_indonesian_structure_witness
chapter1-unit-015-d017,chapter1-unit-015.tex,18,Pasting diagram for the derived counit: the original counit \varepsilon is pasted with \alpha along \mathcal{C}'→\mathcal{C}→\mathcal{D}→\mathcal{D}'.,qa/DIAGRAM_SOURCE_INVENTORY.jsonl:83; source/en/chapter1-unit-015.tex:diagram 18; tikzcd; mapped_indonesian_structure_witness
chapter1-unit-015-d018,chapter1-unit-015.tex,19,Equivalent pasting diagram characterizing \underline{\varepsilon}: the route \mathcal{C}'→\mathcal{D}'→^{\mathrm{R}G}\mathcal{D}→^{\mathrm{L}F}\mathcal{D}' is contracted to \identity_{\mathcal{D}'}.,qa/DIAGRAM_SOURCE_INVENTORY.jsonl:84; source/en/chapter1-unit-015.tex:diagram 19; tikzcd; mapped_indonesian_structure_witness
chapter1-unit-015-d019,chapter1-unit-015.tex,20,Category diagram: \mathcal{C}' → \mathcal{C} (G); \mathcal{C}' → \mathcal{D}' (K'); \mathcal{C} → \mathcal{D} (K); \mathcal{C} ⇒ \mathcal{D}' (\beta); \mathcal{D}' → \mathcal{D} (\mathrm{R}G); \mathcal{D} → \mathcal{D}' (\mathrm{L}F).,qa/DIAGRAM_SOURCE_INVENTORY.jsonl:85; source/en/chapter1-unit-015.tex:diagram 20; tikzcd; mapped_indonesian_structure_witness
chapter1-unit-015-d020,chapter1-unit-015.tex,21,"2-cell diagram for \varepsilon(\alpha G): \mathcal{C}'→^G\mathcal{C}→^F\mathcal{C}' above \mathcal{C}→^K\mathcal{D}→^{\mathrm{L}F}\mathcal{D}', with \varepsilon and \alpha forming the comparison to K'.",qa/DIAGRAM_SOURCE_INVENTORY.jsonl:86; source/en/chapter1-unit-015.tex:diagram 21; tikzcd; mapped_indonesian_structure_witness
chapter1-unit-015-d021,chapter1-unit-015.tex,22,Category diagram: \mathcal{D}' → \mathcal{D}; \mathcal{D}' → \mathcal{D}' (\identity); \mathcal{D} → \mathcal{D}'; \mathcal{D} → \mathcal{D} (\identity); \mathcal{D} ⇒ \mathcal{D}; \mathcal{D}' ⇒ \mathcal{D}'.,qa/DIAGRAM_SOURCE_INVENTORY.jsonl:87; source/en/chapter1-unit-015.tex:diagram 22; tikzcd; mapped_indonesian_structure_witness
chapter1-unit-015-d022,chapter1-unit-015.tex,23,Category diagram: \mathcal{D}' → \mathcal{D} (\mathrm{R}G); \mathcal{D} ⇒ \mathcal{D} (\identity).,qa/DIAGRAM_SOURCE_INVENTORY.jsonl:88; source/en/chapter1-unit-015.tex:diagram 23; tikzcd; mapped_indonesian_structure_witness
chapter1-unit-015-d023,chapter1-unit-015.tex,24,Category diagram: \mathcal{D} → \mathcal{D}'; \mathcal{D} → \mathcal{D} (\identity); \mathcal{D}' → \mathcal{D}; \mathcal{D}' ⇒ \mathcal{D}'; \mathcal{D}' → \mathcal{D}' (\identity); \mathcal{D} ⇒ \mathcal{D}.,qa/DIAGRAM_SOURCE_INVENTORY.jsonl:89; source/en/chapter1-unit-015.tex:diagram 24; tikzcd; mapped_indonesian_structure_witness
chapter1-unit-015-d024,chapter1-unit-015.tex,25,Category diagram: \mathcal{D} → \mathcal{D}' (\mathrm{L}F); \mathcal{D}' ⇒ \mathcal{D}' (\identity).,qa/DIAGRAM_SOURCE_INVENTORY.jsonl:90; source/en/chapter1-unit-015.tex:diagram 25; tikzcd; mapped_indonesian_structure_witness
chapter1-unit-015-d025,chapter1-unit-015.tex,26,Category diagram: \mathcal{C}' → \mathcal{C}; \mathcal{C}' → \mathcal{D}'; \mathcal{C} → \mathcal{D}; \mathcal{C} ⇒ \mathcal{D}'; \mathcal{D}' → \mathcal{D}; \mathcal{D}' → \mathcal{D}' (\identity); \mathcal{D} → \mathcal{D}'; \mathcal{D} → \mathcal{D} (\identity); and 2 other arrows.,qa/DIAGRAM_SOURCE_INVENTORY.jsonl:91; source/en/chapter1-unit-015.tex:diagram 26; tikzcd; mapped_indonesian_structure_witness
chapter1-unit-015-d026,chapter1-unit-015.tex,27,Category diagram: \mathcal{C}' → \mathcal{C}; \mathcal{C}' → \mathcal{C}' (\identity); \mathcal{C} → \mathcal{C}'; \mathcal{C} → \mathcal{D}; \mathcal{C} ⇒ \mathcal{C} (\varepsilon); \mathcal{C}' → \mathcal{D}'; \mathcal{D} → \mathcal{D}'; \mathcal{D} → \mathcal{D} (\identity); and 3 other arrows.,qa/DIAGRAM_SOURCE_INVENTORY.jsonl:92; source/en/chapter1-unit-015.tex:diagram 27; tikzcd; mapped_indonesian_structure_witness
chapter1-unit-015-d027,chapter1-unit-015.tex,28,"Triangle-identity pasting: the counit \varepsilon and unit \eta cancel inside the composite with \beta, leaving the identity 2-cell on the original comparison \beta.",qa/DIAGRAM_SOURCE_INVENTORY.jsonl:93; source/en/chapter1-unit-015.tex:diagram 28; tikzcd; mapped_indonesian_structure_witness
chapter1-unit-015-d028,chapter1-unit-015.tex,29,Category diagram: \mathcal{C}' → \mathcal{C}; \mathcal{C}' → \mathcal{D}'; \mathcal{C} → \mathcal{D}; \mathcal{C} ⇒ \mathcal{D}' (\beta); \mathcal{D}' → \mathcal{D}; \mathcal{D} ⇒ \mathcal{D} (\identity).,qa/DIAGRAM_SOURCE_INVENTORY.jsonl:94; source/en/chapter1-unit-015.tex:diagram 29; tikzcd; mapped_indonesian_structure_witness
chapter1-unit-015-d029,chapter1-unit-015.tex,30,Category diagram: \mathcal{C}' → \mathcal{C}; \mathcal{C}' → \mathcal{D}'; \mathcal{C} → \mathcal{D}; \mathcal{C} ⇒ \mathcal{D}' (\beta); \mathcal{D}' → \mathcal{D}; \mathcal{D} ⇒ \mathcal{D} (\identity).,qa/DIAGRAM_SOURCE_INVENTORY.jsonl:95; source/en/chapter1-unit-015.tex:diagram 30; tikzcd; mapped_indonesian_structure_witness
chapter1-unit-016-d001,chapter1-unit-016.tex,1,Commutative diagram: Fc → Fc; Fc → \varinjlim F \Pi_{/d}; Fc → \varinjlim F \Pi_{/d'}; \varinjlim F \Pi_{/d} → \varinjlim F \Pi_{/d'}.,qa/DIAGRAM_SOURCE_INVENTORY.jsonl:96; source/en/chapter1-unit-016.tex:diagram 1; tikzcd; mapped_indonesian_structure_witness
chapter1-unit-016-d002,chapter1-unit-016.tex,2,Commutative diagram: Fc → Fc'; Fc → \varinjlim F \Pi_{/Kc} (\eta_c); Fc' → \varinjlim F \Pi_{/Kc'} . (\eta_{c'}); \varinjlim F \Pi_{/Kc} → \varinjlim F \Pi_{/Kc'} ..,qa/DIAGRAM_SOURCE_INVENTORY.jsonl:97; source/en/chapter1-unit-016.tex:diagram 2; tikzcd; mapped_indonesian_structure_witness
chapter1-unit-016-d003,chapter1-unit-016.tex,3,Commutative diagram: Fc → LKc (\xi_c); Fc → Fc' (Ff); LKc → LKc' (LKf); LKc → Ld .; Fc' → LKc' (\xi_{c'}); LKc' → Ld ..,qa/DIAGRAM_SOURCE_INVENTORY.jsonl:98; source/en/chapter1-unit-016.tex:diagram 3; tikzcd; mapped_indonesian_structure_witness
chapter1-unit-016-d004,chapter1-unit-016.tex,4,Commutative diagram: Fc → (\Lan_K F)(d); Fc → LKc (\xi_c); (\Lan_K F)(d) → Ld (\chi_d); LKc → Ld (L(Kc \to d)).,qa/DIAGRAM_SOURCE_INVENTORY.jsonl:99; source/en/chapter1-unit-016.tex:diagram 4; tikzcd; mapped_indonesian_structure_witness
chapter1-unit-016-d005,chapter1-unit-016.tex,5,Commutative diagram: Ld → Ld' (L(d \to d')); Fc → LKc (\xi_c); LKc → Ld (L(Kc \to d)); LKc → Ld' (L(Kc \to d')).,qa/DIAGRAM_SOURCE_INVENTORY.jsonl:100; source/en/chapter1-unit-016.tex:diagram 5; tikzcd; mapped_indonesian_structure_witness
chapter1-unit-016-d006,chapter1-unit-016.tex,6,Category diagram: Fc → (\Lan_K F)(Kc) (\eta_c); Fc → (\Lan_K F)(d); (\Lan_K F)(Kc) → (\Lan_K F)(d) ((\Lan_K F)(Kc \to d)); (\Lan_K F)(Kc) → LKc (\chi_{Kc}); (\Lan_K F)(d) → Ld (\chi_d); LKc → Ld (L(Kc \to d)).,qa/DIAGRAM_SOURCE_INVENTORY.jsonl:101; source/en/chapter1-unit-016.tex:diagram 6; tikzcd; mapped_indonesian_structure_witness
chapter1-unit-017-diagram-001,chapter1-unit-017.tex,1,"Commutative diagram with objects C[S^-1], C[S^-1]'. Arrows: C[S^-1] maps to C[S^-1]', labeled G; C[S^-1]' maps to C[S^-1], labeled G'.",qa/DIAGRAM_SOURCE_INVENTORY.jsonl:102; source/en/chapter1-unit-017.tex:diagram 1; tikzcd; mapped_indonesian_structure_witness
chapter1-unit-017-d001,chapter1-unit-017.tex,2,Category diagram: \cdots → X; Y → X (s); Y → Z (a); W → Z (t); W → U (b); \cdots → U.,qa/DIAGRAM_SOURCE_INVENTORY.jsonl:103; source/en/chapter1-unit-017.tex:diagram 2; tikzcd; mapped_indonesian_structure_witness
chapter1-unit-017-d002,chapter1-unit-017.tex,3,Category diagram: A\underline{X} → B\underline{X} (\tilde{\varphi}_{\underline{X}}); A\underline{X} → A\underline{Y} (Af); B\underline{X} → B\underline{Y} . (Bf); A\underline{Y} → B\underline{Y} . (\tilde{\varphi}_{\underline{Y}}).,qa/DIAGRAM_SOURCE_INVENTORY.jsonl:104; source/en/chapter1-unit-017.tex:diagram 3; tikzcd; mapped_indonesian_structure_witness
chapter1-unit-017-diagram-004,chapter1-unit-017.tex,4,"Commutative diagram with objects X, W, Z, Y. Arrows: X maps to Z, labeled s in S; a dashed W maps to X, labeled f'; a dashed W maps to Y, labeled s' in S; Y maps to Z, labeled f.",qa/DIAGRAM_SOURCE_INVENTORY.jsonl:105; source/en/chapter1-unit-017.tex:diagram 4; tikzcd; mapped_indonesian_structure_witness
chapter1-unit-017-d003,chapter1-unit-017.tex,5,Commutative diagram: X → Z (s \in S); W → X (f'); W → Y (s' \in S); Y → Z (f).,qa/DIAGRAM_SOURCE_INVENTORY.jsonl:106; source/en/chapter1-unit-017.tex:diagram 5; tikzcd; mapped_indonesian_structure_witness
chapter1-unit-017-d004,chapter1-unit-017.tex,6,"Commutative diagram for condition S4. Morphisms t:Z→X and s:Y→W belong to S, and f,g:X→Y satisfy sf=sg; the dashed t is chosen so that ft=gt.",qa/DIAGRAM_SOURCE_INVENTORY.jsonl:107; source/en/chapter1-unit-017.tex:diagram 6; tikzcd; mapped_indonesian_structure_witness
chapter1-unit-017-d005,chapter1-unit-017.tex,7,Category diagram: X \& Z ↪ node on the left; X \& Z → \& W; \& W ↪ node at upper left.,qa/DIAGRAM_SOURCE_INVENTORY.jsonl:108; source/en/chapter1-unit-017.tex:diagram 7; tikzcd; mapped_indonesian_structure_witness
chapter1-unit-017-d006,chapter1-unit-017.tex,8,Category diagram: X \& Z ↪ node on the right; X \& Z ↪ node at lower right; X \& Z → \& W.,qa/DIAGRAM_SOURCE_INVENTORY.jsonl:109; source/en/chapter1-unit-017.tex:diagram 8; tikzcd; mapped_indonesian_structure_witness
chapter1-unit-017-d007,chapter1-unit-017.tex,9,Commutative diagram: Z → W (j'); X ↪ Z (i); X ↪ Z' (j); Z' ↪ W (i').,qa/DIAGRAM_SOURCE_INVENTORY.jsonl:110; source/en/chapter1-unit-017.tex:diagram 9; tikzcd; mapped_indonesian_structure_witness
chapter1-unit-017-diagram-010,chapter1-unit-017.tex,10,"Commutative diagram with objects i, j, k. Arrows: i maps to j, labeled f; i maps to j, labeled g; j maps to k, labeled h.",qa/DIAGRAM_SOURCE_INVENTORY.jsonl:111; source/en/chapter1-unit-017.tex:diagram 10; tikzcd; mapped_indonesian_structure_witness
chapter1-unit-017-diagram-011,chapter1-unit-017.tex,11,"Commutative diagram with objects X, Z, Y. Arrows: Z includes into X, labeled s; Z maps to Y, labeled a.",qa/DIAGRAM_SOURCE_INVENTORY.jsonl:112; source/en/chapter1-unit-017.tex:diagram 11; tikzcd; mapped_indonesian_structure_witness
chapter1-unit-017-diagram-012,chapter1-unit-017.tex,12,"Commutative diagram with objects X, Z, Y. Arrows: X maps to Z, labeled a; Y includes into Z, labeled s.",qa/DIAGRAM_SOURCE_INVENTORY.jsonl:113; source/en/chapter1-unit-017.tex:diagram 12; tikzcd; mapped_indonesian_structure_witness
chapter1-unit-017-d008,chapter1-unit-017.tex,13,Category diagram: Z ↪ X (s); Z → Y (a).,qa/DIAGRAM_SOURCE_INVENTORY.jsonl:114; source/en/chapter1-unit-017.tex:diagram 13; tikzcd; mapped_indonesian_structure_witness
chapter1-unit-017-d009,chapter1-unit-017.tex,14,Category diagram: X → Z (a); Y ↪ Z (s).,qa/DIAGRAM_SOURCE_INVENTORY.jsonl:115; source/en/chapter1-unit-017.tex:diagram 14; tikzcd; mapped_indonesian_structure_witness
chapter1-unit-017-d010,chapter1-unit-017.tex,15,"Commutative diagram with objects M_X, Y^l /isomorphism, direct limit_substack[X leftarrowtail Z] in Obj(S_/X^op) Hom(Z, Y), [Z; s, a], [ Z xrightarrowa Y ]. Arrows: M_X, Y^l /isomorphism maps to direct limit_substack[X leftarrowtail Z] in Obj(S_/X^op) Hom(Z, Y), labeled 1:1; [Z; s, a] maps to [ Z xrightarrowa Y ].",qa/DIAGRAM_SOURCE_INVENTORY.jsonl:116; source/en/chapter1-unit-017.tex:diagram 15; tikzcd; mapped_indonesian_structure_witness
chapter1-unit-017-d011,chapter1-unit-017.tex,16,"Commutative diagram with objects M_X, Y^r /isomorphism, direct limit_substack[Y inclusion into Z] in Obj(S_Y/) Hom(X, Z), [Z; a, s], [ X xrightarrowa Z ]. Arrows: M_X, Y^r /isomorphism maps to direct limit_substack[Y inclusion into Z] in Obj(S_Y/) Hom(X, Z), labeled 1:1; [Z; a, s] maps to [ X xrightarrowa Z ].",qa/DIAGRAM_SOURCE_INVENTORY.jsonl:117; source/en/chapter1-unit-017.tex:diagram 16; tikzcd; mapped_indonesian_structure_witness
chapter1-unit-017-d012,chapter1-unit-017.tex,17,Commutative diagram: W ↪ U (r); W → V (c); U ↪ X (s); U → Y (a); V ↪ Y (t); V → Z (b).,qa/DIAGRAM_SOURCE_INVENTORY.jsonl:118; source/en/chapter1-unit-017.tex:diagram 17; tikzcd; mapped_indonesian_structure_witness
chapter1-unit-017-d013,chapter1-unit-017.tex,18,Commutative diagram: U ↪ X (s); U → Y (a); W ↪ U (r); W → V (c); V → Z . (b); V ↪ Y (t); U' ↪ X (s'); U' → Y (a'); and 3 other arrows.,qa/DIAGRAM_SOURCE_INVENTORY.jsonl:119; source/en/chapter1-unit-017.tex:diagram 18; tikzcd; mapped_indonesian_structure_witness
chapter1-unit-017-d014,chapter1-unit-017.tex,19,Category diagram: Q ↪ W' (k); Q → W (q); W ↪ U (r); W' → U (xr').,qa/DIAGRAM_SOURCE_INVENTORY.jsonl:120; source/en/chapter1-unit-017.tex:diagram 19; tikzcd; mapped_indonesian_structure_witness
chapter1-unit-017-d015,chapter1-unit-017.tex,20,Category diagram: W ↪ X (sr); W → Z (bc); P → Z (bc'kw); P ↪ X (s'r'kw); P → W (qw); P → W' (kw); W' ↪ X (s'r'); W' → Z (bc').,qa/DIAGRAM_SOURCE_INVENTORY.jsonl:121; source/en/chapter1-unit-017.tex:diagram 20; tikzcd; mapped_indonesian_structure_witness
chapter1-unit-017-d016,chapter1-unit-017.tex,21,Commutative diagram: \bullet ↪ \bullet; \bullet → \bullet; \bullet ↪ A; \bullet → B; \bullet ↪ B; \bullet → C; A ↪ X (s); A → Y (a); and 4 other arrows.,qa/DIAGRAM_SOURCE_INVENTORY.jsonl:122; source/en/chapter1-unit-017.tex:diagram 21; tikzcd; mapped_indonesian_structure_witness
chapter1-unit-017-d017,chapter1-unit-017.tex,22,Category diagram: X → X; X → Y (f); Y → Y; Y → Z (g).,qa/DIAGRAM_SOURCE_INVENTORY.jsonl:123; source/en/chapter1-unit-017.tex:diagram 22; tikzcd; mapped_indonesian_structure_witness
chapter1-unit-017-d018,chapter1-unit-017.tex,23,Category diagram: X ↪ Y (f); X → Y (f); Y → Y.,qa/DIAGRAM_SOURCE_INVENTORY.jsonl:124; source/en/chapter1-unit-017.tex:diagram 23; tikzcd; mapped_indonesian_structure_witness
chapter1-unit-017-d019,chapter1-unit-017.tex,24,Category diagram: X → X; X → Y (f); X ↪ Y (f).,qa/DIAGRAM_SOURCE_INVENTORY.jsonl:125; source/en/chapter1-unit-017.tex:diagram 24; tikzcd; mapped_indonesian_structure_witness
chapter1-unit-017-d020,chapter1-unit-017.tex,25,Category diagram: X → X; X ↪ Y (f).,qa/DIAGRAM_SOURCE_INVENTORY.jsonl:126; source/en/chapter1-unit-017.tex:diagram 25; tikzcd; mapped_indonesian_structure_witness
chapter1-unit-017-d021,chapter1-unit-017.tex,26,Commutative diagram: X → X; X → Y (f); U ↪ X (s); U → Y (a); U → X; X → Y (g).,qa/DIAGRAM_SOURCE_INVENTORY.jsonl:127; source/en/chapter1-unit-017.tex:diagram 26; tikzcd; mapped_indonesian_structure_witness
chapter1-unit-018-d001,chapter1-unit-018.tex,1,Commutative diagram: \mathcal{C} → \mathcal{C}{[S^{-1}]} (Q); \mathcal{C} → \mathcal{E} (F); \mathcal{C}{[S^{-1}]} → \mathcal{E} (\exists?).,qa/DIAGRAM_SOURCE_INVENTORY.jsonl:128; source/en/chapter1-unit-018.tex:diagram 1; tikzcd; mapped_indonesian_structure_witness
chapter1-unit-018-d002,chapter1-unit-018.tex,2,Category diagram: X ↪ Z (t \in T); W → X (f'); W ↪ Y (s' \in S); Y → Z (f).,qa/DIAGRAM_SOURCE_INVENTORY.jsonl:129; source/en/chapter1-unit-018.tex:diagram 2; tikzcd; mapped_indonesian_structure_witness
chapter1-unit-018-d003,chapter1-unit-018.tex,3,"Category diagram: Y → U; U → U; X ↪ U; X → X; (Y, QY \to \underline{X}) → (U, QU \to \underline{X}) (a).",qa/DIAGRAM_SOURCE_INVENTORY.jsonl:130; source/en/chapter1-unit-018.tex:diagram 3; tikzcd; mapped_indonesian_structure_witness
chapter1-unit-018-d004,chapter1-unit-018.tex,4,Commutative diagram: V_1 → W (u_1); Y → W (b); Y → V_1 (b_1); Y → V_2 (b_2); X ↪ W (u); X ↪ V_1 (t_1); X ↪ V_2 (t_2); V_2 → W (u_2).,qa/DIAGRAM_SOURCE_INVENTORY.jsonl:131; source/en/chapter1-unit-018.tex:diagram 4; tikzcd; mapped_indonesian_structure_witness
chapter1-unit-018-d005,chapter1-unit-018.tex,5,"Commutative diagram with objects C[S^-1], E, I[T^-1]. Arrows: C[S^-1] maps to E, labeled Ran_Q F or Lan_Q F; I[T^-1] maps to C[S^-1], labeled equivalence; I[T^-1] maps to E.",qa/DIAGRAM_SOURCE_INVENTORY.jsonl:132; source/en/chapter1-unit-018.tex:diagram 5; tikzcd; mapped_indonesian_structure_witness
chapter1-unit-018-d006,chapter1-unit-018.tex,6,Commutative diagram: \mathcal{C} → {\mathcal{C}[S^{-1}]} (Q); \mathcal{C} → \mathcal{E} (F); \mathcal{I} → \mathcal{C} (\iota); \mathcal{I} → {\mathcal{I}[T^{-1}]} (Q'); {\mathcal{I}[T^{-1}]} → {\mathcal{C}[S^{-1}]} (\iota_Q); {\mathcal{I}[T^{-1}]} → \mathcal{E} (F').,qa/DIAGRAM_SOURCE_INVENTORY.jsonl:133; source/en/chapter1-unit-018.tex:diagram 6; tikzcd; mapped_indonesian_structure_witness
chapter1-unit-018-d007,chapter1-unit-018.tex,7,Category diagram: X ↪ U; X → X.,qa/DIAGRAM_SOURCE_INVENTORY.jsonl:134; source/en/chapter1-unit-018.tex:diagram 7; tikzcd; mapped_indonesian_structure_witness
chapter1-unit-018-d008,chapter1-unit-018.tex,8,Commutative diagram: \mathcal{I} ↪ \mathcal{C}; \mathcal{I} → \mathcal{I}[T^{-1}]; \mathcal{C} → \mathcal{E} (F); \mathcal{E} → \mathcal{F} (M); \mathcal{I}[T^{-1}] → \mathcal{E} (F'); \mathcal{I}[T^{-1}] → \mathcal{F} (MF').,qa/DIAGRAM_SOURCE_INVENTORY.jsonl:135; source/en/chapter1-unit-018.tex:diagram 8; tikzcd; mapped_indonesian_structure_witness
chapter1-unit-019-d001,chapter1-unit-019.tex,1,Category diagram: F: \mathcal{C} → \mathcal{D}: G; \mathcal{D}: G → F: \mathcal{C}.,qa/DIAGRAM_SOURCE_INVENTORY.jsonl:136; source/en/chapter1-unit-019.tex:diagram 1; tikzcd; mapped_indonesian_structure_witness
chapter1-unit-019-d002,chapter1-unit-019.tex,2,Category diagram: Gd_0 → Gd (G\alpha); c → Gd_0 (\beta_0); c → Gd (\beta).,qa/DIAGRAM_SOURCE_INVENTORY.jsonl:137; source/en/chapter1-unit-019.tex:diagram 2; tikzcd; mapped_indonesian_structure_witness
chapter1-unit-019-d003,chapter1-unit-019.tex,3,"Category diagram: \Hom_{\mathcal{D}}(d_0, d) → \Hom_{\mathcal{C}}(c, Gd); \alpha → \beta := (G\alpha) \beta_0.",qa/DIAGRAM_SOURCE_INVENTORY.jsonl:138; source/en/chapter1-unit-019.tex:diagram 3; tikzcd; mapped_indonesian_structure_witness
chapter1-unit-019-d004,chapter1-unit-019.tex,4,Category diagram: c → \varprojlim_j Gd_j (\exists!); c → Gd_{j'} (f_{j'}); \varprojlim_j Gd_j → Gd_{j'}; G (\varprojlim_j d_j) → \varprojlim_j Gd_j (\exists!); G (\varprojlim_j d_j) → Gd_{j'}.,qa/DIAGRAM_SOURCE_INVENTORY.jsonl:139; source/en/chapter1-unit-019.tex:diagram 4; tikzcd; mapped_indonesian_structure_witness
chapter1-unit-019-d005,chapter1-unit-019.tex,5,Category diagram: a → a (\identity_a); a → b (f).,qa/DIAGRAM_SOURCE_INVENTORY.jsonl:140; source/en/chapter1-unit-019.tex:diagram 5; tikzcd; mapped_indonesian_structure_witness
chapter1-unit-019-d006,chapter1-unit-019.tex,6,"Bijection i_*:\Hom_{\mathcal{E}}(t,x)→{\phi\in\Hom_{\mathcal{E}}(t,e): \theta\phi=\theta'\phi for all \theta,\theta'\in\End_{\mathcal{E}}(e)}, sending \psi to i\psi.",qa/DIAGRAM_SOURCE_INVENTORY.jsonl:141; source/en/chapter1-unit-019.tex:diagram 6; tikzcd; mapped_indonesian_structure_witness
chapter1-unit-019-d007,chapter1-unit-019.tex,7,"Category diagram with a square marked \Box: z → y; z → e (j); y ↪ \prod_{s \in \Sigma} s^{\Hom_{\mathcal{E}}(y, s)}. (i); e → \prod_{s \in \Sigma} s^{\Hom_{\mathcal{E}}(y, s)}. (\prod_{s \in \Sigma} d_s); one square is marked \Box.",qa/DIAGRAM_SOURCE_INVENTORY.jsonl:142; source/en/chapter1-unit-019.tex:diagram 7; tikzcd; mapped_indonesian_structure_witness
chapter1-unit-019-diagram-008,chapter1-unit-019.tex,8,"Commutative diagram with objects W, X, Y, X fiber product over Y X, Coimage(f). Arrows: W maps to X, labeled a; W maps to X, labeled b; W maps to X fiber product over Y X, labeled (a, b); X maps to X, labeled id; X surjects onto Y, labeled f; a dashed Y maps to Coimage(f); X fiber product over Y X maps to X; X surjects onto Coimage(f).",qa/DIAGRAM_SOURCE_INVENTORY.jsonl:143; source/en/chapter1-unit-019.tex:diagram 8; tikzcd; mapped_indonesian_structure_witness
chapter1-unit-019-d008,chapter1-unit-019.tex,9,"Commutative diagram: W → X (a); W → X (b); W → X \dtimes{Y} X ((a, b)); X → X (\identity); X ↠ Y (f); Y → \Coim(f); X \dtimes{Y} X → X; X ↠ \Coim(f).",qa/DIAGRAM_SOURCE_INVENTORY.jsonl:144; source/en/chapter1-unit-019.tex:diagram 9; tikzcd; mapped_indonesian_structure_witness
chapter1-unit-019-d009,chapter1-unit-019.tex,10,Category diagram: \mathcal{D} → \mathcal{D}' (E); \mathcal{C} → \mathcal{D} (F); \mathcal{D}' → \mathcal{C} (G).,qa/DIAGRAM_SOURCE_INVENTORY.jsonl:145; source/en/chapter1-unit-019.tex:diagram 10; tikzcd; mapped_indonesian_structure_witness
chapter1-unit-019-d010,chapter1-unit-019.tex,11,Category diagram: Q^l X → Q^l X' (Q^l f); Q^l X → Q^l Y (\alpha); Q^l X' → Q^l Y' (\beta); Q^l Y → Q^l Y' (Q^l g).,qa/DIAGRAM_SOURCE_INVENTORY.jsonl:146; source/en/chapter1-unit-019.tex:diagram 11; tikzcd; mapped_indonesian_structure_witness
chapter1-unit-019-d011,chapter1-unit-019.tex,12,Commutative diagram: X → X' (f); U → U'; U ↪ X; U → Y; U' ↪ X'; U' → Y'; Y → Y' (g).,qa/DIAGRAM_SOURCE_INVENTORY.jsonl:147; source/en/chapter1-unit-019.tex:diagram 12; tikzcd; mapped_indonesian_structure_witness
chapter1-unit-019-d012,chapter1-unit-019.tex,13,Commutative diagram: W → U' (h); W ↪ U^\dagger (r); U' ↪ X' . (t); U^\dagger → X' . (fs).,qa/DIAGRAM_SOURCE_INVENTORY.jsonl:148; source/en/chapter1-unit-019.tex:diagram 13; tikzcd; mapped_indonesian_structure_witness
chapter1-unit-019-d013,chapter1-unit-019.tex,14,Commutative diagram: X → X' (f); W ↪ X (sr); W → U' (h); W → Y (ar); U' ↪ X' (t); U' → Y' (b); Y → Y' (g).,qa/DIAGRAM_SOURCE_INVENTORY.jsonl:149; source/en/chapter1-unit-019.tex:diagram 14; tikzcd; mapped_indonesian_structure_witness
chapter1-unit-019-d014,chapter1-unit-019.tex,15,"Category diagram: \Hom_{\mathcal{D}}(r_G, d) → \Hom_{\cate{Set}}\left( \{\mathrm{pt}\}, Gd \right); \Hom_{\cate{Set}}\left( \{\mathrm{pt}\}, Gd \right) → Gd (\sim); \alpha → (G\alpha)(u_G) ..",qa/DIAGRAM_SOURCE_INVENTORY.jsonl:150; source/en/chapter1-unit-019.tex:diagram 15; tikzcd; mapped_indonesian_structure_witness
chapter2-unit-021-diagram-001,chapter2-unit-021.tex,1,"Commutative diagram with objects X direct sum Y, Z. Arrows: X direct sum Y maps to Z, labeled (f,0); X direct sum Y maps to Z, labeled (0,g).",qa/DIAGRAM_SOURCE_INVENTORY.jsonl:151; source/en/chapter2-unit-021.tex:diagram 1; tikzcd; mapped_indonesian_structure_witness
chapter2-unit-021-d001,chapter2-unit-021.tex,2,Category diagram: X → Y (f); X → X' (a); Y → Y' (b); X' → Y' (g).,qa/DIAGRAM_SOURCE_INVENTORY.jsonl:152; source/en/chapter2-unit-021.tex:diagram 2; tikzcd; mapped_indonesian_structure_witness
chapter2-unit-021-d002,chapter2-unit-021.tex,3,Category diagram: X → Y (f); X → X' (-a); Y → Y' (-b); X' → Y' (g).,qa/DIAGRAM_SOURCE_INVENTORY.jsonl:153; source/en/chapter2-unit-021.tex:diagram 3; tikzcd; mapped_indonesian_structure_witness
chapter2-unit-022-d001,chapter2-unit-022.tex,1,Commutative diagram: X → Y (f); X ↠ \Coim(f); \Coim(f) → \Ker(g) (\varphi); \Ker(g) ↪ Y.,qa/DIAGRAM_SOURCE_INVENTORY.jsonl:154; source/en/chapter2-unit-022.tex:diagram 1; tikzcd; mapped_indonesian_structure_witness
chapter2-unit-022-d002,chapter2-unit-022.tex,2,Category diagram: Y ↠ \Coker(f); Y → Z (g); \Image(g) ↪ Z; \Coker(f) → \Image(g) (\psi).,qa/DIAGRAM_SOURCE_INVENTORY.jsonl:155; source/en/chapter2-unit-022.tex:diagram 2; tikzcd; mapped_indonesian_structure_witness
chapter2-unit-022-d003,chapter2-unit-022.tex,3,"Commutative diagram with objects Ker(psi), Ker(g), Coker(f), Coker(phi). Arrows: Ker(psi) includes into Coker(f), labeled canonical; Ker(psi) maps to Coker(phi), labeled isomorphism; Ker(g) surjects onto Ker(psi); Ker(g) surjects onto Coker(phi), labeled canonical; Coker(phi) includes into Coker(f).",qa/DIAGRAM_SOURCE_INVENTORY.jsonl:156; source/en/chapter2-unit-022.tex:diagram 3; tikzcd; mapped_indonesian_structure_witness
chapter2-unit-022-d004,chapter2-unit-022.tex,4,"Commutative diagram with objects X, Y, Coker(f), Coimage(f), Ker(g), Coker(phi). Arrows: X maps to Y, labeled f; X surjects onto Coimage(f); Y surjects onto Coker(f); Coimage(f) includes into Ker(g), labeled phi; Ker(g) surjects onto Coker(phi), labeled canonical; Ker(g) includes into Y; Coker(phi) includes into Coker(f).",qa/DIAGRAM_SOURCE_INVENTORY.jsonl:157; source/en/chapter2-unit-022.tex:diagram 4; tikzcd; mapped_indonesian_structure_witness
chapter2-unit-022-d005,chapter2-unit-022.tex,5,"Commutative diagram with objects Z, Y, Ker(g), Image(g), Coker(f), Ker(psi). Arrows: Y surjects onto Coker(f); Y maps to Z, labeled g; Ker(g) surjects onto Ker(psi); Ker(g) includes into Y; Image(g) includes into Z; Coker(f) surjects onto Image(g), labeled psi; Ker(psi) includes into Coker(f), labeled canonical.",qa/DIAGRAM_SOURCE_INVENTORY.jsonl:158; source/en/chapter2-unit-022.tex:diagram 5; tikzcd; mapped_indonesian_structure_witness
chapter2-unit-022-d006,chapter2-unit-022.tex,6,Category diagram with a square marked \Box: \Ker(g) ↪ Y; \Ker(g) ↠ \Coker{[X \to \Ker(g)]}; Y ↠ \Coker(f); \Coker{[X \to \Ker(g)]} → \Coker(f); one square is marked \Box.,qa/DIAGRAM_SOURCE_INVENTORY.jsonl:159; source/en/chapter2-unit-022.tex:diagram 6; tikzcd; mapped_indonesian_structure_witness
chapter2-unit-022-d007,chapter2-unit-022.tex,7,Commutative diagram: X → Y (f); X → X' (a); Y → Z (g); Y → Y' (b); Z → Z' (c); X' → Y' (f'); Y' → Z' (g').,qa/DIAGRAM_SOURCE_INVENTORY.jsonl:160; source/en/chapter2-unit-022.tex:diagram 7; tikzcd; mapped_indonesian_structure_witness
chapter2-unit-022-d008,chapter2-unit-022.tex,8,"Commutative diagram with objects Ker(g), H[X to Y to Z], Coker(f), Ker(g'), H[X' to Y' to Z'], Coker(f'). Arrows: Ker(g) surjects onto H[X to Y to Z]; Ker(g) maps to Ker(g'), labeled induced by (b,c); H[X to Y to Z] includes into Coker(f); H[X to Y to Z] maps to H[X' to Y' to Z'], labeled Phi; Coker(f) maps to Coker(f'), labeled induced by (a,b); Ker(g') surjects onto H[X' to Y' to Z']; H[X' to Y' to Z'] includes into Coker(f').",qa/DIAGRAM_SOURCE_INVENTORY.jsonl:161; source/en/chapter2-unit-022.tex:diagram 8; tikzcd; mapped_indonesian_structure_witness
chapter2-unit-022-d009,chapter2-unit-022.tex,9,Commutative diagram: \Coker(f) → \Coker(f'); \Coker(f) ↠ \Image(g) (\psi); \Image(g) → \Image(g'); \Image(g) ↪ Z; Z → Z' (c); \Coker(f') ↠ \Image(g') (\psi'); \Image(g') ↪ Z'.,qa/DIAGRAM_SOURCE_INVENTORY.jsonl:162; source/en/chapter2-unit-022.tex:diagram 9; tikzcd; mapped_indonesian_structure_witness
chapter2-unit-022-d010,chapter2-unit-022.tex,10,Category diagram: \Hm{\left[ X \to Y \to Z \right]} → \Hm{\left[ X \oplus X' \to Y \oplus Y' \to Z \oplus Z' \right]} (\iota); \Hm{\left[ X \oplus X' \to Y \oplus Y' \to Z \oplus Z' \right]} → \Hm{\left[ X \to Y \to Z \right]} (p); \Hm{\left[ X \oplus X' \to Y \oplus Y' \to Z \oplus Z' \right]} → \…,qa/DIAGRAM_SOURCE_INVENTORY.jsonl:163; source/en/chapter2-unit-022.tex:diagram 10; tikzcd; mapped_indonesian_structure_witness
chapter2-unit-023-d001,chapter2-unit-023.tex,1,Commutative diagram: S' ↠ S; S' → X'; S → X . (h); X' → X . (f).,qa/DIAGRAM_SOURCE_INVENTORY.jsonl:164; source/en/chapter2-unit-023.tex:diagram 1; tikzcd; mapped_indonesian_structure_witness
chapter2-unit-023-d002,chapter2-unit-023.tex,2,Category diagram: S' → X'; S' ↠ S; S → X (h); X' → S (\alpha); X' → X (f).,qa/DIAGRAM_SOURCE_INVENTORY.jsonl:165; source/en/chapter2-unit-023.tex:diagram 2; tikzcd; mapped_indonesian_structure_witness
chapter2-unit-023-d003,chapter2-unit-023.tex,3,Category diagram: \Ker' → \Ker; \Ker' → X'; \Ker → \Ker''; \Ker → X; \Ker'' → X''; X' → Y'; X' → X (f); X → Y; and 12 other arrows.,qa/DIAGRAM_SOURCE_INVENTORY.jsonl:166; source/en/chapter2-unit-023.tex:diagram 3; tikzcd; mapped_indonesian_structure_witness
chapter2-unit-023-d004,chapter2-unit-023.tex,4,Exact diagram: 0 → \Ker(g); \Ker(g) ↪ X \dtimes{X''} \Ker'' (s); \Ker(g) → \Ker(g); X \dtimes{X''} \Ker'' ↠ \Ker''; X \dtimes{X''} \Ker'' → X; \Ker'' → X''; \Ker(g) ↪ X; \Ker(g) ⇒ Y'; and 14 other arrows; one square is marked \Box.,qa/DIAGRAM_SOURCE_INVENTORY.jsonl:167; source/en/chapter2-unit-023.tex:diagram 4; tikzcd; mapped_indonesian_structure_witness
chapter2-unit-023-d005,chapter2-unit-023.tex,5,Commutative diagram: X' → X; X' → Y'; X' → \underline{X'}; X → X''; X → Y; X → \underline{X}; X'' → 0; X'' → Y''; and 16 other arrows.,qa/DIAGRAM_SOURCE_INVENTORY.jsonl:168; source/en/chapter2-unit-023.tex:diagram 5; tikzcd; mapped_indonesian_structure_witness
chapter2-unit-023-d006,chapter2-unit-023.tex,6,"Commutative diagram with objects Ker'', Coker'. Arrows: Ker'' maps to Coker', labeled delta; Ker'' maps to Ker'', labeled natural morphism; Coker' maps to Coker', labeled natural morphism.",qa/DIAGRAM_SOURCE_INVENTORY.jsonl:169; source/en/chapter2-unit-023.tex:diagram 6; tikzcd; mapped_indonesian_structure_witness
chapter2-unit-023-diagram-007,chapter2-unit-023.tex,7,"Commutative diagram with objects S', S, Ker', Ker, Ker'', X', X, X''. Arrows: S' surjects onto S, labeled h; S' maps to Ker'; S maps to Ker, labeled psi; S maps to Ker'', labeled 0; Ker' maps to Ker; Ker' includes into X'; Ker includes into X; Ker maps to Ker''; Ker'' includes into X''; X' maps to X, labeled f; X maps to X'', labeled g.",qa/DIAGRAM_SOURCE_INVENTORY.jsonl:170; source/en/chapter2-unit-023.tex:diagram 7; tikzcd; mapped_indonesian_structure_witness
chapter2-unit-023-d007,chapter2-unit-023.tex,8,Commutative diagram: S' ↠ S (h); S' → \Ker'; S → \Ker (\psi); S → \Ker'' (0); \Ker' → \Ker; \Ker' ↪ X'; \Ker ↪ X; \Ker → \Ker''; and 3 other arrows.,qa/DIAGRAM_SOURCE_INVENTORY.jsonl:171; source/en/chapter2-unit-023.tex:diagram 8; tikzcd; mapped_indonesian_structure_witness
chapter2-unit-023-d008,chapter2-unit-023.tex,9,Commutative diagram: S' ↠ S (h); S' → X'; S → X; S → X'' . (0); X' → X (f); X → X'' . (g).,qa/DIAGRAM_SOURCE_INVENTORY.jsonl:172; source/en/chapter2-unit-023.tex:diagram 9; tikzcd; mapped_indonesian_structure_witness
chapter2-unit-023-d009,chapter2-unit-023.tex,10,Commutative diagram: S_0 → \Ker; S_0 ↠ S; S → \Ker'' (\psi); \Ker → \Ker''.,qa/DIAGRAM_SOURCE_INVENTORY.jsonl:173; source/en/chapter2-unit-023.tex:diagram 10; tikzcd; mapped_indonesian_structure_witness
chapter2-unit-023-d010,chapter2-unit-023.tex,11,Commutative diagram: S_1 ↠ S; S_1 → X \dtimes{X''} \Ker''; S → \Ker'' (\psi); S → 0 . (0); X \dtimes{X''} \Ker'' → \Ker''; \Ker'' → 0 ..,qa/DIAGRAM_SOURCE_INVENTORY.jsonl:174; source/en/chapter2-unit-023.tex:diagram 11; tikzcd; mapped_indonesian_structure_witness
chapter2-unit-023-d011,chapter2-unit-023.tex,12,Commutative diagram: S → \Ker'' (\psi); \Ker'' → \Coker' (\delta); \Coker' ↪ \Coker' \dsqcup{Y'} Y; S_1 ↠ S; S_1 → X \dtimes{X''} \Ker''; X \dtimes{X''} \Ker'' → \Coker' \dsqcup{Y'} Y (\delta_0); X \dtimes{X''} \Ker'' → \Ker''; X \dtimes{X''} \Ker'' → X; and 2 other arrows.,qa/DIAGRAM_SOURCE_INVENTORY.jsonl:175; source/en/chapter2-unit-023.tex:diagram 12; tikzcd; mapped_indonesian_structure_witness
chapter2-unit-023-d012,chapter2-unit-023.tex,13,Commutative diagram: S_0 ↠ S_1; S_0 → X' (k); S_1 → Y' (\xi); S_1 → \Coker' . (0); X' → Y'; Y' → \Coker' ..,qa/DIAGRAM_SOURCE_INVENTORY.jsonl:176; source/en/chapter2-unit-023.tex:diagram 13; tikzcd; mapped_indonesian_structure_witness
chapter2-unit-023-d013,chapter2-unit-023.tex,14,Commutative diagram: S_0 ↠ S_1; S_0 → X' (k); S_0 → X (\lambda); S_1 → Y' (\xi); S_1 → X \dtimes{X''} \Ker''; X \dtimes{X''} \Ker'' → X; X' → Y' (a); X' → X (f); and 2 other arrows.,qa/DIAGRAM_SOURCE_INVENTORY.jsonl:177; source/en/chapter2-unit-023.tex:diagram 14; tikzcd; mapped_indonesian_structure_witness
chapter2-unit-023-d014,chapter2-unit-023.tex,15,Category diagram: S_0 ↠ S_1; S_0 → \Ker; S_0 → X (\lambda -fk); S_1 ↠ S; S → \Ker'' (\psi); \Ker ↪ X; \Ker → \Ker''; \Ker'' ↪ X'' .; and 1 other arrows.,qa/DIAGRAM_SOURCE_INVENTORY.jsonl:178; source/en/chapter2-unit-023.tex:diagram 15; tikzcd; mapped_indonesian_structure_witness
chapter2-unit-023-d015,chapter2-unit-023.tex,16,Category diagram: S_0 ↠ S_1; S_0 → X (\lambda); S_1 ↠ S; S_1 → X \dtimes{X''} \Ker''; S → \Ker'' (\psi); X \dtimes{X''} \Ker'' → \Ker''; X \dtimes{X''} \Ker'' → X; \Ker'' → X'' .; and 1 other arrows.,qa/DIAGRAM_SOURCE_INVENTORY.jsonl:179; source/en/chapter2-unit-023.tex:diagram 16; tikzcd; mapped_indonesian_structure_witness
chapter2-unit-023-d016,chapter2-unit-023.tex,17,Category diagram: X_1 → X_2; X_1 → Y_1 (f_1); X_2 → X_3; X_2 → Y_2 (f_2); X_3 → X_4; X_3 → Y_3 (f_3); X_4 → X_5; X_4 → Y_4 (f_4); and 5 other arrows.,qa/DIAGRAM_SOURCE_INVENTORY.jsonl:180; source/en/chapter2-unit-023.tex:diagram 17; tikzcd; mapped_indonesian_structure_witness
chapter2-unit-023-diagram-018,chapter2-unit-023.tex,18,"Commutative diagram with objects S''', S'', S', X_2, X_1, Y_1, Y_2. Arrows: S''' surjects onto S''; S''' maps to X_1; S'' surjects onto S'; S'' maps to Y_1; S' maps to X_2; X_2 maps to Y_2, labeled f_2; X_1 maps to Y_1, labeled f_1; Y_1 maps to Y_2.",qa/DIAGRAM_SOURCE_INVENTORY.jsonl:181; source/en/chapter2-unit-023.tex:diagram 18; tikzcd; mapped_indonesian_structure_witness
chapter2-unit-023-d017,chapter2-unit-023.tex,19,Commutative diagram: S' ↠ S; S' → X_2; S → X_3 . (h); X_2 → X_3 ..,qa/DIAGRAM_SOURCE_INVENTORY.jsonl:182; source/en/chapter2-unit-023.tex:diagram 19; tikzcd; mapped_indonesian_structure_witness
chapter2-unit-023-d018,chapter2-unit-023.tex,20,Commutative diagram: S''' ↠ S''; S''' → X_1; S'' ↠ S'; S'' → Y_1; S' → X_2; X_2 → Y_2 . (f_2); X_1 → Y_1 (f_1); Y_1 → Y_2 ..,qa/DIAGRAM_SOURCE_INVENTORY.jsonl:183; source/en/chapter2-unit-023.tex:diagram 20; tikzpicture; mapped_indonesian_structure_witness
chapter2-unit-023-d019,chapter2-unit-023.tex,21,Category diagram: S''' ↠ S'; S''' → X_1; S' ↠ S; S' → X_2; S → X_3 (h); X_1 → X_2; X_1 → Y_1 (f_1); X_2 → X_3; and 3 other arrows.,qa/DIAGRAM_SOURCE_INVENTORY.jsonl:184; source/en/chapter2-unit-023.tex:diagram 21; tikzpicture; mapped_indonesian_structure_witness
chapter2-unit-023-d020,chapter2-unit-023.tex,22,Path-composition schematic for the first route around the upper-left square of the preceding diagram.,qa/DIAGRAM_SOURCE_INVENTORY.jsonl:185; source/en/chapter2-unit-023.tex:diagram 22; tikzcd; mapped_indonesian_structure_witness
chapter2-unit-023-d021,chapter2-unit-023.tex,23,Path-composition schematic for the second route around the upper-left square of the preceding diagram.,qa/DIAGRAM_SOURCE_INVENTORY.jsonl:186; source/en/chapter2-unit-023.tex:diagram 23; tikzcd; mapped_indonesian_structure_witness
chapter2-unit-024-d001,chapter2-unit-024.tex,1,"Category diagram: {[a \wedge b, a]} ⇒ {[b, a \vee b]} (1:1); x → x \vee b; y → y \wedge a.",qa/DIAGRAM_SOURCE_INVENTORY.jsonl:187; source/en/chapter2-unit-024.tex:diagram 1; tikzcd; mapped_indonesian_structure_witness
chapter2-unit-024-d002,chapter2-unit-024.tex,2,Category diagram: u^\flat \vee (u \wedge v) → u^\flat \vee (u \wedge v^\flat); u^\flat \vee (u \wedge v) → u \wedge v; (u \wedge v) \vee v^\flat → (u^\flat \wedge v) \vee v^\flat; (u \wedge v) \vee v^\flat → u \wedge v; u \wedge v → (u^\flat \wedge v) \vee (u \wedge v^\flat); u^\flat \vee (u \wedge…,qa/DIAGRAM_SOURCE_INVENTORY.jsonl:188; source/en/chapter2-unit-024.tex:diagram 2; tikzcd; mapped_indonesian_structure_witness
chapter2-unit-024-d003,chapter2-unit-024.tex,3,Category diagram: x → y (\geq).,qa/DIAGRAM_SOURCE_INVENTORY.jsonl:189; source/en/chapter2-unit-024.tex:diagram 3; tikzcd; mapped_indonesian_structure_witness
chapter2-unit-024-d004,chapter2-unit-024.tex,4,Category diagram: x → x \wedge y; y → x \wedge y.,qa/DIAGRAM_SOURCE_INVENTORY.jsonl:190; source/en/chapter2-unit-024.tex:diagram 4; tikzcd; mapped_indonesian_structure_witness
chapter2-unit-024-d005,chapter2-unit-024.tex,5,Category diagram: x \vee y → x; x \vee y → y.,qa/DIAGRAM_SOURCE_INVENTORY.jsonl:191; source/en/chapter2-unit-024.tex:diagram 5; tikzcd; mapped_indonesian_structure_witness
chapter2-unit-025-d001,chapter2-unit-025.tex,1,Category diagram: X = \bigoplus_{i=1}^n X_i \end{gathered}\right\} ⇒ \left\{\begin{gathered} (e_i)_{i=1}^n \in \End(X)^n: (1:1).,qa/DIAGRAM_SOURCE_INVENTORY.jsonl:192; source/en/chapter2-unit-025.tex:diagram 1; tikzcd; mapped_indonesian_structure_witness
chapter2-unit-025-diagram-002,chapter2-unit-025.tex,2,"Commutative diagram with objects X', X, X''. Arrows: X' maps to X, labeled f; X maps to X', labeled r; X maps to X'', labeled g; X'' maps to X, labeled s.",qa/DIAGRAM_SOURCE_INVENTORY.jsonl:193; source/en/chapter2-unit-025.tex:diagram 2; tikzcd; mapped_indonesian_structure_witness
chapter2-unit-025-diagram-003,chapter2-unit-025.tex,3,"Commutative diagram with objects X_n, X_n+1. Arrows: X_n surjects onto X_n+1, labeled alpha_n; X_n+1 includes into X_n, labeled beta_n.",qa/DIAGRAM_SOURCE_INVENTORY.jsonl:194; source/en/chapter2-unit-025.tex:diagram 3; tikzcd; mapped_indonesian_structure_witness
chapter2-unit-025-d002,chapter2-unit-025.tex,4,Commutative diagram: X_{n+1} → X_n (\beta_n); X_{n+1} → \Image(\beta_0 \cdots \beta_n) (\sim); \Image(\beta_0 \cdots \beta_n) → \Image(\beta_0 \cdots \beta_{n-1}) (\sim); \Image(\beta_0 \cdots \beta_n) ↪ X_0; X_n → \Image(\beta_0 \cdots \beta_{n-1}) (\sim); \Image(\beta_0 \cdots \beta_{n-1}) ↪ X_0.,qa/DIAGRAM_SOURCE_INVENTORY.jsonl:195; source/en/chapter2-unit-025.tex:diagram 4; tikzcd; mapped_indonesian_structure_witness
chapter2-unit-025-d003,chapter2-unit-025.tex,5,Exact diagram: 0 → \Ker(\alpha_{n-1} \cdots \alpha_0); \Ker(\alpha_{n-1} \cdots \alpha_0) → \Ker(\alpha_n \cdots \alpha_0) (\sim); \Ker(\alpha_{n-1} \cdots \alpha_0) → X_0; X_0 → X_n (\alpha_{n-1} \cdots \alpha_0); X_0 → X_0; X_n → X_{n+1} (\alpha_n); X_n → 0; 0 → \Ker(\alpha_n \cdots \alpha_0); se…,qa/DIAGRAM_SOURCE_INVENTORY.jsonl:196; source/en/chapter2-unit-025.tex:diagram 5; tikzcd; mapped_indonesian_structure_witness
chapter2-unit-026-diagram-001,chapter2-unit-026.tex,1,"Commutative diagram with objects Y, X, X_i. Arrows: Y includes into X; Y maps to X_i; X_i includes into X.",qa/DIAGRAM_SOURCE_INVENTORY.jsonl:197; source/en/chapter2-unit-026.tex:diagram 1; tikzcd; mapped_indonesian_structure_witness
chapter2-unit-026-d001,chapter2-unit-026.tex,2,Commutative diagram: \coprod_{i \in I} X_i → X (\sigma); \coprod_{i \in I} X_i → Y .; Y . ↪ X.,qa/DIAGRAM_SOURCE_INVENTORY.jsonl:198; source/en/chapter2-unit-026.tex:diagram 2; tikzcd; mapped_indonesian_structure_witness
chapter2-unit-026-diagram-003,chapter2-unit-026.tex,3,"Commutative diagram with objects Sub_X, Sub_Y. Arrows: Sub_X maps to Sub_Y, labeled f(dot); Sub_Y maps to Sub_X, labeled f^-1(dot).",qa/DIAGRAM_SOURCE_INVENTORY.jsonl:199; source/en/chapter2-unit-026.tex:diagram 3; tikzcd; mapped_indonesian_structure_witness
chapter2-unit-026-d002,chapter2-unit-026.tex,4,Commutative diagram: X' → Y' (\exists); X' ↪ X; Y' ↪ Y .; X → Y . (f).,qa/DIAGRAM_SOURCE_INVENTORY.jsonl:200; source/en/chapter2-unit-026.tex:diagram 4; tikzcd; mapped_indonesian_structure_witness
chapter2-unit-026-d003,chapter2-unit-026.tex,5,Category diagram: X' → f(X'); X' ↪ X; f(X') ↪ Y; f(X') → Y' (\exists); Y' ↪ Y; X → Y (f).,qa/DIAGRAM_SOURCE_INVENTORY.jsonl:201; source/en/chapter2-unit-026.tex:diagram 5; tikzcd; mapped_indonesian_structure_witness
chapter2-unit-026-d004,chapter2-unit-026.tex,6,Commutative diagram: A \cap B → A (\delta_1); A \cap B → B (\delta_2); A → A + B (i); B → A + B (j).,qa/DIAGRAM_SOURCE_INVENTORY.jsonl:202; source/en/chapter2-unit-026.tex:diagram 6; tikzcd; mapped_indonesian_structure_witness
chapter2-unit-026-d005,chapter2-unit-026.tex,7,"Exact diagram: 0 → A \cap B; A \cap B → A \oplus B (\Delta^-); A \oplus B → X ((i, j)); A \oplus B → A+B; A+B → 0; A+B ↪ X.",qa/DIAGRAM_SOURCE_INVENTORY.jsonl:203; source/en/chapter2-unit-026.tex:diagram 7; tikzcd; mapped_indonesian_structure_witness
chapter2-unit-026-d006,chapter2-unit-026.tex,8,Commutative diagram: A \cap B → A (\delta_1); A \cap B → B (\delta_2); A → (A \oplus B)/\Image(\Delta^-); A → A + B (i); B → (A \oplus B)/\Image(\Delta^-); B → A + B (j); (A \oplus B)/\Image(\Delta^-) → A + B (\simeq).,qa/DIAGRAM_SOURCE_INVENTORY.jsonl:204; source/en/chapter2-unit-026.tex:diagram 8; tikzcd; mapped_indonesian_structure_witness
chapter2-unit-026-d007,chapter2-unit-026.tex,9,Category diagram: X ↠ \Image(f); X ↠ X/\Ker(f); X/\Ker(f) → \Image(f) (\sim).,qa/DIAGRAM_SOURCE_INVENTORY.jsonl:205; source/en/chapter2-unit-026.tex:diagram 9; tikzcd; mapped_indonesian_structure_witness
chapter2-unit-026-d008,chapter2-unit-026.tex,10,Category diagram: \left\{ Y \in \mathrm{Sub}_X : Z \subset Y \right\} ⇒ \mathrm{Sub}_{\overline{X}} (1:1); Y → \pi(Y) = Y/Z =: \overline{Y}; \overline{Y} → \pi^{-1}(\overline{Y}).,qa/DIAGRAM_SOURCE_INVENTORY.jsonl:206; source/en/chapter2-unit-026.tex:diagram 10; tikzcd; mapped_indonesian_structure_witness
chapter2-unit-026-d009,chapter2-unit-026.tex,11,Category diagram: X → \overline{X}; X ↠ X/Y; \overline{X} ↠ \overline{X}/\overline{Y}; X/Y → \overline{X}/\overline{Y} (\sim).,qa/DIAGRAM_SOURCE_INVENTORY.jsonl:207; source/en/chapter2-unit-026.tex:diagram 11; tikzcd; mapped_indonesian_structure_witness
chapter2-unit-026-d010,chapter2-unit-026.tex,12,Category diagram: Y ↪ Y+Z; Y ↠ Y/(Y \cap Z); Y+Z ↠ (Y+Z)/Z; Y/(Y \cap Z) → (Y+Z)/Z (\sim).,qa/DIAGRAM_SOURCE_INVENTORY.jsonl:208; source/en/chapter2-unit-026.tex:diagram 12; tikzcd; mapped_indonesian_structure_witness
chapter2-unit-026-d011,chapter2-unit-026.tex,13,Exact diagram: 0 → Z; Z → Y; Z → Z; Y → Y/Z; Y ↪ X; Y/Z → \overline{X} (\exists!); Y/Z → 0; Z → X; and 2 other arrows.,qa/DIAGRAM_SOURCE_INVENTORY.jsonl:209; source/en/chapter2-unit-026.tex:diagram 13; tikzcd; mapped_indonesian_structure_witness
chapter2-unit-026-d012,chapter2-unit-026.tex,14,Category diagram with a square marked \Box: Y → \overline{Y}; Y ↪ X; \overline{Y} ↪ \overline{X} .; X → \overline{X} . (\pi); one square is marked \Box.,qa/DIAGRAM_SOURCE_INVENTORY.jsonl:210; source/en/chapter2-unit-026.tex:diagram 14; tikzcd; mapped_indonesian_structure_witness
chapter2-unit-026-d013,chapter2-unit-026.tex,15,Commutative diagram: 0 → Y \cap Z; Y \cap Z → Y; Y \cap Z ↪ Z; Y ↪ Y+Z; Y → Y/(Y \cap Z); Y/(Y \cap Z) → 0; Y/(Y \cap Z) → (Y+Z)/Z (\exists! \theta); 0 → Z; and 3 other arrows.,qa/DIAGRAM_SOURCE_INVENTORY.jsonl:211; source/en/chapter2-unit-026.tex:diagram 15; tikzcd; mapped_indonesian_structure_witness
chapter2-unit-026-d014,chapter2-unit-026.tex,16,Commutative diagram: \Ker(g') ↪ W; \Ker(g') → \Ker(g) (k); W → Y (g'); W → X (f'); Y → Z (f); Y ↠ \Coker(g'); \Coker(g') → \Coker(g) (c); \Ker(g) ↪ X; and 2 other arrows.,qa/DIAGRAM_SOURCE_INVENTORY.jsonl:212; source/en/chapter2-unit-026.tex:diagram 16; tikzcd; mapped_indonesian_structure_witness
chapter2-unit-026-d015,chapter2-unit-026.tex,17,Category diagram with a square marked \Box: W → X (f'); W → \Image(g) \dtimes{Z} Y; \Image(g) \dtimes{Z} Y → Y (g''); \Image(g) \dtimes{Z} Y → \Image(g); Y → Z (f); X ↠ \Image(g); \Image(g) ↪ Z; one square is marked \Box.,qa/DIAGRAM_SOURCE_INVENTORY.jsonl:213; source/en/chapter2-unit-026.tex:diagram 17; tikzcd; mapped_indonesian_structure_witness
chapter2-unit-026-d016,chapter2-unit-026.tex,18,"Commutative diagram: B \oplus C → X ((\iota_B, \iota_C)); A \oplus C → X ((\iota_A, \iota_C)); A \oplus C → B \oplus C ((\alpha, \identity_C)).",qa/DIAGRAM_SOURCE_INVENTORY.jsonl:214; source/en/chapter2-unit-026.tex:diagram 18; tikzcd; mapped_indonesian_structure_witness
chapter2-unit-028-d001,chapter2-unit-028.tex,1,"Commutative diagram with objects F Ker(f), Ker F(f), FX. Arrows: F Ker(f) includes into FX, labeled F[Ker(f) hookrightarrow X]; F Ker(f) maps to Ker F(f); Ker F(f) includes into FX.",qa/DIAGRAM_SOURCE_INVENTORY.jsonl:215; source/en/chapter2-unit-028.tex:diagram 1; tikzcd; mapped_indonesian_structure_witness
chapter2-unit-028-d002,chapter2-unit-028.tex,2,"Commutative diagram with objects Coker F(f), F Coker(f), FY. Arrows: Coker F(f) maps to F Coker(f); FY surjects onto Coker F(f); FY surjects onto F Coker(f), labeled F[Y surjection onto Coker(f)].",qa/DIAGRAM_SOURCE_INVENTORY.jsonl:216; source/en/chapter2-unit-028.tex:diagram 2; tikzcd; mapped_indonesian_structure_witness
chapter2-unit-028-d003,chapter2-unit-028.tex,3,Exact diagram: 0 → \Ker(d^n); \Ker(d^n) → X^n (\iota^n); X^n → \Ker(d^{n+1}) (\mathbf{d}^n); \Ker(d^{n+1}) → 0.,qa/DIAGRAM_SOURCE_INVENTORY.jsonl:217; source/en/chapter2-unit-028.tex:diagram 3; tikzcd; mapped_indonesian_structure_witness
chapter2-unit-028-d004,chapter2-unit-028.tex,4,Category diagram: F: \mathcal{A} → \mathcal{B} :G .; \mathcal{B} :G . → F: \mathcal{A}.,qa/DIAGRAM_SOURCE_INVENTORY.jsonl:218; source/en/chapter2-unit-028.tex:diagram 4; tikzcd; mapped_indonesian_structure_witness
chapter2-unit-028-d005,chapter2-unit-028.tex,5,Category diagram: \varinjlim : \mathcal{A}^I → \mathcal{A}: \Delta .; \mathcal{A}: \Delta . → \varinjlim : \mathcal{A}^I.,qa/DIAGRAM_SOURCE_INVENTORY.jsonl:219; source/en/chapter2-unit-028.tex:diagram 5; tikzcd; mapped_indonesian_structure_witness
chapter2-unit-028-d006,chapter2-unit-028.tex,6,"Category diagram: R\dcate{Mod} → S\dcate{Mod} (S \dotimes{R} (\cdot)); R\dcate{Mod} → S\dcate{Mod} (\Hom_R({}_R S, \cdot)); S\dcate{Mod} → R\dcate{Mod} ( {}_{R \to S} \mathcal{F} ).",qa/DIAGRAM_SOURCE_INVENTORY.jsonl:220; source/en/chapter2-unit-028.tex:diagram 6; tikzcd; mapped_indonesian_structure_witness
chapter2-unit-028-d007,chapter2-unit-028.tex,7,Commutative diagram: P → X; P → Y (\exists); Y → X (g); X → 0.,qa/DIAGRAM_SOURCE_INVENTORY.jsonl:221; source/en/chapter2-unit-028.tex:diagram 7; tikzcd; mapped_indonesian_structure_witness
chapter2-unit-028-d008,chapter2-unit-028.tex,8,Commutative diagram: 0 → X; X → Y (f); X → I; Y → I (\exists).,qa/DIAGRAM_SOURCE_INVENTORY.jsonl:222; source/en/chapter2-unit-028.tex:diagram 8; tikzcd; mapped_indonesian_structure_witness
chapter2-unit-028-d009,chapter2-unit-028.tex,9,Commutative diagram: 0 → X'; X' → X (f); X' → X' (\identity_{X'}); X → X' (\exists r).,qa/DIAGRAM_SOURCE_INVENTORY.jsonl:223; source/en/chapter2-unit-028.tex:diagram 9; tikzcd; mapped_indonesian_structure_witness
chapter2-unit-028-d010,chapter2-unit-028.tex,10,Category diagram: T → T (\identity_T); T → T (0).,qa/DIAGRAM_SOURCE_INVENTORY.jsonl:224; source/en/chapter2-unit-028.tex:diagram 10; tikzcd; mapped_indonesian_structure_witness
chapter2-unit-028-d011,chapter2-unit-028.tex,11,Category diagram: \mathcal{A} → \mathcal{B} (F); \mathcal{B} → \mathcal{A} (G).,qa/DIAGRAM_SOURCE_INVENTORY.jsonl:225; source/en/chapter2-unit-028.tex:diagram 11; tikzcd; mapped_indonesian_structure_witness
chapter2-unit-028-d012,chapter2-unit-028.tex,12,Commutative diagram: X_0 → Y_0; X_0 → X_1; Y_0 → Y_1; X_1 → Y_1.,qa/DIAGRAM_SOURCE_INVENTORY.jsonl:226; source/en/chapter2-unit-028.tex:diagram 12; tikzcd; mapped_indonesian_structure_witness
chapter2-unit-028-d013,chapter2-unit-028.tex,13,"Commutative diagram with objects A^2, A. Arrows: A^2 maps to A, labeled ev_0; A maps to A^2, labeled H: left adjoint; A maps to A^2, labeled L_0: right adjoint.",qa/DIAGRAM_SOURCE_INVENTORY.jsonl:227; source/en/chapter2-unit-028.tex:diagram 13; tikzcd; mapped_indonesian_structure_witness
chapter2-unit-028-d014,chapter2-unit-028.tex,14,Category diagram: \mathcal{A}^{\mathbf{2}} → \mathcal{A} . (\mathrm{ev}_1); \mathcal{A} . → \mathcal{A}^{\mathbf{2}} (L_1: \text{left adjoint}); \mathcal{A} . → \mathcal{A}^{\mathbf{2}} (H: \text{right adjoint}).,qa/DIAGRAM_SOURCE_INVENTORY.jsonl:228; source/en/chapter2-unit-028.tex:diagram 14; tikzcd; mapped_indonesian_structure_witness
chapter2-unit-028-d015,chapter2-unit-028.tex,15,Commutative diagram: node 1-1 → X_1 (f); node 1-1 ↪ |[alias=NE]| I_0 (\epsilon_0); |[alias=NE]| I_0 → |[alias=SE]| 0; X_1 → |[alias=SE]| 0.,qa/DIAGRAM_SOURCE_INVENTORY.jsonl:229; source/en/chapter2-unit-028.tex:diagram 15; tikzcd; mapped_indonesian_structure_witness
chapter2-unit-028-d016,chapter2-unit-028.tex,16,Category diagram: node 1-1 → X_1 (f); node 1-1 → |[alias=NE]| I_1 (\epsilon_1 f); |[alias=NE]| I_1 → |[alias=SE]| I_1 (\identity); X_1 ↪ |[alias=SE]| I_1 (\epsilon_1).,qa/DIAGRAM_SOURCE_INVENTORY.jsonl:230; source/en/chapter2-unit-028.tex:diagram 16; tikzcd; mapped_indonesian_structure_witness
chapter2-unit-028-d017,chapter2-unit-028.tex,17,"Commutative diagram with objects X_0, I_0 direct sum I_1, X_1, I_1. Arrows: X_0 maps to X_1, labeled f; X_0 includes into I_0 direct sum I_1, labeled (epsilon_0, epsilon_1 f); I_0 direct sum I_1 maps to I_1, labeled projection; X_1 includes into I_1, labeled epsilon_1.",qa/DIAGRAM_SOURCE_INVENTORY.jsonl:231; source/en/chapter2-unit-028.tex:diagram 17; tikzcd; mapped_indonesian_structure_witness
chapter2-unit-029-diagram-001,chapter2-unit-029.tex,1,"Commutative diagram with objects X, Y, W. Arrows: X maps to Y, labeled f; X maps to Y, labeled g; Y maps to W, labeled s in S.",qa/DIAGRAM_SOURCE_INVENTORY.jsonl:232; source/en/chapter2-unit-029.tex:diagram 1; tikzcd; mapped_indonesian_structure_witness
chapter2-unit-029-diagram-002,chapter2-unit-029.tex,2,"Commutative diagram with objects M_1, M_0, M_2. Arrows: M_0 maps to M_1, labeled p_1; M_0 maps to M_2, labeled p_2.",qa/DIAGRAM_SOURCE_INVENTORY.jsonl:233; source/en/chapter2-unit-029.tex:diagram 2; tikzcd; mapped_indonesian_structure_witness
chapter2-unit-030-d001,chapter2-unit-030.tex,1,"Commutative diagram with objects S_2, S_2/S_1. Arrows: S_2 maps to S_2/S_1, labeled q: quotient morphism; S_2 maps to S_2/S_1, labeled 0.",qa/DIAGRAM_SOURCE_INVENTORY.jsonl:234; source/en/chapter2-unit-030.tex:diagram 1; tikzcd; mapped_indonesian_structure_witness
chapter2-unit-030-diagram-002,chapter2-unit-030.tex,2,"Commutative diagram with objects X, I, s. Arrows: X maps to I; X includes into s; a dashed s maps to I, labeled exists.",qa/DIAGRAM_SOURCE_INVENTORY.jsonl:235; source/en/chapter2-unit-030.tex:diagram 2; tikzcd; mapped_indonesian_structure_witness
chapter2-unit-030-d002,chapter2-unit-030.tex,3,Commutative diagram: \Ker(g) ↪ g^{-1}(Y); g^{-1}(Y) ↠ Y (g); g^{-1}(Y) ↪ s; Y ↪ A'; Y ↪ g(s); A' → I (f'); s ↠ g(s) (g); s → I (\varphi); and 1 other arrows.,qa/DIAGRAM_SOURCE_INVENTORY.jsonl:236; source/en/chapter2-unit-030.tex:diagram 3; tikzcd; mapped_indonesian_structure_witness
chapter2-unit-030-d003,chapter2-unit-030.tex,4,"Commutative diagram with objects direct sum_Y in Sub_s direct sum_phi: Y to X Y, X, direct sum_Y in Sub_s direct sum_phi: Y to X s, F_1(X). Arrows: direct sum_Y in Sub_s direct sum_phi: Y to X Y maps to X; direct sum_Y in Sub_s direct sum_phi: Y to X Y includes into direct sum_Y in Sub_s direct sum_phi: Y to X s; X maps to F_1(X), labeled phi(0, 1)_X; direct sum_Y in Sub_s direct sum_phi: Y to X s maps to F_1(X); F_1(X) maps to direct sum_Y in Sub_s direct sum_phi: Y to X Y, labeled boxplus.",qa/DIAGRAM_SOURCE_INVENTORY.jsonl:237; source/en/chapter2-unit-030.tex:diagram 4; tikzcd; mapped_indonesian_structure_witness
chapter2-unit-030-d004,chapter2-unit-030.tex,5,"Commutative diagram with objects Y, direct sum_Y' in Sub_s direct sum_phi': Y' to F_beta X Y', F_beta X, s, direct sum_Y' in Sub_s direct sum_phi': Y' to F_beta X s, F_beta + 1 X, F_alpha X. Arrows: Y maps to direct sum_Y' in Sub_s direct sum_phi': Y' to F_beta X Y', labeled through (Y, phi); Y includes into s; direct sum_Y' in Sub_s direct sum_phi': Y' to F_beta X Y' maps to F_beta X; direct sum_Y' in Sub_s direct sum_phi': Y' to F_beta X Y' includes into direct sum_Y' in Sub_s direct sum_phi': Y' to F_beta X s; F_beta X maps to F_beta + 1 X; F_beta X maps to F_alpha X; s maps to direct sum_Y' in Sub_s direct sum_phi': Y' to F_beta X s, labeled through (Y, phi); direct sum_Y' in Sub_s direct sum_phi': Y' to F_beta X s maps to F_beta + 1 X; F_beta + 1 X maps to direct sum_Y' in Sub_s direct sum_phi': Y' to F_beta X Y', labeled boxplus; F_beta + 1 X maps to F_alpha X.",qa/DIAGRAM_SOURCE_INVENTORY.jsonl:238; source/en/chapter2-unit-030.tex:diagram 5; tikzcd; mapped_indonesian_structure_witness
chapter2-unit-030-d005,chapter2-unit-030.tex,6,"Category diagram: \left[Y \cap Z, Y \right] → \mathrm{Sub}_{Y/(Y \cap Z)} (\simeq); \left[Y \cap Z, Y \right] → \left[ Z, Y+Z \right] (\sim); \left[ Z, Y+Z \right] → \mathrm{Sub}_{(Y+Z)/Z} (\simeq); \mathrm{Sub}_{Y/(Y \cap Z)} → \mathrm{Sub}_{(Y+Z)/Z} (\sim).",qa/DIAGRAM_SOURCE_INVENTORY.jsonl:239; source/en/chapter2-unit-030.tex:diagram 6; tikzcd; mapped_indonesian_structure_witness
chapter2-unit-030-d006,chapter2-unit-030.tex,7,Category diagram with a square marked \Box: X → P (\psi'); X → Q (\phi'); P → M . (\phi); Q → M . (\psi); one square is marked \Box.,qa/DIAGRAM_SOURCE_INVENTORY.jsonl:240; source/en/chapter2-unit-030.tex:diagram 7; tikzcd; mapped_indonesian_structure_witness
chapter2-unit-030-d007,chapter2-unit-030.tex,8,"Commutative diagram with objects Hom_A(s, Y(c)), Hom_A^C(L_c(s), Y), Hom_A(s, X(c)), Hom_A^C(L_c(s), X). Arrows: Hom_A(s, Y(c)) maps to Hom_A^C(L_c(s), Y), labeled isomorphism; Hom_A(s, X(c)) maps to Hom_A^C(L_c(s), X), labeled isomorphism; Hom_A(s, X(c)) maps to Hom_A(s, Y(c)), labeled f(c)_*; Hom_A^C(L_c(s), X) maps to Hom_A^C(L_c(s), Y), labeled f_*.",qa/DIAGRAM_SOURCE_INVENTORY.jsonl:241; source/en/chapter2-unit-030.tex:diagram 8; tikzcd; mapped_indonesian_structure_witness
chapter2-unit-030-d008,chapter2-unit-030.tex,9,Commutative diagram: \bigoplus_{i \in I} X_i → \prod_{i \in I} X_i (\delta); \bigoplus_{i \in F} X_i → \prod_{i \in F} X_i (\sim); \bigoplus_{i \in F} X_i ↪ \bigoplus_{i \in I} X_i; \prod_{i \in F} X_i ↪ \prod_{i \in I} X_i (\iota_F).,qa/DIAGRAM_SOURCE_INVENTORY.jsonl:242; source/en/chapter2-unit-030.tex:diagram 9; tikzcd; mapped_indonesian_structure_witness
chapter3-unit-031-d001,chapter3-unit-031.tex,1,Category diagram: 0 → X'; X' → (I')^0; (I')^0 → (I')^1; (I')^1 → (I')^2; (I')^2 → \cdots; 0 → X; X → X' (f); X → I^0; and 6 other arrows.,qa/DIAGRAM_SOURCE_INVENTORY.jsonl:243; source/en/chapter3-unit-031.tex:diagram 1; tikzcd; mapped_indonesian_structure_witness
chapter3-unit-032-d001,chapter3-unit-032.tex,1,Commutative diagram: \varinjlim \overline{\alpha} → \varinjlim T\overline{\alpha} (d); \varinjlim T\overline{\alpha} → T\varinjlim \overline{\alpha} (\sim); \overline{\alpha}(i) → \varinjlim \overline{\alpha}; \overline{\alpha}(i) → T\overline{\alpha}(i) (d_i); T\overline{\alpha}(i) → \varinjlim T\ov…,qa/DIAGRAM_SOURCE_INVENTORY.jsonl:244; source/en/chapter3-unit-032.tex:diagram 1; tikzcd; mapped_indonesian_structure_witness
chapter3-unit-032-d002,chapter3-unit-032.tex,2,Category diagram: \varinjlim \overline{\alpha} → U(L) (f); \varinjlim \overline{\alpha} → \varinjlim T\overline{\alpha} (d); \varinjlim T\overline{\alpha} → T\varinjlim \overline{\alpha} (\sim); T\varinjlim \overline{\alpha} → TU(L) (Tf); \overline{\alpha}(i) → \varinjlim \overline{\alpha}; \overli…,qa/DIAGRAM_SOURCE_INVENTORY.jsonl:245; source/en/chapter3-unit-032.tex:diagram 2; tikzcd; mapped_indonesian_structure_witness
chapter3-unit-033-d001,chapter3-unit-033.tex,1,"Category diagram: \Hom^n\left( X^\bullet, Y^\bullet \right) → \Hom^{n+1}\left( X^\bullet, Y^\bullet \right) (d^n); \Hom^n\left( X^\bullet, Y^\bullet \right) → \Hom^n\left( \underline{X}^\bullet, \underline{Y}^\bullet \right) (\Hom^n(u, v)); \Hom^n\left( \underline{X}^\bullet, \underline{Y}^\bullet…",qa/DIAGRAM_SOURCE_INVENTORY.jsonl:246; source/en/chapter3-unit-033.tex:diagram 1; tikzcd; mapped_indonesian_structure_witness
chapter3-unit-033-diagram-002,chapter3-unit-033.tex,2,"Commutative diagram with objects C(A), C(B), K(A), K(B). Arrows: C(A) maps to C(B), labeled CF; C(A) maps to K(A); C(B) maps to K(B); K(A) maps to K(B), labeled KF.",qa/DIAGRAM_SOURCE_INVENTORY.jsonl:247; source/en/chapter3-unit-033.tex:diagram 2; tikzcd; mapped_indonesian_structure_witness
chapter3-unit-033-d002,chapter3-unit-033.tex,3,Commutative diagram: \cate{C}(\mathcal{A}) → \cate{C}(\mathcal{B}) (\cate{C}F); \cate{C}(\mathcal{A}) → \cate{K}(\mathcal{A}); \cate{C}(\mathcal{B}) → \cate{K}(\mathcal{B}).; \cate{K}(\mathcal{A}) → \cate{K}(\mathcal{B}). (\cate{K}F).,qa/DIAGRAM_SOURCE_INVENTORY.jsonl:248; source/en/chapter3-unit-033.tex:diagram 3; tikzcd; mapped_indonesian_structure_witness
chapter3-unit-033-d003,chapter3-unit-033.tex,4,Category diagram: \cate{K}F: \cate{K}(\mathcal{A}) → \cate{K}(\mathcal{B}) : \cate{K}G; \cate{K}(\mathcal{B}) : \cate{K}G → \cate{K}F: \cate{K}(\mathcal{A}).,qa/DIAGRAM_SOURCE_INVENTORY.jsonl:249; source/en/chapter3-unit-033.tex:diagram 4; tikzcd; mapped_indonesian_structure_witness
chapter3-unit-034-d001,chapter3-unit-034.tex,1,"Matrix for the mapping-cone differential d^n_{\Cone(f)}: X^{n+1} \oplus Y^n → X^{n+2} \oplus Y^{n+1}, with entries -d_X^{n+1}, 0, f^{n+1}, and d_Y^n.",qa/DIAGRAM_SOURCE_INVENTORY.jsonl:250; source/en/chapter3-unit-034.tex:diagram 1; tikzpicture; mapped_indonesian_structure_witness
chapter3-unit-034-d002,chapter3-unit-034.tex,2,Commutative diagram: X → Y (f); X → X' (\varphi); X' → Y' (f'); Y → Y' (\psi).,qa/DIAGRAM_SOURCE_INVENTORY.jsonl:251; source/en/chapter3-unit-034.tex:diagram 2; tikzcd; mapped_indonesian_structure_witness
chapter3-unit-034-d003,chapter3-unit-034.tex,3,"Commutative diagram with objects Hom(Cone(f), T), (u, h): u in Hom(Y,T), h: homotopy from uf ke 0, Hom(T, Cone(f)[-1]), (v, k): v in Hom(T,X), k: homotopy from fv ke 0. Arrows: Hom(Cone(f), T) maps to (u, h): u in Hom(Y,T), h: homotopy from uf ke 0, labeled 1:1; Hom(T, Cone(f)[-1]) maps to (v, k): v in Hom(T,X), k: homotopy from fv ke 0, labeled 1:1.",qa/DIAGRAM_SOURCE_INVENTORY.jsonl:252; source/en/chapter3-unit-034.tex:diagram 3; tikzcd; mapped_indonesian_structure_witness
chapter3-unit-034-d004,chapter3-unit-034.tex,4,Category diagram: X[1] → \Cone(\alpha(f)) (\phi); \Cone(\alpha(f)) → X[1] (\psi).,qa/DIAGRAM_SOURCE_INVENTORY.jsonl:253; source/en/chapter3-unit-034.tex:diagram 4; tikzcd; mapped_indonesian_structure_witness
chapter3-unit-034-d005,chapter3-unit-034.tex,5,"Commutative diagram with objects Cone(f), X[1], Y[1], Cone(alpha(f)). Arrows: Cone(f) maps to Cone(f), labeled id_Cone(f); Cone(f) maps to X[1], labeled beta(f); X[1] maps to Cone(alpha(f)), labeled phi; X[1] maps to Y[1], labeled -f[1]; Y[1] maps to Y[1], labeled id_Y[1]; Cone(f) maps to Cone(alpha(f)), labeled alpha(alpha(f)); Cone(alpha(f)) maps to Y[1], labeled beta(alpha(f)).",qa/DIAGRAM_SOURCE_INVENTORY.jsonl:254; source/en/chapter3-unit-034.tex:diagram 5; tikzcd; mapped_indonesian_structure_witness
chapter3-unit-034-d006,chapter3-unit-034.tex,6,Category diagram: Y → \Cyl(f) (\phi); \Cyl(f) → Y (\psi).,qa/DIAGRAM_SOURCE_INVENTORY.jsonl:255; source/en/chapter3-unit-034.tex:diagram 6; tikzcd; mapped_indonesian_structure_witness
chapter3-unit-034-d007,chapter3-unit-034.tex,7,Commutative diagram: X → X (\identity_X); X → Y (f); Y → \Cyl(f) (\phi); Y → \Cone(f) (\alpha(f)); \Cone(f) → \Cone(f) (\identity_{\Cone(f)}); X → \Cyl(f); \Cyl(f) → \Cone(f).,qa/DIAGRAM_SOURCE_INVENTORY.jsonl:256; source/en/chapter3-unit-034.tex:diagram 7; tikzcd; mapped_indonesian_structure_witness
chapter3-unit-034-diagram-008,chapter3-unit-034.tex,8,"Commutative diagram with objects X, Cylinder_X. Arrows: X maps to Cylinder_X, labeled i_0; X maps to Cylinder_X, labeled i_1; Cylinder_X maps to X, labeled j.",qa/DIAGRAM_SOURCE_INVENTORY.jsonl:257; source/en/chapter3-unit-034.tex:diagram 8; tikzcd; mapped_indonesian_structure_witness
chapter3-unit-035-d001,chapter3-unit-035.tex,1,"Category diagram: s_{1,X}^n : \sigma(X{[1]})^n = X^{1-n} → X^{1-n} = (\sigma X){[-1]}^n . (\sim).",qa/DIAGRAM_SOURCE_INVENTORY.jsonl:258; source/en/chapter3-unit-035.tex:diagram 1; tikzcd; mapped_indonesian_structure_witness
chapter3-unit-035-d002,chapter3-unit-035.tex,2,"Commutative diagram with objects sigma(X[1]), sigma(Cone(f)), sigma Y, sigma X, (sigma X)[-1], Cone(sigma(f))[-1]. Arrows: sigma(X[1]) maps to sigma(Cone(f)), labeled sigma(beta(f)); sigma(X[1]) maps to (sigma X)[-1], labeled s_1,X; sigma(Cone(f)) maps to sigma Y, labeled sigma(alpha(f)); sigma(Cone(f)) maps to Cone(sigma(f))[-1], labeled theta; sigma Y maps to sigma X, labeled sigma(f); sigma Y maps to sigma Y, labeled id; sigma X maps to sigma X, labeled id; (sigma X)[-1] maps to Cone(sigma(f))[-1], labeled alpha(sigma(f))[-1]; Cone(sigma(f))[-1] maps to sigma Y, labeled beta(sigma(f))[-1].",qa/DIAGRAM_SOURCE_INVENTORY.jsonl:259; source/en/chapter3-unit-035.tex:diagram 2; tikzcd; mapped_indonesian_structure_witness
chapter3-unit-035-d003,chapter3-unit-035.tex,3,"Category diagram: (\sigma Y)^n → (\sigma(X[1]))^{n+1}; (\sigma(X[1]))^{n+1} → (\sigma X)[-1]^{n+1} (\sim); Y^{-n} → (\sigma Y)^n; Y^{-n} → X^{-n} ((f^{-n})^{\opp}); X^{-n} → (\sigma(X[1]))^{n+1}; X^{-n} → X^{-n} (s_{1, X}^{n+1} = (-1)^n); X^{-n} → (\sigma X)[-1]^{n+1}.",qa/DIAGRAM_SOURCE_INVENTORY.jsonl:260; source/en/chapter3-unit-035.tex:diagram 3; tikzcd; mapped_indonesian_structure_witness
chapter3-unit-036-d001,chapter3-unit-036.tex,1,"Category diagram: \cdots → X^{p, q+1}; X^{p, q+1} → X^{p+1, q+1}; X^{p, q+1} → \vdots; X^{p+1, q+1} → \cdots; X^{p+1, q+1} → \vdots; \cdots → X^{p, q}; X^{p, q} → X^{p+1, q} (\dhori^{p,q}); X^{p, q} → X^{p, q+1} (\dvert^{p,q}); and 4 other arrows.",qa/DIAGRAM_SOURCE_INVENTORY.jsonl:261; source/en/chapter3-unit-036.tex:diagram 1; tikzcd; mapped_indonesian_structure_witness
chapter3-unit-036-d002,chapter3-unit-036.tex,2,"Bicomplex grid centered at X^(p,q). Horizontal differentials connect the terms in row p, vertical differentials connect the terms in column q, and the boundary terms display the corresponding pieces of the two filtrations F_I X and F_II X.",qa/DIAGRAM_SOURCE_INVENTORY.jsonl:262; source/en/chapter3-unit-036.tex:diagram 2; tikzcd; mapped_indonesian_structure_witness
chapter3-unit-036-d003,chapter3-unit-036.tex,3,"Category diagram: X^{p,q} → X^{p,q} ((-1)^{pq} \identity); X^{p,q} → X^{p+1, q} \oplus X^{p, q+1} ( (\dhori, (-1)^p \dvert) ); X^{p+1, q} \oplus X^{p, q+1} → X^{p+1, q} \oplus X^{p, q+1} (((-1)^{(p+1)q} \identity, (-1)^{p(q+1)} \i…); X^{p,q} → X^{p+1, q} \oplus X^{p, q+1} (((-1)^q \dhori, \dvert)).",qa/DIAGRAM_SOURCE_INVENTORY.jsonl:263; source/en/chapter3-unit-036.tex:diagram 3; tikzcd; mapped_indonesian_structure_witness
chapter3-unit-036-d004,chapter3-unit-036.tex,4,"Commutative diagram with objects Tot_ direct sum (X[1]_I[1]_II), Tot_ direct sum (X[1]_II)[1], Tot_ direct sum (X[1]_I)[1], Tot_ direct sum (X)[2]. Arrows: Tot_ direct sum (X[1]_I[1]_II) maps to Tot_ direct sum (X[1]_II)[1], labeled theta_X[1]_II; Tot_ direct sum (X[1]_I[1]_II) maps to Tot_ direct sum (X[1]_I)[1], labeled theta'_X[1]_I; Tot_ direct sum (X[1]_II)[1] maps to Tot_ direct sum (X)[2], labeled theta'_X [1]; Tot_ direct sum (X[1]_I)[1] maps to Tot_ direct sum (X)[2], labeled theta_X [1].",qa/DIAGRAM_SOURCE_INVENTORY.jsonl:264; source/en/chapter3-unit-036.tex:diagram 4; tikzcd; mapped_indonesian_structure_witness
chapter3-unit-036-d005,chapter3-unit-036.tex,5,"Commutative diagram with objects Tot_ direct sum (X[1]_I[1]_II), Tot_ direct sum (X)[2], Tot_ direct sum (swap(X)[1]_I[1]_II), Tot_ direct sum (swap(X))[2]. Arrows: Tot_ direct sum (X[1]_I[1]_II) maps to Tot_ direct sum (X)[2], labeled theta then theta'; Tot_ direct sum (X[1]_I[1]_II) maps to Tot_ direct sum (swap(X)[1]_I[1]_II), labeled r_X[1]_I[1]_II; Tot_ direct sum (X)[2] maps to Tot_ direct sum (swap(X))[2], labeled r_X[2]; Tot_ direct sum (swap(X)[1]_I[1]_II) maps to Tot_ direct sum (swap(X))[2], labeled theta' then theta.",qa/DIAGRAM_SOURCE_INVENTORY.jsonl:265; source/en/chapter3-unit-036.tex:diagram 5; tikzcd; mapped_indonesian_structure_witness
chapter3-unit-036-d006,chapter3-unit-036.tex,6,"Commutative diagram: X^{p+1, q+1} → X^{p+1, q+1} ((-1)^p \identity); X^{p+1, q+1} → X^{p+1, q+1} (\identity); X^{p+1, q+1} → X^{p+1, q+1} ((-1)^{p+1} \identity).",qa/DIAGRAM_SOURCE_INVENTORY.jsonl:266; source/en/chapter3-unit-036.tex:diagram 6; tikzcd; mapped_indonesian_structure_witness
chapter3-unit-036-d007,chapter3-unit-036.tex,7,"Category diagram: \cate{C}^2 F: \cate{C}(\mathcal{A}_1) \times \cate{C}(\mathcal{A}_2) → \cate{C}^2(\mathcal{B}); (X, Y) → (F(X, Y))^{p, q} := F(X^p, Y^q).",qa/DIAGRAM_SOURCE_INVENTORY.jsonl:267; source/en/chapter3-unit-036.tex:diagram 7; tikzcd; mapped_indonesian_structure_witness
chapter3-unit-036-d008,chapter3-unit-036.tex,8,"Category diagram: X^{p,q} → Y^{p-1, q} (h^{p,q}); X^{p,q} → Y^{p, q-1} (k^{p, q}).",qa/DIAGRAM_SOURCE_INVENTORY.jsonl:268; source/en/chapter3-unit-036.tex:diagram 8; tikzcd; mapped_indonesian_structure_witness
chapter3-unit-036-d009,chapter3-unit-036.tex,9,"Commutative diagram with objects C(A)^op times C(A), C(A^op) times C(A), C^2(Ab), C(A) times C(A)^op, C(A) times C(A^op). Arrows: C(A)^op times C(A) maps to C(A) times C(A)^op, labeled equivalence; C(A)^op times C(A) maps to C(A^op) times C(A), labeled (sigma^-1, id); C(A^op) times C(A) maps to C^2(Ab), labeled C^2 Hom(dot, dot); C(A^op) times C(A) maps to C(A) times C(A^op), labeled equivalence; C^2(Ab) maps to C^2(Ab), labeled swap; C(A) times C(A)^op maps to C(A) times C(A^op), labeled (id, sigma^-1); C(A) times C(A^op) maps to C^2(Ab), labeled C^2 F.",qa/DIAGRAM_SOURCE_INVENTORY.jsonl:269; source/en/chapter3-unit-036.tex:diagram 9; tikzcd; mapped_indonesian_structure_witness
chapter3-unit-036-d010,chapter3-unit-036.tex,10,"Category diagram: \Hom^{p-1, q}(X, Y) → \Hom^{p, q}(X, Y) (\dhori^{p-1, q}); \Hom^{p, q-1}(X, Y) . → \Hom^{p, q}(X, Y) ((-1)^p \dvert^{p, q-1}).",qa/DIAGRAM_SOURCE_INVENTORY.jsonl:270; source/en/chapter3-unit-036.tex:diagram 10; tikzcd; mapped_indonesian_structure_witness
chapter3-unit-037-d001,chapter3-unit-037.tex,1,"Commutative diagram with objects Ker(d_X^n), H^n(X), Coker(d_X^n-1), Ker(d_Y^n), H^n(Y), Coker(d_Y^n-1). Arrows: Ker(d_X^n) surjects onto H^n(X); Ker(d_X^n) maps to Ker(d_Y^n), labeled induced by f; H^n(X) includes into Coker(d_X^n-1); H^n(X) maps to H^n(Y), labeled H^n(f); Coker(d_X^n-1) maps to Coker(d_Y^n-1), labeled induced by f; Ker(d_Y^n) surjects onto H^n(Y); H^n(Y) includes into Coker(d_Y^n-1).",qa/DIAGRAM_SOURCE_INVENTORY.jsonl:271; source/en/chapter3-unit-037.tex:diagram 1; tikzcd; mapped_indonesian_structure_witness
chapter3-unit-037-d002,chapter3-unit-037.tex,2,Exact diagram: \cdots → \Hm^{n-1}(Y); \Hm^{n-1}(Y) → \Hm^{n-1}(Z) \tikztostart.east) |- (A) [near end]\tikztonodes -| ([xshi… (\Hm^{n-1}(g)); \Hm^{n-1}(Z) \tikztostart.east) |- (A) [near end]\tikztonodes -| ([xshi… → \Hm^n(X) (\delta^{n-1}); \Hm^n(X) → \Hm^n(Y) (\Hm^n(f)); \Hm^n(Y) → \Hm^n(Z) \tikz…,qa/DIAGRAM_SOURCE_INVENTORY.jsonl:272; source/en/chapter3-unit-037.tex:diagram 2; tikzcd; mapped_indonesian_structure_witness
chapter3-unit-037-d003,chapter3-unit-037.tex,3,Commutative diagram: 0 → X; X → Y; X → \underline{X}; Y → Z; Y → \underline{Y}; Z → \underline{Z}; Z → 0; 0 → \underline{X}; and 3 other arrows.,qa/DIAGRAM_SOURCE_INVENTORY.jsonl:273; source/en/chapter3-unit-037.tex:diagram 3; tikzcd; mapped_indonesian_structure_witness
chapter3-unit-037-d004,chapter3-unit-037.tex,4,Commutative diagram: \cdots → \Hm^n(X); \Hm^n(X) → \Hm^n(\underline{X}); \Hm^n(X) → \Hm^n(Y); \Hm^n(Y) → \Hm^n(Z); \Hm^n(Y) → \Hm^n(\underline{Y}); \Hm^n(Z) → \Hm^{n+1}(X); \Hm^n(Z) → \Hm^n(\underline{Z}); \Hm^{n+1}(X) → \cdots; and 6 other arrows.,qa/DIAGRAM_SOURCE_INVENTORY.jsonl:274; source/en/chapter3-unit-037.tex:diagram 4; tikzcd; mapped_indonesian_structure_witness
chapter3-unit-037-d005,chapter3-unit-037.tex,5,Category diagram: 0 → X^{n-1}; X^{n-1} → Y^{n-1}; X^{n-1} → X^n; Y^{n-1} → Z^{n-1}; Y^{n-1} → Y^n; Z^{n-1} → 0; Z^{n-1} → Z^n; 0 → X^n; and 3 other arrows.,qa/DIAGRAM_SOURCE_INVENTORY.jsonl:275; source/en/chapter3-unit-037.tex:diagram 5; tikzcd; mapped_indonesian_structure_witness
chapter3-unit-037-d006,chapter3-unit-037.tex,6,Commutative diagram: \Coker(d_X^{n-2}) → \Coker(d_Y^{n-2}); \Coker(d_X^{n-2}) → \Ker(d_X^n); \Coker(d_Y^{n-2}) → \Coker(d_Z^{n-2}); \Coker(d_Y^{n-2}) → \Ker(d_Y^n); \Coker(d_Z^{n-2}) → \Ker(d_Z^n); \Coker(d_Z^{n-2}) → 0; 0 → \Ker(d_X^n); \Ker(d_X^n) → \Ker(d_Y^n); and 1 other arrows.,qa/DIAGRAM_SOURCE_INVENTORY.jsonl:276; source/en/chapter3-unit-037.tex:diagram 6; tikzcd; mapped_indonesian_structure_witness
chapter3-unit-038-d001,chapter3-unit-038.tex,1,Commutative diagram: 0 → X; X → X (\identity_X); X → 0; X → Y (f); 0 → 0; 0 → Z; Y → Z (g); Z → 0.,qa/DIAGRAM_SOURCE_INVENTORY.jsonl:277; source/en/chapter3-unit-038.tex:diagram 1; tikzcd; mapped_indonesian_structure_witness
chapter3-unit-038-d002,chapter3-unit-038.tex,2,Commutative diagram: 0 → X; X → 0; X → Y (f); Y → Z (g); Z → Z (\identity_Z); Z → 0; 0 → 0; 0 → Z.,qa/DIAGRAM_SOURCE_INVENTORY.jsonl:278; source/en/chapter3-unit-038.tex:diagram 2; tikzcd; mapped_indonesian_structure_witness
chapter3-unit-038-d003,chapter3-unit-038.tex,3,"Exact-sequence diagram with objects 0, Cone(id_X), Cone(X xrightarrowf Y), Cone(0 to Z), Cone(X to 0), Cone(Y xrightarrowg Z), Cone(id_Z). Arrows: 0 maps to Cone(id_X); Cone(id_X) maps to Cone(X xrightarrowf Y); Cone(X xrightarrowf Y) maps to Cone(0 to Z); Cone(0 to Z) maps to 0; 0 maps to Cone(X to 0); Cone(X to 0) maps to Cone(Y xrightarrowg Z); Cone(Y xrightarrowg Z) maps to Cone(id_Z); Cone(id_Z) maps to 0.",qa/DIAGRAM_SOURCE_INVENTORY.jsonl:279; source/en/chapter3-unit-038.tex:diagram 3; tikzcd; mapped_indonesian_structure_witness
chapter3-unit-038-d004,chapter3-unit-038.tex,4,"Mapping-cone comparison triangle: Phi maps Cone(f) to Cone(g), Phi' maps X[1] to Cone(g), beta(f) maps Cone(f) to X[1], and alpha(g) maps Z to Cone(g). The displayed matrices express alpha(g) Phi plus Phi' beta(f) as the diagonal map with entries f[1] and g.",qa/DIAGRAM_SOURCE_INVENTORY.jsonl:280; source/en/chapter3-unit-038.tex:diagram 4; tikzcd; mapped_indonesian_structure_witness
chapter3-unit-038-d005,chapter3-unit-038.tex,5,Category diagram: \cdots → \Hm^{n-1}(Y); \Hm^{n-1}(Y) → \Hm^{n-1}(Z) \tikztostart.east) |- (A) [near end]\tikztonodes -| ([xshi…; \Hm^{n-1}(Z) \tikztostart.east) |- (A) [near end]\tikztonodes -| ([xshi… → \Hm^n(X); \Hm^n(X) → \Hm^n(Y); \Hm^n(Y) → \Hm^n(Z) \tikztostart.east) |- (B) [near end]\tikzto…,qa/DIAGRAM_SOURCE_INVENTORY.jsonl:281; source/en/chapter3-unit-038.tex:diagram 5; tikzcd; mapped_indonesian_structure_witness
chapter3-unit-038-d006,chapter3-unit-038.tex,6,Exact diagram: \cdots → \Hm^n(Y); \Hm^n(Y) → \Hm^n(Z) (\Hm^n(g)); \Hm^n(Z) → \Hm^{n+1}(X) (\delta^n); \Hm^{n+1}(X) → \Hm^{n+1}(Y) (\Hm^{n+1}(f)); \Hm^{n+1}(Y) → \cdots.,qa/DIAGRAM_SOURCE_INVENTORY.jsonl:282; source/en/chapter3-unit-038.tex:diagram 6; tikzcd; mapped_indonesian_structure_witness
chapter3-unit-038-d007,chapter3-unit-038.tex,7,"Comparison of long exact cohomology sequences. The upper row is H^n(Y) to H^n(Cone(f)) to H^n(X[1]) to H^(n+1)(Y); the lower row is H^n(Y) to H^n(Z) to H^(n+1)(X) to H^(n+1)(Y). Vertical maps are the identity maps, H^n(Phi), eta^n, and xi^n.",qa/DIAGRAM_SOURCE_INVENTORY.jsonl:283; source/en/chapter3-unit-038.tex:diagram 7; tikzcd; mapped_indonesian_structure_witness
chapter3-unit-038-d008,chapter3-unit-038.tex,8,"Comparison of long exact cohomology sequences. The upper row is H^n(Z) to H^n(Cone(g)) to H^n(Y[1]) to H^(n+1)(Z); the lower row is H^n(Z) to H^n(X[1]) to H^(n+1)(Y) to H^(n+1)(Z). Vertical maps are the identity maps, (eta')^n, H^n(Phi'), and (xi')^n.",qa/DIAGRAM_SOURCE_INVENTORY.jsonl:284; source/en/chapter3-unit-038.tex:diagram 8; tikzcd; mapped_indonesian_structure_witness
chapter3-unit-038-d009,chapter3-unit-038.tex,9,Category diagram: \Coker(d_X^{n-1}) → \Coker(d_Y^{n-1}); \Coker(d_X^{n-1}) → \Ker(d_X^{n+1}); \Coker(d_Y^{n-1}) → \Coker(d_Z^{n-1}); \Coker(d_Y^{n-1}) → \Ker(d_Y^{n+1}); \Coker(d_Z^{n-1}) → \Ker(d_Z^{n+1}); \Coker(d_Z^{n-1}) → 0; 0 → \Ker(d_X^{n+1}); \Ker(d_X^{n+1}) → \Ker(d_Y^{n+1}); and 1 arrow…,qa/DIAGRAM_SOURCE_INVENTORY.jsonl:285; source/en/chapter3-unit-038.tex:diagram 9; tikzcd; mapped_indonesian_structure_witness
chapter3-unit-038-d010,chapter3-unit-038.tex,10,Category diagram with a square marked \Box: S ↠ \Hm^n(Z) (w); S → \Coker(d_Y^{n-1}) (v); S → \Ker(d_X^{n+1}) (u); \Hm^n(Z) ↪ \Coker(d_Z^{n-1}); \Coker(d_Y^{n-1}) ↠ \Coker(d_Z^{n-1}); \Coker(d_Y^{n-1}) → \Ker(d_Y^{n+1}) (a); \Coker(d_Z^{n-1}) → \Ker(d_Z^{n+1}); \Ker(d_X^{n+1}) ↪ \Ker(d_Y^{n+1}) (…,qa/DIAGRAM_SOURCE_INVENTORY.jsonl:286; source/en/chapter3-unit-038.tex:diagram 10; tikzcd; mapped_indonesian_structure_witness
chapter3-unit-038-d011,chapter3-unit-038.tex,11,Category diagram: \Hm^n(Z) → \Hm^{n+1}(X) (\delta^n); S ↠ \Hm^n(Z) (w); S → \Ker\left( d_X^{n+1} \right) (u); \Ker\left( d_X^{n+1} \right) ↠ \Hm^{n+1}(X).,qa/DIAGRAM_SOURCE_INVENTORY.jsonl:287; source/en/chapter3-unit-038.tex:diagram 11; tikzcd; mapped_indonesian_structure_witness
chapter3-unit-038-d012,chapter3-unit-038.tex,12,"Commutative diagram: \Ker(d_X^{n+1}) \oplus \Coker(d_Y^{n-1}) → \Ker(d_Y^{n+1}) ((b,a)); \Ker(d_X^{n+1}) \oplus \Coker(d_Y^{n-1}) ↪ X^{n+1} \oplus \Coker\left( d_Y^{n-1} \right); X^{n+1} \oplus \Coker\left( d_Y^{n-1} \right) ↠ \Coker\left( d_{\Cone(f)}^{n-1} \right); \Coker\left( d_{\Cone(f)}^{n-1} \…",qa/DIAGRAM_SOURCE_INVENTORY.jsonl:288; source/en/chapter3-unit-038.tex:diagram 12; tikzcd; mapped_indonesian_structure_witness
chapter3-unit-038-d013,chapter3-unit-038.tex,13,"Commutative diagram with objects S, Ker(d_X^n+1) direct sum Coker(d_Y^n-1), Ker(d_X^n+1), H^n+1(X), H^n(Cone(f)), Coker(d_Cone(f)^n-1), Coker(d_X^n), H^n(Z), Coker(d_Z^n-1). Arrows: S maps to H^n(Z), labeled w; S maps to H^n(Cone(f)); S maps to Ker(d_X^n+1) direct sum Coker(d_Y^n-1), labeled (-u, v); Ker(d_X^n+1) direct sum Coker(d_Y^n-1) maps to Coker(d_Cone(f)^n-1), labeled evident; Ker(d_X^n+1) direct sum Coker(d_Y^n-1) maps to Ker(d_X^n+1), labeled projection; Ker(d_X^n+1) surjects onto H^n+1(X); H^n+1(X) includes into Coker(d_X^n); H^n(Cone(f)) maps to H^n(Z), labeled equivalence; H^n(Cone(f)) includes into Coker(d_Cone(f)^n-1); Coker(d_Cone(f)^n-1) maps to Coker(d_X^n), labeled induced by beta(f); Coker(d_Cone(f)^n-1) maps to Coker(d_Z^n-1), labeled induced by Phi; H^n(Z) includes into Coker(d_Z^n-1).",qa/DIAGRAM_SOURCE_INVENTORY.jsonl:289; source/en/chapter3-unit-038.tex:diagram 13; tikzcd; mapped_indonesian_structure_witness
chapter3-unit-038-d014,chapter3-unit-038.tex,14,"Category diagram: S → \Ker\left( d_X^{n+1} \right) \oplus \Coker\left( d_Y^{n-1} \right) ((-u, v)); S → \Hm^n(Z) (w); \Ker\left( d_X^{n+1} \right) \oplus \Coker\left( d_Y^{n-1} \right) → \Coker\left( d_Z^{n-1} \right); \Hm^n(Z) ↪ \Coker\left( d_Z^{n-1} \right).",qa/DIAGRAM_SOURCE_INVENTORY.jsonl:290; source/en/chapter3-unit-038.tex:diagram 14; tikzcd; mapped_indonesian_structure_witness
chapter3-unit-038-d015,chapter3-unit-038.tex,15,Commutative diagram: S → \Hm^n(Z) (w); S → \Ker\left( d_X^{n+1} \right) (-u); \Ker\left( d_X^{n+1} \right) → \Hm^{n+1}(X) .; \Hm^n(Z) → \Hm^n\left( \Cone(f) \right) (\sim); \Hm^n\left( \Cone(f) \right) → \Hm^{n+1}(X) . (\Hm^n(\beta(f))).,qa/DIAGRAM_SOURCE_INVENTORY.jsonl:291; source/en/chapter3-unit-038.tex:diagram 15; tikzcd; mapped_indonesian_structure_witness
chapter3-unit-038-d016,chapter3-unit-038.tex,16,"Commutative diagram: 0 → Y; Y → \Cone(f) (\alpha(f)); \Cone(f) → \Cone(\alpha(f)) (\alpha(\alpha(f))); \Cone(\alpha(f)) → X[1] (\Phi = (0, \beta(f))); \Cone(\alpha(f)) → 0; Y → Y; \Cone(f) → X[1] (\beta(f)); \Cone(f) → \Cone(f); and 1 other arrows.",qa/DIAGRAM_SOURCE_INVENTORY.jsonl:292; source/en/chapter3-unit-038.tex:diagram 16; tikzcd; mapped_indonesian_structure_witness
chapter3-unit-039-d001,chapter3-unit-039.tex,1,Category diagram: \cdots → \mathsf{B}_1 R (b_2); \mathsf{B}_1 R → \mathsf{B}_0 R (b_1); \mathsf{B}_0 R → (\mathsf{B}_{-1} R := R) (b_0); (\mathsf{B}_{-1} R := R) → 0; (r_0 | r_1) → r_0 r_1.,qa/DIAGRAM_SOURCE_INVENTORY.jsonl:293; source/en/chapter3-unit-039.tex:diagram 1; tikzcd; mapped_indonesian_structure_witness
chapter3-unit-039-d002,chapter3-unit-039.tex,2,Category diagram: M \dotimes{R^e} \mathsf{B}_n R ⇒ M \otimes R^{\otimes n} (\sim); m \otimes (r_0 \otimes \cdots \otimes r_{n+1}) → (r_{n+1} m r_0 | r_1 | \cdots | r_n); (m | r_1 | \cdots | r_n) → m \otimes (1_R \otimes r_1 \otimes \cdots \otimes r_n \otimes 1_R ).,qa/DIAGRAM_SOURCE_INVENTORY.jsonl:294; source/en/chapter3-unit-039.tex:diagram 2; tikzcd; mapped_indonesian_structure_witness
chapter3-unit-039-d003,chapter3-unit-039.tex,3,"Commutative diagram with objects Hom_R^e(B_nR, M), Hom_k(R^ tensor n, M), phi, [(r_1,...,r_n)maps to phi(1_R,r_1,...,r_n,1_R)], [r_0 tensor... tensor r_n+1maps to r_0f(r_1,...,r_n)r_n+1], f. Arrows: Hom_R^e(B_nR, M) maps to Hom_k(R^ tensor n, M), labeled isomorphism; phi maps to [(r_1,...,r_n)maps to phi(1_R,r_1,...,r_n,1_R)]; f maps to [r_0 tensor... tensor r_n+1maps to r_0f(r_1,...,r_n)r_n+1].",qa/DIAGRAM_SOURCE_INVENTORY.jsonl:295; source/en/chapter3-unit-039.tex:diagram 3; tikzcd; mapped_indonesian_structure_witness
chapter3-unit-039-d004,chapter3-unit-039.tex,4,"Category diagram: \Hom_R(\Omega_{R|\Bbbk}, M) ⇒ \Der_{\Bbbk}(R, M) (\sim); \varphi → {\left[r\mapsto\varphi(\dd r)\right]}; D . → {\left[\dd r\mapsto D(r)\right]}.",qa/DIAGRAM_SOURCE_INVENTORY.jsonl:296; source/en/chapter3-unit-039.tex:diagram 4; tikzcd; mapped_indonesian_structure_witness
chapter3-unit-039-d005,chapter3-unit-039.tex,5,Category diagram: (M \otimes R) / \Image(d_2) → M \dotimes{R} \Omega_{R|\Bbbk}; M \dotimes{R} \Omega_{R|\Bbbk} → (M \otimes R) / \Image(d_2); (m|r) + \Image(d_2) → m \otimes \dd r; m \otimes r' \dd r . → (r'm|r) + \Image(d_2).,qa/DIAGRAM_SOURCE_INVENTORY.jsonl:297; source/en/chapter3-unit-039.tex:diagram 5; tikzcd; mapped_indonesian_structure_witness
chapter3-unit-039-d006,chapter3-unit-039.tex,6,"Circular Hochschild-chain picture: the entries m, r_1, r_2, …, r_n are arranged cyclically, with r_n adjacent to m.",qa/DIAGRAM_SOURCE_INVENTORY.jsonl:298; source/en/chapter3-unit-039.tex:diagram 6; tikzpicture; mapped_indonesian_structure_witness
chapter3-unit-039-d007,chapter3-unit-039.tex,7,Category diagram: t_n: R^{\otimes (n+1)} → R^{\otimes (n+1)}; (r_0 | \cdots | r_n) → (-1)^n \cdot (r_n | r_0 | \cdots | r_{n-1}).,qa/DIAGRAM_SOURCE_INVENTORY.jsonl:299; source/en/chapter3-unit-039.tex:diagram 7; tikzcd; mapped_indonesian_structure_witness
chapter3-unit-039-d008,chapter3-unit-039.tex,8,Category diagram: \vdots → R^{\otimes (q+1)} (d_{q+1}); \vdots → R^{\otimes (q+1)} (d'_{q+1}); R^{\otimes (q+1)} → R^{\otimes q} (d_q); R^{\otimes (q+1)} → \cdots (N_q); R^{\otimes (q+1)} → R^{\otimes q} (d'_q); R^{\otimes (q+1)} → R^{\otimes (q+1)} (\identity - t_q); \cdots → R^{\otimes (q+1)}; R^…,qa/DIAGRAM_SOURCE_INVENTORY.jsonl:300; source/en/chapter3-unit-039.tex:diagram 8; tikzcd; mapped_indonesian_structure_witness
chapter3-unit-039-d009,chapter3-unit-039.tex,9,"Category diagram: 0 → \text{column to-$0$}; \text{column to-$0$} → \sigma_{\mathrm{I},[0,1]}\mathrm{CC}(R); \sigma_{\mathrm{I},[0,1]}\mathrm{CC}(R) → \text{column to-$1$}; \text{column to-$1$} → 0 ..",qa/DIAGRAM_SOURCE_INVENTORY.jsonl:301; source/en/chapter3-unit-039.tex:diagram 9; tikzcd; mapped_indonesian_structure_witness
chapter3-unit-039-d010,chapter3-unit-039.tex,10,"Exact-sequence diagram with objects 0, column-0, Tot(sigma_I,[0,1]CC(R)), column-1, C_point(R,R), B'R. Arrows: 0 maps to column-0; column-0 maps to Tot(sigma_I,[0,1]CC(R)); Tot(sigma_I,[0,1]CC(R)) maps to column-1; column-1 maps to 0; C_point(R,R) maps to column-0, labeled isomorphism; B'R maps to column-1, labeled isomorphism.",qa/DIAGRAM_SOURCE_INVENTORY.jsonl:302; source/en/chapter3-unit-039.tex:diagram 10; tikzcd; mapped_indonesian_structure_witness
chapter3-unit-039-d011,chapter3-unit-039.tex,11,"Exact-sequence diagram with objects 0, sigma_I,[0,1]CC(R), sigma_I, greater than or equal to 0CC(R), (sigma_I, greater than or equal to 0CC(R))_I[-2]. Arrows: 0 maps to sigma_I,[0,1]CC(R); sigma_I,[0,1]CC(R) maps to sigma_I, greater than or equal to 0CC(R); sigma_I, greater than or equal to 0CC(R) maps to (sigma_I, greater than or equal to 0CC(R))_I[-2]; (sigma_I, greater than or equal to 0CC(R))_I[-2] maps to 0.",qa/DIAGRAM_SOURCE_INVENTORY.jsonl:303; source/en/chapter3-unit-039.tex:diagram 11; tikzcd; mapped_indonesian_structure_witness
chapter3-unit-040-d001,chapter3-unit-040.tex,1,Category diagram: \tau^{\leq n} X ↪ \tilde{\tau}^{\leq n} X; \cdots → X^{n-2}; X^{n-2} → X^{n-1}; X^{n-1} → \Ker(d^n); \Ker(d^n) → 0; \Ker(d^n) ↪ X^n; 0 → 0; 0 → \cdots; and 18 other arrows.,qa/DIAGRAM_SOURCE_INVENTORY.jsonl:304; source/en/chapter3-unit-040.tex:diagram 1; tikzcd; mapped_indonesian_structure_witness
chapter3-unit-040-d002,chapter3-unit-040.tex,2,"Two-row morphism of truncated complexes. The top row runs from the preceding terms through X^(n-2), X^(n-1), Ker(d_X^n), and 0; the bottom row has the corresponding Y terms. Vertical maps are h^(n-2), h^(n-1), the induced map on kernels, and zero.",qa/DIAGRAM_SOURCE_INVENTORY.jsonl:305; source/en/chapter3-unit-040.tex:diagram 2; tikzcd; mapped_indonesian_structure_witness
chapter3-unit-041-d001,chapter3-unit-041.tex,1,Category diagram: \cate{C}^2(\mathcal{A}) → \cate{C}(\cate{C}(\mathcal{A})) (F_{\mathrm{I}}); \cate{C}^2(\mathcal{A}) → \cate{C}(\cate{C}(\mathcal{A})) (F_{\mathrm{II}}).,qa/DIAGRAM_SOURCE_INVENTORY.jsonl:306; source/en/chapter3-unit-041.tex:diagram 1; tikzcd; mapped_indonesian_structure_witness
chapter3-unit-041-d002,chapter3-unit-041.tex,2,"Category diagram: \Hm^p(X^{\bullet, q+1}, \dhori) → \vdots (\dvert); \Hm^p(X^{\bullet, q}, \dhori) → \Hm^p(X^{\bullet, q+1}, \dhori) (\dvert); \vdots → \Hm^p(X^{\bullet, q}, \dhori) (\dvert).",qa/DIAGRAM_SOURCE_INVENTORY.jsonl:307; source/en/chapter3-unit-041.tex:diagram 2; tikzcd; mapped_indonesian_structure_witness
chapter3-unit-041-d003,chapter3-unit-041.tex,3,Category diagram: Y^{n-h+1} → \vdots (d_Y); Y^{n-h+1} → Y^{n-h+1} (\identity); Y^{n-h} → Y^{n-h} (\identity); Y^{n-h} → Y^{n-h+1} (d_Y).,qa/DIAGRAM_SOURCE_INVENTORY.jsonl:308; source/en/chapter3-unit-041.tex:diagram 3; tikzcd; mapped_indonesian_structure_witness
chapter3-unit-041-d004,chapter3-unit-041.tex,4,Commutative diagram: \Hm^n(\tot(X)) → \Hm^n(\tot(Y)) (\Hm^n(\tot(f))); \Hm^n(\tot(X)) → \Hm^n\left( \tot(\tau_{\mathrm{I}}^{\geq r} X) \right) (\sim); \Hm^n(\tot(Y)) → \Hm^n\left( \tot(\tau_{\mathrm{I}}^{\geq r} Y) \right) (\sim); \Hm^n\left( \tot(\tau_{\mathrm{I}}^{\geq r} X) \right) → \Hm^n\left( \…,qa/DIAGRAM_SOURCE_INVENTORY.jsonl:309; source/en/chapter3-unit-041.tex:diagram 4; tikzcd; mapped_indonesian_structure_witness
chapter3-unit-041-d005,chapter3-unit-041.tex,5,Commutative diagram: 0 → \tot\left( \tilde{\tau}_{\mathrm{I}}^{\leq q-1} X \right); \tot\left( \tilde{\tau}_{\mathrm{I}}^{\leq q-1} X \right) → \tot\left( \tau_{\mathrm{I}}^{\leq q} X \right); \tot\left( \tilde{\tau}_{\mathrm{I}}^{\leq q-1} X \right) → \tot\left( \tilde{\tau}_{\mathrm{I}}^{\leq q-1}…,qa/DIAGRAM_SOURCE_INVENTORY.jsonl:310; source/en/chapter3-unit-041.tex:diagram 5; tikzcd; mapped_indonesian_structure_witness
chapter3-unit-041-d006,chapter3-unit-041.tex,6,Category diagram: \tot\left( \tau_{\mathrm{I}}^{\leq q} X \right) → \tot\left( \tilde{\tau}_{\mathrm{I}}^{\leq q} X \right); \tot\left( \tau_{\mathrm{I}}^{\leq q} X \right) → \tot\left( \tau_{\mathrm{I}}^{\leq q} Y \right) (\beta_q); \tot\left( \tilde{\tau}_{\mathrm{I}}^{\leq q} X \right) → \tot\le…,qa/DIAGRAM_SOURCE_INVENTORY.jsonl:311; source/en/chapter3-unit-041.tex:diagram 6; tikzcd; mapped_indonesian_structure_witness
chapter3-unit-041-d007,chapter3-unit-041.tex,7,Commutative diagram: \Hm^n(\tot(X)) → \Hm^n(\tot(Y)) (\Hm^n(\tot(f))); \Hm^n\left( \tot(\tau_{\mathrm{I}}^{\leq q} X) \right) → \Hm^n\left( \tot(\tau_{\mathrm{I}}^{\leq q} Y) \right) (\Hm^n(\beta_q)); \Hm^n\left( \tot(\tau_{\mathrm{I}}^{\leq q} X) \right) → \Hm^n(\tot(X)) (\sim); \Hm^n\left( \tot(\ta…,qa/DIAGRAM_SOURCE_INVENTORY.jsonl:312; source/en/chapter3-unit-041.tex:diagram 7; tikzcd; mapped_indonesian_structure_witness
chapter3-unit-042-d001,chapter3-unit-042.tex,1,Category diagram: \cdots 0 → 0; 0 → X; 0 → 0; X → I^0; X → 0; 0 → I^1; 0 → \cdots; 0 → I^2; and 4 other arrows.,qa/DIAGRAM_SOURCE_INVENTORY.jsonl:313; source/en/chapter3-unit-042.tex:diagram 1; tikzcd; mapped_indonesian_structure_witness
chapter3-unit-042-d002,chapter3-unit-042.tex,2,Category diagram: \cdots → X^{n-1}; X^{n-1} → X^n (d_X^{n-1}); X^{n-1} → I^{n-1} (f^{n-1}); X^n → X^{n+1} (d_X^n); X^n → I^n (f^n); X^{n+1} → \cdots; \cdots → I^{n-1}; I^{n-1} → I^n (d_I^{n-1}).,qa/DIAGRAM_SOURCE_INVENTORY.jsonl:314; source/en/chapter3-unit-042.tex:diagram 2; tikzcd; mapped_indonesian_structure_witness
chapter3-unit-042-d003,chapter3-unit-042.tex,3,"Commutative diagram with objects X^n / Ker(d_X^n), X^n+1, I^n / (f^n (Ker(d_X^n)) + Image(d_I^n-1)), T. Arrows: X^n / Ker(d_X^n) includes into X^n+1, labeled delta: induced by d_X^n; X^n / Ker(d_X^n) maps to I^n / (f^n (Ker(d_X^n)) + Image(d_I^n-1)), labeled alpha: induced by f^n; X^n+1 maps to T, labeled beta; I^n / (f^n (Ker(d_X^n)) + Image(d_I^n-1)) maps to T, labeled eta; T maps to X^n / Ker(d_X^n), labeled boxplus.",qa/DIAGRAM_SOURCE_INVENTORY.jsonl:315; source/en/chapter3-unit-042.tex:diagram 3; tikzcd; mapped_indonesian_structure_witness
chapter3-unit-042-d004,chapter3-unit-042.tex,4,Category diagram: I^n ↪ I^n \oplus \left( X^n / \Image\left( d_X^{n-1} \right) \right) (\iota_1); I^n \oplus \left( X^n / \Image\left( d_X^{n-1} \right) \right) ↠ I^n (p_1); I^n \oplus \left( X^n / \Image\left( d_X^{n-1} \right) \right) ↠ X^n / \Image\left( d_X^{n-1} \right) (p_2); X^n / \Image\lef…,qa/DIAGRAM_SOURCE_INVENTORY.jsonl:316; source/en/chapter3-unit-042.tex:diagram 4; tikzcd; mapped_indonesian_structure_witness
chapter3-unit-042-d005,chapter3-unit-042.tex,5,Category diagram: Y → I (\beta); X → Y (\alpha); X → I (\gamma).,qa/DIAGRAM_SOURCE_INVENTORY.jsonl:317; source/en/chapter3-unit-042.tex:diagram 5; tikzcd; mapped_indonesian_structure_witness
chapter3-unit-042-d006,chapter3-unit-042.tex,6,Category diagram: X → Y (\alpha); P → Y (\gamma); P → X (\beta).,qa/DIAGRAM_SOURCE_INVENTORY.jsonl:318; source/en/chapter3-unit-042.tex:diagram 6; tikzcd; mapped_indonesian_structure_witness
chapter3-unit-042-d007,chapter3-unit-042.tex,7,Category diagram: X^n ↠ \Image\left( d_X^n \right) (d_X^n); X^n → I^n (\alpha^n - d_I^{n-1} h^n); \Image\left( d_X^n \right) → I^n (\beta); \Image\left( d_X^n \right) ↪ X^{n+1}; X^{n+1} → I^n (h^{n+1}).,qa/DIAGRAM_SOURCE_INVENTORY.jsonl:319; source/en/chapter3-unit-042.tex:diagram 7; tikzcd; mapped_indonesian_structure_witness
chapter3-unit-042-d008,chapter3-unit-042.tex,8,Category diagram: \Image(d_X^{n-2}) → \Ker(d_X^{n-1}); \Image(d_X^{n-2}) ↪ \Image(d_Y^{n-2}); \Ker(d_X^{n-1}) → X^{n-1}; \Ker(d_X^{n-1}) ↪ \Ker(d_Y^{n-1}); X^{n-1} → I^{n-1} (\gamma^{n-1}); X^{n-1} ↪ Y^{n-1}; \Image(d_Y^{n-2}) → \Ker(d_Y^{n-1}); \Ker(d_Y^{n-1}) → Y^{n-1}; and 2 other arrows.,qa/DIAGRAM_SOURCE_INVENTORY.jsonl:320; source/en/chapter3-unit-042.tex:diagram 8; tikzcd; mapped_indonesian_structure_witness
chapter3-unit-042-d009,chapter3-unit-042.tex,9,"Commutative diagram with objects H^n-1(X), I^n, H^n-1(Y). Arrows: H^n-1(X) maps to H^n-1(Y); H^n-1(X) maps to I^n, labeled 0; H^n-1(Y) maps to I^n, labeled induced by d_I^n-1 beta^n-1.",qa/DIAGRAM_SOURCE_INVENTORY.jsonl:321; source/en/chapter3-unit-042.tex:diagram 9; tikzcd; mapped_indonesian_structure_witness
chapter3-unit-042-d010,chapter3-unit-042.tex,10,Category diagram: T → \Ker(d_X^n) (\phi); T → \Image(d_Y^{n-1}) (\phi); \Ker(d_X^n) ↠ \Hm^n(X); \Ker(d_X^n) ↪ \Ker(d_Y^n); \Hm^n(X) → \Hm^n(Y); \Image(d_Y^{n-1}) ↪ \Ker(d_Y^n); \Ker(d_Y^n) ↠ \Hm^n(Y).,qa/DIAGRAM_SOURCE_INVENTORY.jsonl:322; source/en/chapter3-unit-042.tex:diagram 10; tikzcd; mapped_indonesian_structure_witness
chapter3-unit-042-d011,chapter3-unit-042.tex,11,Exact diagram: 0 → I; I → J; J → K; K → 0; 0 → A; A → B; A → I (\epsilon); B → C; and 3 other arrows.,qa/DIAGRAM_SOURCE_INVENTORY.jsonl:323; source/en/chapter3-unit-042.tex:diagram 11; tikzcd; mapped_indonesian_structure_witness
chapter3-unit-042-d012,chapter3-unit-042.tex,12,Category diagram with a square marked \Box: 0 → I; I → L; L → C; C → 0; 0 → A; A → B; A → I (\epsilon); B → C; and 2 other arrows; one square is marked \Box.,qa/DIAGRAM_SOURCE_INVENTORY.jsonl:324; source/en/chapter3-unit-042.tex:diagram 12; tikzcd; mapped_indonesian_structure_witness
chapter3-unit-042-d013,chapter3-unit-042.tex,13,Exact diagram: L^n → I^n \oplus C^n (\Phi^n); L^n → L^{n+1} (d_L^n); I^n \oplus C^n → I^{n+1} \oplus C^{n+1} (e^n); L^{n+1} → I^{n+1} \oplus C^{n+1} (\Phi^{n+1}).,qa/DIAGRAM_SOURCE_INVENTORY.jsonl:325; source/en/chapter3-unit-042.tex:diagram 13; tikzcd; mapped_indonesian_structure_witness
chapter3-unit-043-d001,chapter3-unit-043.tex,1,Category diagram: X → Y (f); X → I; I → J (\beta); Y → J.,qa/DIAGRAM_SOURCE_INVENTORY.jsonl:326; source/en/chapter3-unit-043.tex:diagram 1; tikzcd; mapped_indonesian_structure_witness
chapter3-unit-043-d002,chapter3-unit-043.tex,2,Category diagram: 0 → X; X → X' (\alpha); X → Y; Y → Y' (\beta); Y → Z; Z → Z' (\gamma); Z → 0; 0 → X'; and 3 other arrows.,qa/DIAGRAM_SOURCE_INVENTORY.jsonl:327; source/en/chapter3-unit-043.tex:diagram 2; tikzcd; mapped_indonesian_structure_witness
chapter3-unit-043-d003,chapter3-unit-043.tex,3,Commutative diagram: \mathrm{R}^n F(Z) → \mathrm{R}^{n+1} F(X) (\delta^n); \mathrm{R}^n F(Z) → \mathrm{R}^n F(Z') (\mathrm{R}^n F(\gamma)); \mathrm{R}^{n+1} F(X) → \mathrm{R}^{n+1} F(X') (\mathrm{R}^{n+1} F(\alpha)); \mathrm{R}^n F(Z') → \mathrm{R}^{n+1} F(X') (\delta^n).,qa/DIAGRAM_SOURCE_INVENTORY.jsonl:328; source/en/chapter3-unit-043.tex:diagram 3; tikzcd; mapped_indonesian_structure_witness
chapter3-unit-043-d004,chapter3-unit-043.tex,4,Commutative diagram: \mathrm{L}_n F(Z) → \mathrm{L}_{n-1} F(X) (\partial_n); \mathrm{L}_n F(Z) → \mathrm{L}_n F(Z') (\mathrm{L}_n F(\gamma)); \mathrm{L}_{n-1} F(X) → \mathrm{L}_{n-1} F(X') (\mathrm{L}_{n-1} F(\alpha)); \mathrm{L}_n F(Z') → \mathrm{L}_{n-1} F(X') (\partial_n).,qa/DIAGRAM_SOURCE_INVENTORY.jsonl:329; source/en/chapter3-unit-043.tex:diagram 4; tikzcd; mapped_indonesian_structure_witness
chapter3-unit-043-d005,chapter3-unit-043.tex,5,Exact diagram: 0 → I; I → J; J → K; K → 0; 0 → X; X → Y; X → I; Y → Z; and 3 other arrows.,qa/DIAGRAM_SOURCE_INVENTORY.jsonl:330; source/en/chapter3-unit-043.tex:diagram 5; tikzcd; mapped_indonesian_structure_witness
chapter3-unit-043-d006,chapter3-unit-043.tex,6,Category diagram: 0 → \mathcal{I}; \mathcal{I} → \mathcal{J}; \mathcal{J} → \mathcal{K}; \mathcal{K} → 0; 0 → {[X \to X']}; {[X \to X']} → {[Y \to Y']}; {[X \to X']} ↪ \mathcal{I}; {[Y \to Y']} → {[Z \to Z']}; and 3 other arrows.,qa/DIAGRAM_SOURCE_INVENTORY.jsonl:331; source/en/chapter3-unit-043.tex:diagram 6; tikzcd; mapped_indonesian_structure_witness
chapter3-unit-043-d007,chapter3-unit-043.tex,7,Commutative diagram: 0 → I; I → I'; I → J; J → J'; J → K; K → K'; K → 0; 0 → I'; and 3 other arrows.,qa/DIAGRAM_SOURCE_INVENTORY.jsonl:332; source/en/chapter3-unit-043.tex:diagram 7; tikzcd; mapped_indonesian_structure_witness
chapter3-unit-043-d008,chapter3-unit-043.tex,8,Exact diagram: 0 → F^0(X); F^0(X) → F^0(Y); F^0(Y) → F^0(Z) \tikztostart.east) |- (A) [near end]\tikztonodes -| ([xshift=-2e…; F^0(Z) \tikztostart.east) |- (A) [near end]\tikztonodes -| ([xshift=-2e… → F^1(X) (\delta^0); F^1(X) → F^1(Y); F^1(Y) → F^1(Z) \tikztostart.east) |- (B) [near end]\tikztono…,qa/DIAGRAM_SOURCE_INVENTORY.jsonl:333; source/en/chapter3-unit-043.tex:diagram 8; tikzcd; mapped_indonesian_structure_witness
chapter3-unit-043-d009,chapter3-unit-043.tex,9,Category diagram: G^{n-1} (Z) → G^n (X) (\eta^{n-1}); F^{n-1} (Z) → F^n (X) (\delta^{n-1}); F^{n-1} (Z) → G^{n-1} (Z) (\varphi^{n-1}); F^n (X) → G^n (X) (\varphi^n).,qa/DIAGRAM_SOURCE_INVENTORY.jsonl:334; source/en/chapter3-unit-043.tex:diagram 9; tikzcd; mapped_indonesian_structure_witness
chapter3-unit-043-d010,chapter3-unit-043.tex,10,Exact diagram: \cdots → F_2(Y); F_2(Y) → F_2(Z) \tikztostart.east) |- (A) [near end]\tikztonodes -| ([xshift=-2e…; F_2(Z) \tikztostart.east) |- (A) [near end]\tikztonodes -| ([xshift=-2e… → F_1(X) (\partial_2); F_1(X) → F_1(Y); F_1(Y) → F_1(Z) \tikztostart.east) |- (B) [near end]\tikztonodes -| ([x…,qa/DIAGRAM_SOURCE_INVENTORY.jsonl:335; source/en/chapter3-unit-043.tex:diagram 10; tikzcd; mapped_indonesian_structure_witness
chapter3-unit-043-d011,chapter3-unit-043.tex,11,Category diagram: 0 → X; X → Y (f); X → I (u); I → B (v); I → J; B → C; B → 0; 0 → Y; and 3 other arrows.,qa/DIAGRAM_SOURCE_INVENTORY.jsonl:336; source/en/chapter3-unit-043.tex:diagram 11; tikzcd; mapped_indonesian_structure_witness
chapter3-unit-043-d012,chapter3-unit-043.tex,12,Category diagram with a square marked \Box: X ↪ I (u); X → J_0 (hf); I → J; J_0 → J (k); one square is marked \Box.,qa/DIAGRAM_SOURCE_INVENTORY.jsonl:337; source/en/chapter3-unit-043.tex:diagram 12; tikzcd; mapped_indonesian_structure_witness
chapter3-unit-043-d013,chapter3-unit-043.tex,13,Exact diagram: F^{n-1} I → F^{n-1} B; F^{n-1} B → F^n X (\delta_F^{n-1}); F^n X → F^n I; R^{n-1} I → F^{n-1} I (\varphi^{n-1}_I); R^{n-1} I → R^{n-1} B; R^{n-1} B → F^{n-1} B (\varphi^{n-1}_B); R^{n-1} B → R^n X (\delta^{n-1}); R^n X → F^n X (\varphi^n_X); and 1 other arrows.,qa/DIAGRAM_SOURCE_INVENTORY.jsonl:338; source/en/chapter3-unit-043.tex:diagram 13; tikzcd; mapped_indonesian_structure_witness
chapter3-unit-043-d014,chapter3-unit-043.tex,14,Commutative diagram: 0 → X; X → Y (f); X → I; I → B; I → J; B → C; B → 0; 0 → Y; and 3 other arrows.,qa/DIAGRAM_SOURCE_INVENTORY.jsonl:339; source/en/chapter3-unit-043.tex:diagram 14; tikzcd; mapped_indonesian_structure_witness
chapter3-unit-043-d015,chapter3-unit-043.tex,15,Category diagram: F^{n-1} B → F^n X; F^{n-1} B → F^{n-1} C; F^n X → F^n Y; R^{n-1} B → F^{n-1} B; R^{n-1} B → R^n X; R^{n-1} B → R^{n-1} C; R^n X → F^n X (\varphi_X^n); F^{n-1} C → F^n Y; and 4 other arrows.,qa/DIAGRAM_SOURCE_INVENTORY.jsonl:340; source/en/chapter3-unit-043.tex:diagram 15; tikzcd; mapped_indonesian_structure_witness
chapter3-unit-043-d016,chapter3-unit-043.tex,16,Commutative diagram: 0 → X; X → X (\identity_X); X → Y; Y → Z; Y → I; Z → B (\alpha); Z → 0; X → I; and 2 other arrows.,qa/DIAGRAM_SOURCE_INVENTORY.jsonl:341; source/en/chapter3-unit-043.tex:diagram 16; tikzcd; mapped_indonesian_structure_witness
chapter3-unit-043-d017,chapter3-unit-043.tex,17,Category diagram: F^{n-1} Z → F^{n-1} B (F^{n-1}\alpha); F^{n-1} B → F^n X (\delta_F^{n-1}); R^{n-1} Z → F^{n-1} Z (\varphi_Z^{n-1}); R^{n-1} Z → R^{n-1} B (R^{n-1}\alpha); R^{n-1} B → F^{n-1} B (\varphi_B^{n-1}); R^{n-1} B → R^n X (\delta^{n-1}); R^n X → F^n X (\varphi_X^n).,qa/DIAGRAM_SOURCE_INVENTORY.jsonl:342; source/en/chapter3-unit-043.tex:diagram 17; tikzcd; mapped_indonesian_structure_witness
chapter3-unit-044-d001,chapter3-unit-044.tex,1,Exact diagram: 0 → \prod_n X_n; \prod_n X_n → \prod_n Y_n; \prod_n X_n → \prod_n X_n (\Delta_X); \prod_n Y_n → \prod_n Z_n; \prod_n Y_n → \prod_n Y_n (\Delta_Y); \prod_n Z_n → \prod_n Z_n (\Delta_Z); \prod_n Z_n → 0; \prod_n Z_n → 0 ..,qa/DIAGRAM_SOURCE_INVENTORY.jsonl:343; source/en/chapter3-unit-044.tex:diagram 1; tikzcd; mapped_indonesian_structure_witness
chapter3-unit-044-d002,chapter3-unit-044.tex,2,Category diagram: \cdots → X (\identity); X → X (\identity); X → 0; 0 → \cdots; \cdots → 0..,qa/DIAGRAM_SOURCE_INVENTORY.jsonl:344; source/en/chapter3-unit-044.tex:diagram 2; tikzcd; mapped_indonesian_structure_witness
chapter3-unit-045-d001,chapter3-unit-045.tex,1,"Exact diagram: 0 → \displaystyle\bigoplus_{p+q=n} \Hm_p(C) \otimes \Hm_q(D); \displaystyle\bigoplus_{p+q=n} \Hm_p(C) \otimes \Hm_q(D) → \Hm_n\left(C \otimes D \right) (\kappa); \Hm_n\left(C \otimes D \right) → \displaystyle\bigoplus_{p+q=n-1} \Tor_1^R\left( \Hm_p(C), \Hm_q(D) \rig…; \displaystyle\b…",qa/DIAGRAM_SOURCE_INVENTORY.jsonl:345; source/en/chapter3-unit-045.tex:diagram 1; tikzcd; mapped_indonesian_structure_witness
chapter3-unit-045-d002,chapter3-unit-045.tex,2,Exact diagram: 0 → Z; Z → C; C → B[-1] (d^C=(d^C_p)_p); B[-1] → 0..,qa/DIAGRAM_SOURCE_INVENTORY.jsonl:346; source/en/chapter3-unit-045.tex:diagram 2; tikzcd; mapped_indonesian_structure_witness
chapter3-unit-046-d001,chapter3-unit-046.tex,1,Category diagram: Y → I (\beta); X → Y (\alpha); X → I (\gamma).,qa/DIAGRAM_SOURCE_INVENTORY.jsonl:347; source/en/chapter3-unit-046.tex:diagram 1; tikzcd; mapped_indonesian_structure_witness
chapter3-unit-046-d002,chapter3-unit-046.tex,2,Category diagram: X → Y (\alpha); P → Y (\gamma); P → X (\beta).,qa/DIAGRAM_SOURCE_INVENTORY.jsonl:348; source/en/chapter3-unit-046.tex:diagram 2; tikzcd; mapped_indonesian_structure_witness
chapter3-unit-046-diagram-003,chapter3-unit-046.tex,3,"Commutative diagram with objects A, B. Arrows: A maps to B, labeled F; B maps to A, labeled G.",qa/DIAGRAM_SOURCE_INVENTORY.jsonl:349; source/en/chapter3-unit-046.tex:diagram 3; tikzcd; mapped_indonesian_structure_witness
chapter3-unit-046-d003,chapter3-unit-046.tex,4,"Category diagram: node 1-1 → \displaystyle\prod_n \Hom\left( X^n, I_k^{n-1} \right); \displaystyle\prod_n \Hom\left( X^n, I_k^{n-1} \right) → \displaystyle\prod_n \Hom\left( X^n, I_k^n \right); \displaystyle\prod_n \Hom\left( X^n, I_k^n \right) → \displaystyle\prod_n \Hom\left( X^n, I_k^{n+1} \ri…",qa/DIAGRAM_SOURCE_INVENTORY.jsonl:350; source/en/chapter3-unit-046.tex:diagram 4; tikzcd; mapped_indonesian_structure_witness
chapter3-unit-046-d004,chapter3-unit-046.tex,5,"Commutative diagram with objects inverse limit_k product_n Hom(X^n, I_k^n-1), inverse limit_k product_n Hom(X^n, I_k^n), inverse limit_k product_n Hom(X^n, I_k^n+1). Arrows: inverse limit_k product_n Hom(X^n, I_k^n-1) maps to inverse limit_k product_n Hom(X^n, I_k^n); inverse limit_k product_n Hom(X^n, I_k^n) maps to inverse limit_k product_n Hom(X^n, I_k^n+1).",qa/DIAGRAM_SOURCE_INVENTORY.jsonl:351; source/en/chapter3-unit-046.tex:diagram 5; tikzcd; mapped_indonesian_structure_witness
chapter3-unit-046-d005,chapter3-unit-046.tex,6,"Category diagram: \displaystyle\prod_n \varprojlim_k \Hom\left( X^n, I_k^{n-1} \right) → \displaystyle\prod_n \varprojlim_k \Hom\left( X^n, I_k^n \right); \displaystyle\prod_n \varprojlim_k \Hom\left( X^n, I_k^n \right) → \displaystyle\prod_n \varprojlim_k \Hom\left( X^n, I_k^{n+1} \right); \displa…",qa/DIAGRAM_SOURCE_INVENTORY.jsonl:352; source/en/chapter3-unit-046.tex:diagram 6; tikzcd; mapped_indonesian_structure_witness
chapter3-unit-046-d006,chapter3-unit-046.tex,7,Category diagram: \cdots → I_2; I_2 → I_1; I_1 → I_0; \cdots → \tau^{\geq -2} A; \tau^{\geq -2} A → I_2 (f_2); \tau^{\geq -2} A → \tau^{\geq -1} A; \tau^{\geq -1} A → \tau^{\geq 0} A; \tau^{\geq -1} A → I_1 (f_1); and 1 other arrows.,qa/DIAGRAM_SOURCE_INVENTORY.jsonl:353; source/en/chapter3-unit-046.tex:diagram 7; tikzcd; mapped_indonesian_structure_witness
chapter3-unit-046-d007,chapter3-unit-046.tex,8,Category diagram: 0 → J; J → I_{k+1}; I_{k+1} → I_k; I_k → 0; 0 → H; H → \tau^{\geq-k-1}A; H → J (g); \tau^{\geq-k-1}A → I_{k+1} (f_{k+1}); and 3 other arrows.,qa/DIAGRAM_SOURCE_INVENTORY.jsonl:354; source/en/chapter3-unit-046.tex:diagram 8; tikzcd; mapped_indonesian_structure_witness
chapter3-unit-046-d008,chapter3-unit-046.tex,9,"Commutative diagram with objects I, product_k I_k, Cone(Delta_I)[-1]. Arrows: I includes into product_k I_k; I maps to Cone(Delta_I)[-1]; Cone(Delta_I)[-1] maps to product_k I_k, labeled beta(Delta_I)[-1].",qa/DIAGRAM_SOURCE_INVENTORY.jsonl:355; source/en/chapter3-unit-046.tex:diagram 9; tikzcd; mapped_indonesian_structure_witness
chapter3-unit-046-d009,chapter3-unit-046.tex,10,"Commutative diagram with objects A, product_k tau^ greater than or equal to -k A, Cone(Delta_tau A)[-1]. Arrows: A includes into product_k tau^ greater than or equal to -k A; A maps to Cone(Delta_tau A)[-1]; Cone(Delta_tau A)[-1] maps to product_k tau^ greater than or equal to -k A, labeled beta(Delta_tau A)[-1].",qa/DIAGRAM_SOURCE_INVENTORY.jsonl:356; source/en/chapter3-unit-046.tex:diagram 10; tikzcd; mapped_indonesian_structure_witness
chapter3-unit-046-d010,chapter3-unit-046.tex,11,"Commutative diagram with objects I, Cone(Delta_I)[-1], A, Cone(Delta_tau A)[-1]. Arrows: I maps to Cone(Delta_I)[-1], labeled as at eqrefeqn:K-injective-diagonal; A maps to Cone(Delta_tau A)[-1]; A maps to I, labeled f; Cone(Delta_tau A)[-1] maps to Cone(Delta_I)[-1], labeled induced by all f_k.",qa/DIAGRAM_SOURCE_INVENTORY.jsonl:357; source/en/chapter3-unit-046.tex:diagram 11; tikzcd; mapped_indonesian_structure_witness
chapter3-unit-046-d011,chapter3-unit-046.tex,12,"Commutative diagram with objects product_k I_k, Cone(Delta_I), product_k tau^ greater than or equal to -kA, Cone(Delta_tau A). Arrows: product_k I_k maps to product_k I_k, labeled Delta_I; product_k I_k maps to Cone(Delta_I), labeled alpha(Delta_I); product_k tau^ greater than or equal to -kA maps to product_k tau^ greater than or equal to -kA, labeled Delta_tau A; product_k tau^ greater than or equal to -kA maps to product_k I_k, labeled product_k f_k; product_k tau^ greater than or equal to -kA maps to Cone(Delta_tau A), labeled alpha(Delta_tau A); Cone(Delta_tau A) maps to Cone(Delta_I).",qa/DIAGRAM_SOURCE_INVENTORY.jsonl:358; source/en/chapter3-unit-046.tex:diagram 12; tikzcd; mapped_indonesian_structure_witness
chapter3-unit-046-d012,chapter3-unit-046.tex,13,Exact diagram: \cdots \Hm^n\left( \displaystyle\prod_k I_k \right) → \Hm^n\left( \Cone(\Delta_I) \right); \Hm^n\left( \Cone(\Delta_I) \right) → \Hm^{n+1}\left( \displaystyle\prod_k I_k \right); \Hm^{n+1}\left( \displaystyle\prod_k I_k \right) → \Hm^{n+1}\left( \displaystyle\prod_k I_k \right) (\Hm^…,qa/DIAGRAM_SOURCE_INVENTORY.jsonl:359; source/en/chapter3-unit-046.tex:diagram 13; tikzcd; mapped_indonesian_structure_witness
chapter3-unit-046-d013,chapter3-unit-046.tex,14,Category diagram: \prod_{k \geq -n} \Hm^n(A) → \prod_{k \geq -n} \Hm^n(A) (\nabla^n); (a_k)_{k \geq -n} → (a_{k+1} - a_k)_{k \geq -n}..,qa/DIAGRAM_SOURCE_INVENTORY.jsonl:360; source/en/chapter3-unit-046.tex:diagram 14; tikzcd; mapped_indonesian_structure_witness
chapter3-unit-046-d014,chapter3-unit-046.tex,15,"Commutative diagram with objects H^n(A), product_k greater than or equal to -n H^n(A), H^n Cone(Delta_tau A)[-1]. Arrows: H^n(A) maps to H^n Cone(Delta_tau A)[-1]; H^n(A) includes into product_k greater than or equal to -n H^n(A), labeled diagonal morphism; H^n Cone(Delta_tau A)[-1] includes into product_k greater than or equal to -n H^n(A).",qa/DIAGRAM_SOURCE_INVENTORY.jsonl:361; source/en/chapter3-unit-046.tex:diagram 15; tikzcd; mapped_indonesian_structure_witness
chapter3-unit-047-d001,chapter3-unit-047.tex,1,Category diagram: \Cone(f) → X[1] (\beta(f)); \Cone(f) → \Cone(g) (h); Y → \Cone(f) (\alpha(f)); Y → \Cone(g) (\alpha(g)); \Cone(g) → X[1] (\beta(g)).,qa/DIAGRAM_SOURCE_INVENTORY.jsonl:362; source/en/chapter3-unit-047.tex:diagram 1; tikzcd; mapped_indonesian_structure_witness
chapter3-unit-047-d002,chapter3-unit-047.tex,2,"Commutative diagram with objects 0, A[-n], B[-n], X. Arrows: 0 maps to A[-n]; A[-n] maps to B[-n], labeled g[-n]; A[-n] maps to X, labeled Psi; a dashed B[-n] maps to X, labeled exists.",qa/DIAGRAM_SOURCE_INVENTORY.jsonl:363; source/en/chapter3-unit-047.tex:diagram 2; tikzcd; mapped_indonesian_structure_witness
chapter3-unit-047-d003,chapter3-unit-047.tex,3,Category diagram: 0 → M; M → \widetilde R; \widetilde R → R (p); R → 0; R → \widetilde R (s).,qa/DIAGRAM_SOURCE_INVENTORY.jsonl:364; source/en/chapter3-unit-047.tex:diagram 3; tikzcd; mapped_indonesian_structure_witness
chapter3-unit-047-d004,chapter3-unit-047.tex,4,Commutative diagram: 0 → D(Z_{n-1}); D(Z_{n-1}) → D(Z_{n-1}) (\identity); D(Z_{n-1}) → D(B_{n-1}); D(Z_{n-1}) → 0; D(Z_{n-1}) → D(C_n/B_n) (D(d^C_n)); 0 → 0; 0 → D(H_n); 0 → D(B_{n-1}); and 3 other arrows.,qa/DIAGRAM_SOURCE_INVENTORY.jsonl:365; source/en/chapter3-unit-047.tex:diagram 4; tikzcd; mapped_indonesian_structure_witness
chapter4-unit-048-d001,chapter4-unit-048.tex,1,Category diagram: \cate{K}^+(\mathcal{A}) → \cate{K}^+(\mathcal{A}') (\cate{K}F); \cate{K}^+(\mathcal{A}) → \cate{D}^+(\mathcal{A}) (Q); \cate{K}^+(\mathcal{A}') → \cate{D}^+(\mathcal{A}') (Q'); \cate{K}^+(\mathcal{A}') ⇒ \cate{D}^+(\mathcal{A}); \cate{D}^+(\mathcal{A}) → \cate{D}^+(\mathcal{A}') (…,qa/DIAGRAM_SOURCE_INVENTORY.jsonl:366; source/en/chapter4-unit-048.tex:diagram 1; tikzcd; mapped_indonesian_structure_witness
chapter4-unit-048-d002,chapter4-unit-048.tex,2,Category diagram: \cate{K}^-(\mathcal{A}) → \cate{K}^-(\mathcal{A}') (\cate{K}F); \cate{K}^-(\mathcal{A}) → \cate{D}^-(\mathcal{A}) (Q); \cate{K}^-(\mathcal{A}') → \cate{D}^-(\mathcal{A}'). (Q'); \cate{D}^-(\mathcal{A}) → \cate{D}^-(\mathcal{A}'). (\mathrm{L}F); \cate{D}^-(\mathcal{A}) ⇒ \cate{K}^-…,qa/DIAGRAM_SOURCE_INVENTORY.jsonl:367; source/en/chapter4-unit-048.tex:diagram 2; tikzcd; mapped_indonesian_structure_witness
chapter4-unit-049-diagram-001,chapter4-unit-049.tex,1,"Commutative diagram with objects (D,T), (D',T'). Arrows: (D,T) maps to (D',T'), labeled F; (D,T) maps to (D',T'), labeled F'.",qa/DIAGRAM_SOURCE_INVENTORY.jsonl:368; source/en/chapter4-unit-049.tex:diagram 1; tikzcd; mapped_indonesian_structure_witness
chapter4-unit-049-d001,chapter4-unit-049.tex,2,Commutative diagram: FT → F'T (\varphi T); FT → T'F (\sim); F'T → T'F'. (\sim); T'F → T'F'. (T'\varphi).,qa/DIAGRAM_SOURCE_INVENTORY.jsonl:369; source/en/chapter4-unit-049.tex:diagram 2; tikzcd; mapped_indonesian_structure_witness
chapter4-unit-049-d002,chapter4-unit-049.tex,3,Commutative diagram: X → Y (f); X → X' (\alpha); Y → Z (g); Y → Y' (\beta); Z → TX (h); Z → Z' (\gamma); TX → TX'. (T\alpha); X' → Y' (f'); and 2 other arrows.,qa/DIAGRAM_SOURCE_INVENTORY.jsonl:370; source/en/chapter4-unit-049.tex:diagram 3; tikzcd; mapped_indonesian_structure_witness
chapter4-unit-049-d003,chapter4-unit-049.tex,4,Commutative diagram: X → Y (f); X → X (1); Y → Z (g); Y → Y (\epsilon); Z → TX (h); Z → Z (\epsilon\zeta); TX → TX. (\epsilon\zeta\eta); X → Y (\epsilon f); and 2 other arrows.,qa/DIAGRAM_SOURCE_INVENTORY.jsonl:371; source/en/chapter4-unit-049.tex:diagram 4; tikzcd; mapped_indonesian_structure_witness
chapter4-unit-049-diagram-005,chapter4-unit-049.tex,5,"Commutative diagram with objects Y, X, Z. Arrows: Y maps to Z; X maps to Y; Z maps to X, labeled +1.",qa/DIAGRAM_SOURCE_INVENTORY.jsonl:372; source/en/chapter4-unit-049.tex:diagram 5; tikzcd; mapped_indonesian_structure_witness
chapter4-unit-049-d004,chapter4-unit-049.tex,6,Commutative diagram: X → Y; X → X' (\alpha); Y → Z; Y → Y' (\beta); Z → TX; Z → Z' (\gamma); TX → TX'. (T\alpha); X' → Y'; and 2 other arrows.,qa/DIAGRAM_SOURCE_INVENTORY.jsonl:373; source/en/chapter4-unit-049.tex:diagram 6; tikzcd; mapped_indonesian_structure_witness
chapter4-unit-049-d005,chapter4-unit-049.tex,7,Commutative diagram: X → Y (f); X → X; Y → Z' (h); Y → Z (g); Z' → TX; Z' → Y' (u); TX → TX; X → Z (gf); and 10 other arrows.,qa/DIAGRAM_SOURCE_INVENTORY.jsonl:374; source/en/chapter4-unit-049.tex:diagram 7; tikzcd; mapped_indonesian_structure_witness
chapter4-unit-049-diagram-008,chapter4-unit-049.tex,8,"Commutative diagram with objects D, D'. Arrows: D maps to D', labeled F; D' maps to D, labeled G.",qa/DIAGRAM_SOURCE_INVENTORY.jsonl:375; source/en/chapter4-unit-049.tex:diagram 8; tikzcd; mapped_indonesian_structure_witness
chapter4-unit-049-d006,chapter4-unit-049.tex,9,Category diagram: Y' → X' (v); Z' → Y' (u); Z' → X (+1); X' → Z' (+1); X' → Y (+1); X → Y (f); Z → X' (k); Y → Z (g); and 4 other arrows.,qa/DIAGRAM_SOURCE_INVENTORY.jsonl:376; source/en/chapter4-unit-049.tex:diagram 9; tikzcd; mapped_indonesian_structure_witness
chapter4-unit-050-d001,chapter4-unit-050.tex,1,Commutative diagram: X → X; X → 0; X → Y (f); 0 → Z; 0 → TX; TX → TX; Y → Z (g); Z → TX.,qa/DIAGRAM_SOURCE_INVENTORY.jsonl:377; source/en/chapter4-unit-050.tex:diagram 1; tikzcd; mapped_indonesian_structure_witness
chapter4-unit-050-d002,chapter4-unit-050.tex,2,Category diagram: S → X (k); S → S; S → Y (h); S → 0; 0 → Z; 0 → TS; TS → TX (Tk); X → Y (f); and 2 other arrows.,qa/DIAGRAM_SOURCE_INVENTORY.jsonl:378; source/en/chapter4-unit-050.tex:diagram 2; tikzcd; mapped_indonesian_structure_witness
chapter4-unit-051-d001,chapter4-unit-051.tex,1,Category diagram: X → Y; X → X' (\alpha); Y → Y' (\beta); Y → Z; Z → Z' (\gamma); Z → TX; TX → TX' (T\alpha); X' → Y'; and 2 other arrows.,qa/DIAGRAM_SOURCE_INVENTORY.jsonl:379; source/en/chapter4-unit-051.tex:diagram 1; tikzcd; mapped_indonesian_structure_witness
chapter4-unit-051-d002,chapter4-unit-051.tex,2,"Exact diagram: \Hom(S, T^{-1} Z) → \Hom(S, T^{-1} Z') (\sim); \Hom(S, T^{-1} Z) → \Hom(S, X); \Hom(S, X) → \Hom(S,Y); \Hom(S, X) → \Hom(S, X') (\sim); \Hom(S,Y) → \Hom(S, Y') (\beta_*); \Hom(S,Y) → \Hom(S,Z); \Hom(S,Z) → \Hom(S, Z') (\sim); \Hom(S,Z) → \Hom(S, TX); and 5 other arrows.",qa/DIAGRAM_SOURCE_INVENTORY.jsonl:380; source/en/chapter4-unit-051.tex:diagram 2; tikzcd; mapped_indonesian_structure_witness
chapter4-unit-051-d003,chapter4-unit-051.tex,3,"Commutative diagram with objects X, Y, Z, TX, Z', T X. Arrows: X maps to Y, labeled f; X maps to X, labeled id_X; Y maps to Z; Y maps to Y, labeled id_Y; Z maps to TX; Z maps to Z', labeled gamma; TX maps to T X, labeled id_TX; Y maps to Z'; Z' maps to T X.",qa/DIAGRAM_SOURCE_INVENTORY.jsonl:381; source/en/chapter4-unit-051.tex:diagram 3; tikzcd; mapped_indonesian_structure_witness
chapter4-unit-051-d004,chapter4-unit-051.tex,4,Commutative diagram: \prod_{j \in I} X_j → \prod_j Y_j (\prod_j f_j); \prod_{j \in I} X_j → X_i; \prod_j Y_j → Q; \prod_j Y_j → Y_i; Q → \prod_{j \in I} TX_j (h); Q → Z_i (\exists \gamma_i); \prod_{j \in I} TX_j → TX_i; X_i → Y_i (f_i); and 2 other arrows.,qa/DIAGRAM_SOURCE_INVENTORY.jsonl:382; source/en/chapter4-unit-051.tex:diagram 4; tikzcd; mapped_indonesian_structure_witness
chapter4-unit-051-d005,chapter4-unit-051.tex,5,"Commutative diagram with objects product_i in I X_i, product_i in I Y_i, Q, product_i in I TX_i, product_i in I Z_i. Arrows: product_i in I X_i maps to product_i in I Y_i, labeled product_i f_i; product_i in I X_i maps to product_i in I X_i, labeled id; product_i in I Y_i maps to Q; product_i in I Y_i maps to product_i in I Y_i, labeled id; Q maps to product_i in I TX_i, labeled h; Q maps to product_i in I Z_i, labeled product_i gamma_i; product_i in I TX_i maps to product_i in I TX_i, labeled id; product_i in I Y_i maps to product_i in I Z_i, labeled product_i g_i; product_i in I Z_i maps to product_i in I TX_i, labeled product_i h_i.",qa/DIAGRAM_SOURCE_INVENTORY.jsonl:383; source/en/chapter4-unit-051.tex:diagram 5; tikzcd; mapped_indonesian_structure_witness
chapter4-unit-051-d006,chapter4-unit-051.tex,6,"Commutative diagram with objects X, X direct sum Y, Y, TX, M. Arrows: X maps to X direct sum Y, labeled iota_1; X maps to X, labeled id_X; X direct sum Y maps to Y, labeled p_2; X direct sum Y maps to M, labeled alpha; Y maps to TX, labeled 0; Y maps to Y, labeled id_Y; TX maps to TX, labeled id_TX; X maps to M; M maps to Y.",qa/DIAGRAM_SOURCE_INVENTORY.jsonl:384; source/en/chapter4-unit-051.tex:diagram 6; tikzcd; mapped_indonesian_structure_witness
chapter4-unit-051-diagram-007,chapter4-unit-051.tex,7,"Commutative diagram with objects D, D'. Arrows: D maps to D', labeled F; D' maps to D, labeled G.",qa/DIAGRAM_SOURCE_INVENTORY.jsonl:385; source/en/chapter4-unit-051.tex:diagram 7; tikzcd; mapped_indonesian_structure_witness
chapter4-unit-051-d007,chapter4-unit-051.tex,8,"Commutative diagram with objects hat F hat G, id_D', FG. Arrows: hat F hat G maps to id_D', labeled hat epsilon; hat F hat G maps to FG, labeled isomorphism; FG maps to id_D', labeled epsilon.",qa/DIAGRAM_SOURCE_INVENTORY.jsonl:386; source/en/chapter4-unit-051.tex:diagram 8; tikzcd; mapped_indonesian_structure_witness
chapter4-unit-051-d008,chapter4-unit-051.tex,9,"Commutative diagram with objects hat G hat F, id_D, GF. Arrows: hat G hat F maps to GF, labeled isomorphism; id_D maps to hat G hat F, labeled hat eta; id_D maps to GF, labeled eta.",qa/DIAGRAM_SOURCE_INVENTORY.jsonl:387; source/en/chapter4-unit-051.tex:diagram 9; tikzcd; mapped_indonesian_structure_witness
chapter4-unit-051-d009,chapter4-unit-051.tex,10,Category diagram: TFG → T (T\varepsilon); TFG → FGT (\sim); FGT → T (\varepsilon T).,qa/DIAGRAM_SOURCE_INVENTORY.jsonl:388; source/en/chapter4-unit-051.tex:diagram 10; tikzcd; mapped_indonesian_structure_witness
chapter4-unit-051-d010,chapter4-unit-051.tex,11,Commutative diagram: FG X → FG Y (FGf); FG X → X (\varepsilon_X); FG Y → Y (\varepsilon_Y); FG Y → FA (Fh); FA → TFGX; FA → Z; TFGX → TX . (T\varepsilon_X); X → Y (f); and 2 other arrows.,qa/DIAGRAM_SOURCE_INVENTORY.jsonl:389; source/en/chapter4-unit-051.tex:diagram 11; tikzcd; mapped_indonesian_structure_witness
chapter4-unit-051-d011,chapter4-unit-051.tex,12,"Commutative diagram with objects GX, GY, A, TGX, GZ. Arrows: GX maps to GY, labeled Gf; GX maps to GX, labeled id_X; GY maps to GY, labeled id_Y; GY maps to A, labeled h; A maps to TGX; A maps to GZ; TGX maps to TGX, labeled id_TGX; GY maps to GZ, labeled Gg; GZ maps to TGX.",qa/DIAGRAM_SOURCE_INVENTORY.jsonl:390; source/en/chapter4-unit-051.tex:diagram 12; tikzcd; mapped_indonesian_structure_witness
chapter4-unit-051-d012,chapter4-unit-051.tex,13,"Commutative diagram: \Hom(B, GX) → \Hom(B, GY) ((Gf)_*); \Hom(B, GX) → \Hom(B, GX) (\simeq); \Hom(B, GY) → \Hom(B, A) (h_*); \Hom(B, GY) → \Hom(B, GY) (\simeq); \Hom(B, A) → \Hom(B, GZ); \Hom(B, A) → \Hom(B, TGX); \Hom(B, TGX) → \Hom(B, TGY); \Hom(B, TGX) → \Hom(B, TGX) (\simeq); and 3 other arrows.",qa/DIAGRAM_SOURCE_INVENTORY.jsonl:391; source/en/chapter4-unit-051.tex:diagram 13; tikzcd; mapped_indonesian_structure_witness
chapter4-unit-051-d013,chapter4-unit-051.tex,14,"Category diagram: \Hom(FB, X) → \Hom(FB, Y) (f_*); \Hom(FB, Y) → \Hom(FB, Z) (g_*); \Hom(FB, Z) → \Hom(FB, TX); \Hom(FB, TX) → \Hom(FB, TY).",qa/DIAGRAM_SOURCE_INVENTORY.jsonl:392; source/en/chapter4-unit-051.tex:diagram 14; tikzcd; mapped_indonesian_structure_witness
chapter4-unit-051-diagram-015,chapter4-unit-051.tex,15,"Commutative diagram with objects D, D'. Arrows: D maps to D', labeled F; D' maps to D, labeled G.",qa/DIAGRAM_SOURCE_INVENTORY.jsonl:393; source/en/chapter4-unit-051.tex:diagram 15; tikzcd; mapped_indonesian_structure_witness
chapter4-unit-051-d014,chapter4-unit-051.tex,16,Commutative diagram: X → Y (f); X' → Y' (f'); X' → X (u); Y' → Y (v).,qa/DIAGRAM_SOURCE_INVENTORY.jsonl:394; source/en/chapter4-unit-051.tex:diagram 16; tikzcd; mapped_indonesian_structure_witness
chapter4-unit-051-d015,chapter4-unit-051.tex,17,Category diagram: TX' → TY' (Tf'); TY' → TZ' (Tg'); TZ' → T^2 X' (- Th'); X'' → TX' (o); X'' → Y'' (f''); Y'' → TY' (p); Y'' → Z'' (g''); Z'' → TZ' (q); and 16 other arrows.,qa/DIAGRAM_SOURCE_INVENTORY.jsonl:395; source/en/chapter4-unit-051.tex:diagram 17; tikzcd; mapped_indonesian_structure_witness
chapter4-unit-051-d016,chapter4-unit-051.tex,18,Category diagram: \bullet → \bullet.,qa/DIAGRAM_SOURCE_INVENTORY.jsonl:396; source/en/chapter4-unit-051.tex:diagram 18; tikzcd; mapped_indonesian_structure_witness
chapter4-unit-051-d017,chapter4-unit-051.tex,19,Category diagram: X' → Y' (f'); X' → X'; Y' → Z' (g'); Y' → Y (v); Z' → TX' (h'); Z' → A (i); TX' → TX'; X' → Y (vf'); and 10 other arrows.,qa/DIAGRAM_SOURCE_INVENTORY.jsonl:397; source/en/chapter4-unit-051.tex:diagram 19; tikzcd; mapped_indonesian_structure_witness
chapter4-unit-051-d018,chapter4-unit-051.tex,20,Category diagram: X' → X (u); X' → X'; X → X'' (r); X → Y (f); X'' → TX' (o); X'' → A (a); TX' → TX'; X' → Y (fu); and 10 other arrows.,qa/DIAGRAM_SOURCE_INVENTORY.jsonl:398; source/en/chapter4-unit-051.tex:diagram 20; tikzcd; mapped_indonesian_structure_witness
chapter4-unit-051-d019,chapter4-unit-051.tex,21,Category diagram: X'' → A (a); X'' → X''; A → Z (b); A → Y'' (j); Z → TX'' (c); Z → Z'' (t); TX'' → TX''; X'' → Y'' (f''); and 11 other arrows.,qa/DIAGRAM_SOURCE_INVENTORY.jsonl:399; source/en/chapter4-unit-051.tex:diagram 21; tikzcd; mapped_indonesian_structure_witness
chapter4-unit-051-d020,chapter4-unit-051.tex,22,Commutative diagram: TX' → TY' (Tf'); TY' → TZ' (Tg'); TZ' → T^2 X' (- Th'); A → TX' (n); A → Y'' (j); Y'' → TZ' (k); Y'' → TY' (p); TZ' → TZ'; and 11 other arrows.,qa/DIAGRAM_SOURCE_INVENTORY.jsonl:400; source/en/chapter4-unit-051.tex:diagram 22; tikzcd; mapped_indonesian_structure_witness
chapter4-unit-052-d001,chapter4-unit-052.tex,1,Commutative diagram: X → X' (\alpha); X → Y; Y → Y' (\beta); Y → Z; Z → Z' (\gamma); Z → TX; TX → TX' (T\alpha); X' → Y'; and 2 other arrows.,qa/DIAGRAM_SOURCE_INVENTORY.jsonl:401; source/en/chapter4-unit-052.tex:diagram 1; tikzcd; mapped_indonesian_structure_witness
chapter4-unit-052-d002,chapter4-unit-052.tex,2,Commutative diagram: \mathcal{D} → \mathcal{D} (T); \mathcal{D} → \mathcal{D}[S^{-1}] (Q); \mathcal{D} → \mathcal{D} (T^{-1}); \mathcal{D}[S^{-1}] → \mathcal{D}[S^{-1}].,qa/DIAGRAM_SOURCE_INVENTORY.jsonl:402; source/en/chapter4-unit-052.tex:diagram 2; tikzcd; mapped_indonesian_structure_witness
chapter4-unit-052-diagram-003,chapter4-unit-052.tex,3,"Commutative diagram with objects D[S^-1]. Arrows: D[S^-1] maps to D[S^-1], labeled T; D[S^-1] maps to D[S^-1], labeled T^-1.",qa/DIAGRAM_SOURCE_INVENTORY.jsonl:403; source/en/chapter4-unit-052.tex:diagram 3; tikzcd; mapped_indonesian_structure_witness
chapter4-unit-052-d003,chapter4-unit-052.tex,4,Category diagram: X → Y (f); X → X' (\alpha); Y → Z (g); Y → Y' (\beta); Z → TX (h); Z → Z' (\gamma); TX → T X' (T\alpha); X' → Y' (f'); and 2 other arrows.,qa/DIAGRAM_SOURCE_INVENTORY.jsonl:404; source/en/chapter4-unit-052.tex:diagram 4; tikzcd; mapped_indonesian_structure_witness
chapter4-unit-052-d004,chapter4-unit-052.tex,5,Category diagram: X → Y (f); Y → Z (g); Z → TX (h); A → X (s); A → X' (a); A → B; B → Y (t); B → Y' (b); and 9 other arrows.,qa/DIAGRAM_SOURCE_INVENTORY.jsonl:405; source/en/chapter4-unit-052.tex:diagram 5; tikzcd; mapped_indonesian_structure_witness
chapter4-unit-053-d001,chapter4-unit-053.tex,1,Category diagram: X'' → {} (+1); X'' → Y''; Y'' → {} (+1); Y'' → Z''; Z'' → {} (+1); X → Y; X → X''; Y → Z; and 9 other arrows.,qa/DIAGRAM_SOURCE_INVENTORY.jsonl:406; source/en/chapter4-unit-053.tex:diagram 1; tikzcd; mapped_indonesian_structure_witness
chapter4-unit-053-d002,chapter4-unit-053.tex,2,Category diagram: Y → N (hf); Y → Z (f); N → U; N → N; U → TY (+1); U → TX; TY → TZ (Tf); Z → N (h); and 2 other arrows.,qa/DIAGRAM_SOURCE_INVENTORY.jsonl:407; source/en/chapter4-unit-053.tex:diagram 2; tikzcd; mapped_indonesian_structure_witness
chapter4-unit-053-d003,chapter4-unit-053.tex,3,Category diagram: X → Z (s \in S\mathcal{N}); W → Y . (s' \in S\mathcal{N}); W → X (f'); Y . → Z (f).,qa/DIAGRAM_SOURCE_INVENTORY.jsonl:408; source/en/chapter4-unit-053.tex:diagram 3; tikzcd; mapped_indonesian_structure_witness
chapter4-unit-053-d004,chapter4-unit-053.tex,4,Category diagram: M → X (s); M → 0; X → Y (f); X → N; N → TM; N → Y; TM → 0; 0 → Y; and 2 other arrows.,qa/DIAGRAM_SOURCE_INVENTORY.jsonl:409; source/en/chapter4-unit-053.tex:diagram 4; tikzcd; mapped_indonesian_structure_witness
chapter4-unit-054-d001,chapter4-unit-054.tex,1,Category diagram: X → Y (f); Y → \Cone(f) (\alpha(f)); \Cone(f) → X[1] (\beta(f)).,qa/DIAGRAM_SOURCE_INVENTORY.jsonl:410; source/en/chapter4-unit-054.tex:diagram 1; tikzcd; mapped_indonesian_structure_witness
chapter4-unit-054-d002,chapter4-unit-054.tex,2,"Commutative diagram with objects Y, Cone(f), X[1], Y[1], Cone(alpha(f)). Arrows: Y maps to Cone(f), labeled alpha(f); Y maps to Y, labeled id; Cone(f) maps to X[1], labeled beta(f); Cone(f) maps to Cone(f), labeled id; X[1] maps to Y[1], labeled -f[1]; X[1] maps to Cone(alpha(f)), labeled isomorphism; Y[1] maps to Y[1], labeled id; Cone(f) maps to Cone(alpha(f)), labeled alpha(alpha(f)); Cone(alpha(f)) maps to Y[1], labeled beta(alpha(f)).",qa/DIAGRAM_SOURCE_INVENTORY.jsonl:411; source/en/chapter4-unit-054.tex:diagram 2; tikzcd; mapped_indonesian_structure_witness
chapter4-unit-054-d003,chapter4-unit-054.tex,3,Category diagram: X → X' (\alpha); X → Y (f); Y → \Cone(f) (\alpha(f)); Y → Y' (\beta); \Cone(f) → TX (\beta(f)); \Cone(f) → \Cone(f') (\gamma); TX → T X' . (T\alpha); X' → Y' (f'); and 2 other arrows.,qa/DIAGRAM_SOURCE_INVENTORY.jsonl:412; source/en/chapter4-unit-054.tex:diagram 3; tikzcd; mapped_indonesian_structure_witness
chapter4-unit-054-d004,chapter4-unit-054.tex,4,"Commutative diagram with objects Cone(f), Cone(gf), Cone(g), Z', Y', X'. Arrows: Cone(f) maps to Cone(gf), labeled u:= (id_X[1], g); Cone(gf) maps to Cone(g), labeled v:= (f[1], id_Z); Z' maps to Cone(f); Y' maps to Cone(gf); X' maps to Cone(g).",qa/DIAGRAM_SOURCE_INVENTORY.jsonl:413; source/en/chapter4-unit-054.tex:diagram 4; tikzcd; mapped_indonesian_structure_witness
chapter4-unit-054-d005,chapter4-unit-054.tex,5,"Commutative diagram with objects Y', X', TZ', Cone(u). Arrows: Y' maps to X', labeled v; Y' maps to Y', labeled id_Y'; X' maps to TZ', labeled w; X' maps to Cone(u), labeled psi; TZ' maps to TZ', labeled id_TZ'; Y' maps to Cone(u), labeled alpha(u); Cone(u) maps to TZ', labeled beta(u); Cone(u) maps to X', labeled phi.",qa/DIAGRAM_SOURCE_INVENTORY.jsonl:414; source/en/chapter4-unit-054.tex:diagram 5; tikzcd; mapped_indonesian_structure_witness
chapter4-unit-054-d006,chapter4-unit-054.tex,6,"Commutative diagram with objects X, Y, Cone(f), X[1], Z, Cone(g)[-1], Cone(g). Arrows: X maps to Y, labeled f; X maps to X; Y maps to Y; Y maps to Cone(f), labeled alpha(f); Cone(f) maps to X[1], labeled beta(f); Cone(f) maps to Z, labeled Phi; X[1] maps to Cone(g), labeled Phi'; X maps to Cone(g)[-1], labeled Phi'[-1]; Y maps to Z, labeled g; Z maps to Z; Cone(g)[-1] maps to Y, labeled beta(g)[-1]; Z maps to Cone(g), labeled -alpha(g).",qa/DIAGRAM_SOURCE_INVENTORY.jsonl:415; source/en/chapter4-unit-054.tex:diagram 6; tikzcd; mapped_indonesian_structure_witness
chapter4-unit-054-d007,chapter4-unit-054.tex,7,Category diagram: Y → Y' (\alpha); Y → Y (\identity); Y' → N (\beta); Y' → TV; TV → TY; TV → TW (Tg); TY → TY (\identity); Y → N; and 2 other arrows.,qa/DIAGRAM_SOURCE_INVENTORY.jsonl:416; source/en/chapter4-unit-054.tex:diagram 7; tikzcd; mapped_indonesian_structure_witness
chapter4-unit-054-d008,chapter4-unit-054.tex,8,Category diagram: \text{inclusion}: \cate{D}^{\leq n}(\mathcal{A}) → \cate{D}(\mathcal{A}) :\tau^{\leq n}; \cate{D}(\mathcal{A}) :\tau^{\leq n} → \text{inclusion}: \cate{D}^{\leq n}(\mathcal{A}).,qa/DIAGRAM_SOURCE_INVENTORY.jsonl:417; source/en/chapter4-unit-054.tex:diagram 8; tikzcd; mapped_indonesian_structure_witness
chapter4-unit-054-d009,chapter4-unit-054.tex,9,Category diagram: \tau^{\geq n}: \cate{D}(\mathcal{A}) → \cate{D}^{\geq n}(\mathcal{A}) :\text{inclusion}; \cate{D}^{\geq n}(\mathcal{A}) :\text{inclusion} → \tau^{\geq n}: \cate{D}(\mathcal{A}).,qa/DIAGRAM_SOURCE_INVENTORY.jsonl:418; source/en/chapter4-unit-054.tex:diagram 9; tikzcd; mapped_indonesian_structure_witness
chapter4-unit-055-d001,chapter4-unit-055.tex,1,"Commutative diagram: \Hom_{\mathcal{A}}(\Hm^n(X), \Hm^n(Y)) → \Hom_{\mathcal{A}}(\Hm^n(X), \Hm^n(Z)) (\sim); \Hom_{\cate{K}(\mathcal{A})}(X, Y) → \Hom_{\mathcal{A}}(\Hm^n(X), \Hm^n(Y)) (\sim); \Hom_{\cate{K}(\mathcal{A})}(X, Y) → \Hom_{\cate{K}(\mathcal{A})}(X, Z); \Hom_{\cate{K}(\mathcal{A})}(X, Z)…",qa/DIAGRAM_SOURCE_INVENTORY.jsonl:419; source/en/chapter4-unit-055.tex:diagram 1; tikzcd; mapped_indonesian_structure_witness
chapter4-unit-055-d002,chapter4-unit-055.tex,2,Exact diagram: 0 → \Hm^j\left( F\tau^{\leq d} X \right); 0 → 0; \Hm^j\left( F\tau^{\leq d} X \right) → \Hm^j(FX); \Hm^j\left( F\tau^{\leq d} X \right) → \Hm^j\left( G\tau^{\leq d} X \right); \Hm^j(FX) → \Hm^j(GX); \Hm^j(FX) → 0; 0 → \Hm^j\left( G\tau^{\leq d} X \right); \Hm^j\left( G\tau^{\leq d} X…,qa/DIAGRAM_SOURCE_INVENTORY.jsonl:420; source/en/chapter4-unit-055.tex:diagram 2; tikzcd; mapped_indonesian_structure_witness
chapter4-unit-055-d003,chapter4-unit-055.tex,3,"Commutative diagram with objects Ext^m(Y, Z) times Ext^n(X, Y), Hom_D(A)(Y, Z[m]) times Hom_D(A)(X, Y[n]), Ext^m+n(X, Z), (f, g), fg:= f[n] composed with g. Arrows: Ext^m(Y, Z) times Ext^n(X, Y) maps to Hom_D(A)(Y, Z[m]) times Hom_D(A)(X, Y[n]); Hom_D(A)(Y, Z[m]) times Hom_D(A)(X, Y[n]) maps to Ext^m+n(X, Z); (f, g) maps to fg:= f[n] composed with g.",qa/DIAGRAM_SOURCE_INVENTORY.jsonl:421; source/en/chapter4-unit-055.tex:diagram 3; tikzcd; mapped_indonesian_structure_witness
chapter4-unit-055-d004,chapter4-unit-055.tex,4,Category diagram: 0 \& Y \& E^1 \& \cdots \& E^n \& X \& 0 → node on the right; 0 \& Y \& E^1 \& \cdots \& E^n \& X \& 0 → 0 \& Y \& (E')^1 \& \cdots \& (E')^n \& X \& 0; 0 \& Y \& (E')^1 \& \cdots \& (E')^n \& X \& 0 → node on the right.,qa/DIAGRAM_SOURCE_INVENTORY.jsonl:422; source/en/chapter4-unit-055.tex:diagram 4; tikzcd; mapped_indonesian_structure_witness
chapter4-unit-055-d005,chapter4-unit-055.tex,5,Exact diagram: 0 → Y; Y → E; Y → Y; E → X; E → E' (\sim); X → X; X → 0; Y → E'; and 2 other arrows.,qa/DIAGRAM_SOURCE_INVENTORY.jsonl:423; source/en/chapter4-unit-055.tex:diagram 5; tikzcd; mapped_indonesian_structure_witness
chapter4-unit-055-d006,chapter4-unit-055.tex,6,Commutative diagram: 0 → Y; Y → E^1; Y → Y; E^1 → \cdots; E^1 → E^1; \cdots → E^{n-1}; E^{n-1} → E^{n-1}; E^{n-1} → E^n \dtimes{X} X'; and 7 other arrows; one square is marked \Box.,qa/DIAGRAM_SOURCE_INVENTORY.jsonl:424; source/en/chapter4-unit-055.tex:diagram 6; tikzcd; mapped_indonesian_structure_witness
chapter4-unit-055-d007,chapter4-unit-055.tex,7,Commutative diagram: 0 → Y; Y → E^1; Y → Y' (g); E^1 → E^2; E^1 → E^1 \dsqcup{Y} Y'; E^2 → \cdots; E^2 → E^2; \cdots → E^n; and 7 other arrows; one square is marked \Box.,qa/DIAGRAM_SOURCE_INVENTORY.jsonl:425; source/en/chapter4-unit-055.tex:diagram 7; tikzcd; mapped_indonesian_structure_witness
chapter4-unit-055-d008,chapter4-unit-055.tex,8,"Category diagram: \oplus: \Ext^{n, \text{Yoneda}}(X, Y) \times \Ext^{n, \text{Yoneda}}(X'… → \Ext^{n, \text{Yoneda}}(X \oplus X', Y \oplus Y') ..",qa/DIAGRAM_SOURCE_INVENTORY.jsonl:426; source/en/chapter4-unit-055.tex:diagram 8; tikzcd; mapped_indonesian_structure_witness
chapter4-unit-055-d009,chapter4-unit-055.tex,9,"Category diagram: \dot{+}: \Ext^{n, \text{Yoneda}}(X, Y) \times \Ext^{n, \text{Yoneda}}(X… → \Ext^{n, \text{Yoneda}}(X, Y)..",qa/DIAGRAM_SOURCE_INVENTORY.jsonl:427; source/en/chapter4-unit-055.tex:diagram 9; tikzcd; mapped_indonesian_structure_witness
chapter4-unit-055-d010,chapter4-unit-055.tex,10,Category diagram: Z → X (s: \text{kuasi-isomorphism}); Z → Y[n] (a); Y → E^1; Y → Y (\identity); E^1 → \cdots; \cdots → E^n; E^n → X; node 3-5 → node 3-5.,qa/DIAGRAM_SOURCE_INVENTORY.jsonl:428; source/en/chapter4-unit-055.tex:diagram 10; tikzcd; mapped_indonesian_structure_witness
chapter4-unit-055-d011,chapter4-unit-055.tex,11,Category diagram with a square marked \Box: \cdots 0 → Z^{-n}; Z^{-n} → Z^{-n+1}; Z^{-n} → Y (a^{-n}); Z^{-n+1} → Z^{-n+2}; Z^{-n+1} → Z^{-n+1} \dsqcup{Z^{-n}} Y; Z^{-n+2} → \cdots; Z^{-n+2} → Z^{-n+2}; \cdots 0 → Y; and 2 other arrows; one square is marked \Box.,qa/DIAGRAM_SOURCE_INVENTORY.jsonl:429; source/en/chapter4-unit-055.tex:diagram 11; tikzcd; mapped_indonesian_structure_witness
chapter4-unit-055-d012,chapter4-unit-055.tex,12,Category diagram: \cdots 0 → 0; 0 → 0; 0 → \cdots; \cdots → X; X → 0 \cdots; \cdots 0 → Z^{-n}; Z^{-n} → Z^{-n+1}; Z^{-n} → Y; and 11 other arrows.,qa/DIAGRAM_SOURCE_INVENTORY.jsonl:430; source/en/chapter4-unit-055.tex:diagram 12; tikzcd; mapped_indonesian_structure_witness
chapter4-unit-055-d013,chapter4-unit-055.tex,13,Category diagram: Z_2 → X (s_2); Z_2 → Y[n] (a_2); W → X (t); W → Y[n] (b); W → Z_2; W → Z_1; Z_1 → X (s_1); Z_1 → Y[n] (a_1).,qa/DIAGRAM_SOURCE_INVENTORY.jsonl:431; source/en/chapter4-unit-055.tex:diagram 13; tikzcd; mapped_indonesian_structure_witness
chapter4-unit-055-d014,chapter4-unit-055.tex,14,Category diagram: \Cone(f) → {Y[1]} (\beta(f)); \Cone(f) → X (\Phi).,qa/DIAGRAM_SOURCE_INVENTORY.jsonl:432; source/en/chapter4-unit-055.tex:diagram 14; tikzcd; mapped_indonesian_structure_witness
chapter4-unit-056-d001,chapter4-unit-056.tex,1,Category diagram: \mathcal{D} → \mathcal{D}' (F); \mathcal{D} → \mathcal{D}/\mathcal{N} (Q); \mathcal{D}' → \mathcal{D}'/\mathcal{N}' (Q'); \mathcal{D}/\mathcal{N} → \mathcal{D}'/\mathcal{N}'.,qa/DIAGRAM_SOURCE_INVENTORY.jsonl:433; source/en/chapter4-unit-056.tex:diagram 1; tikzcd; mapped_indonesian_structure_witness
chapter4-unit-056-d002,chapter4-unit-056.tex,2,Category diagram: \mathcal{D} → \mathcal{D}' (F); \mathcal{D} → \mathcal{D}/\mathcal{N} (Q); \mathcal{D}' → \mathcal{D}'/\mathcal{N}' (Q'); \mathcal{D}' ⇒ \mathcal{D}/\mathcal{N}; \mathcal{D}/\mathcal{N} → \mathcal{D}'/\mathcal{N}' (\mathrm{R}^{\mathcal{N}'}_{\mathcal{N}} F).,qa/DIAGRAM_SOURCE_INVENTORY.jsonl:434; source/en/chapter4-unit-056.tex:diagram 2; tikzcd; mapped_indonesian_structure_witness
chapter4-unit-056-d003,chapter4-unit-056.tex,3,Category diagram: \mathcal{D} → \mathcal{D}' (F); \mathcal{D} → \mathcal{D}/\mathcal{N} (Q); \mathcal{D}' → \mathcal{D}'/\mathcal{N}' . (Q'); \mathcal{D}/\mathcal{N} → \mathcal{D}'/\mathcal{N}' . (\mathrm{L}^{\mathcal{N}'}_{\mathcal{N}} F); \mathcal{D}/\mathcal{N} ⇒ \mathcal{D}'.,qa/DIAGRAM_SOURCE_INVENTORY.jsonl:435; source/en/chapter4-unit-056.tex:diagram 3; tikzcd; mapped_indonesian_structure_witness
chapter4-unit-056-d004,chapter4-unit-056.tex,4,Category diagram: \mathcal{D} → \mathcal{D}' (F); \mathcal{D} → \mathcal{D}' (G); \mathcal{D} → \mathcal{D}/\mathcal{N}; \mathcal{D}' → \mathcal{D}'/\mathcal{N}'; \mathcal{D}' ⇒ \mathcal{D}/\mathcal{N}; \mathcal{D}/\mathcal{N} → \mathcal{D}'/\mathcal{N}' (\mathrm{R}^{\mathcal{N}'}_{\mathcal{N}}G );…,qa/DIAGRAM_SOURCE_INVENTORY.jsonl:436; source/en/chapter4-unit-056.tex:diagram 4; tikzcd; mapped_indonesian_structure_witness
chapter4-unit-056-d005,chapter4-unit-056.tex,5,Category diagram: \mathcal{D} → \mathcal{D}' (F); \mathcal{D} → \mathcal{D}/\mathcal{N}; \mathcal{D}' → \mathcal{D}'/\mathcal{N}'; \mathcal{D}' ⇒ \mathcal{D}/\mathcal{N}; \mathcal{D}/\mathcal{N} → \mathcal{D}'/\mathcal{N}' (\mathrm{R}^{\mathcal{N}'}_{\mathcal{N}}F ); \mathcal{D}/\mathcal{N} → \math…,qa/DIAGRAM_SOURCE_INVENTORY.jsonl:437; source/en/chapter4-unit-056.tex:diagram 5; tikzcd; mapped_indonesian_structure_witness
chapter4-unit-056-d006,chapter4-unit-056.tex,6,"Commutative diagram with objects D/N, D'/N', I/(I cap N). Arrows: D/N maps to D'/N', labeled functor sought; I/(I cap N) maps to D/N, labeled i: equivalence; I/(I cap N) maps to D'/N', labeled F^flat.",qa/DIAGRAM_SOURCE_INVENTORY.jsonl:438; source/en/chapter4-unit-056.tex:diagram 6; tikzcd; mapped_indonesian_structure_witness
chapter4-unit-056-d007,chapter4-unit-056.tex,7,Category diagram: \mathcal{D} → \mathcal{D}' (F); \mathcal{D} → \mathcal{D}/\mathcal{N} (Q); \mathcal{D}' → \mathcal{D}'' (F'); \mathcal{D}' → \mathcal{D}'/\mathcal{N}' (Q'); \mathcal{D}' ⇒ \mathcal{D}/\mathcal{N}; \mathcal{D}'' → \mathcal{D}''/\mathcal{N}'' (Q''); \mathcal{D}'' ⇒ \mathcal{D}'/\mat…,qa/DIAGRAM_SOURCE_INVENTORY.jsonl:439; source/en/chapter4-unit-056.tex:diagram 7; tikzcd; mapped_indonesian_structure_witness
chapter4-unit-056-d008,chapter4-unit-056.tex,8,Category diagram: \mathcal{D} → \mathcal{D}'' (F' F); \mathcal{D} → \mathcal{D}/\mathcal{N} \tikztostart.south) -- ([yshift=-2em] \tikztota… (Q); \mathcal{D}'' → \mathcal{D}''/\mathcal{N}'' (Q''); \mathcal{D}'' ⇒ \mathcal{D}/\mathcal{N} \tikztostart.south) -- ([yshift=-2em] \tikztota…; \mathcal{D}/…,qa/DIAGRAM_SOURCE_INVENTORY.jsonl:440; source/en/chapter4-unit-056.tex:diagram 8; tikzcd; mapped_indonesian_structure_witness
chapter4-unit-056-d009,chapter4-unit-056.tex,9,Category diagram: \mathcal{D} → \mathcal{D}'' (F' F); \mathcal{D} → \mathcal{D}/\mathcal{N} (Q); \mathcal{D}'' → \mathcal{D}''/\mathcal{N}'' . (Q''); \mathcal{D}'' ⇒ \mathcal{D}/\mathcal{N}; \mathcal{D}/\mathcal{N} → \mathcal{D}''/\mathcal{N}'' . (R'R).,qa/DIAGRAM_SOURCE_INVENTORY.jsonl:441; source/en/chapter4-unit-056.tex:diagram 9; tikzcd; mapped_indonesian_structure_witness
chapter4-unit-056-d010,chapter4-unit-056.tex,10,"Category diagram: F(T_1 X, T_2 Y) → T' F(X, T_2 Y); F(T_1 X, T_2 Y) → T' F(T_1 X, Y); T' F(X, T_2 Y) → (T')^2(X, Y); T' F(T_1 X, Y) → (T')^2(X, Y).",qa/DIAGRAM_SOURCE_INVENTORY.jsonl:442; source/en/chapter4-unit-056.tex:diagram 10; tikzcd; mapped_indonesian_structure_witness
chapter4-unit-056-d011,chapter4-unit-056.tex,11,"Category diagram: \mathcal{D}_1 \times \mathcal{D}_2 → (\mathcal{D}_1 / \mathcal{N}_1) \times (\mathcal{D}_2 / \mathcal{N}_2) ((Q_1, Q_2)); \mathcal{D}_1 \times \mathcal{D}_2 → \mathcal{D}' (F); \mathcal{D}' → \mathcal{D}'/\mathcal{N}' . (Q'); (\mathcal{D}_1 / \mathcal{N}_1) \times (\mathcal{D}_2 /…",qa/DIAGRAM_SOURCE_INVENTORY.jsonl:443; source/en/chapter4-unit-056.tex:diagram 11; tikzcd; mapped_indonesian_structure_witness
chapter4-unit-056-d012,chapter4-unit-056.tex,12,"Commutative diagram with objects D_1 /N_1 times D_2 /N_2, D'/N', I_1 /(I_1 cap N_1) times I_2 /(I_2 cap N_2). Arrows: D_1 /N_1 times D_2 /N_2 maps to D'/N', labeled RF; I_1 /(I_1 cap N_1) times I_2 /(I_2 cap N_2) maps to D_1 /N_1 times D_2 /N_2, labeled i = (i_1, i_2): equivalence; I_1 /(I_1 cap N_1) times I_2 /(I_2 cap N_2) maps to D'/N', labeled F^flat.",qa/DIAGRAM_SOURCE_INVENTORY.jsonl:444; source/en/chapter4-unit-056.tex:diagram 12; tikzcd; mapped_indonesian_structure_witness
chapter4-unit-056-d013,chapter4-unit-056.tex,13,"Category diagram: \mathcal{D}_2 / \mathcal{N}_2 → \mathcal{D}'/ \mathcal{N}' (\mathrm{R}F(Q_1 X_1, \cdot)); \mathcal{I}_2 / \mathcal{I}_2 \cap \mathcal{N}_2 → \mathcal{D}_2 / \mathcal{N}_2 (i_2: \text{equivalence}); \mathcal{I}_2 / \mathcal{I}_2 \cap \mathcal{N}_2 → \mathcal{D}'/ \mathcal{N}' (F^\f…",qa/DIAGRAM_SOURCE_INVENTORY.jsonl:445; source/en/chapter4-unit-056.tex:diagram 13; tikzcd; mapped_indonesian_structure_witness
chapter4-unit-057-d001,chapter4-unit-057.tex,1,Category diagram: \cate{K}^{\star}(\mathcal{A}) → \cate{K}^{\star}(\mathcal{A}') (\cate{K}^\star F); \cate{K}^{\star}(\mathcal{A}) → \cate{D}^{\star}(\mathcal{A}) (Q); \cate{K}^{\star}(\mathcal{A}') → \cate{D}^{\star}(\mathcal{A}') (Q').,qa/DIAGRAM_SOURCE_INVENTORY.jsonl:446; source/en/chapter4-unit-057.tex:diagram 1; tikzcd; mapped_indonesian_structure_witness
chapter4-unit-057-d002,chapter4-unit-057.tex,2,"Commutative diagram with objects H^p+q K_ direct sum F(X_1, X_2), F(H^p(X_1), H^q(X_2)), H^p+q ^star LF(Q_1 X_1, Q_2 X_2). Arrows: F(H^p(X_1), H^q(X_2)) maps to H^p+q ^star LF(Q_1 X_1, Q_2 X_2); F(H^p(X_1), H^q(X_2)) maps to H^p+q K_ direct sum F(X_1, X_2), labeled kappa; H^p+q ^star LF(Q_1 X_1, Q_2 X_2) maps to H^p+q K_ direct sum F(X_1, X_2), labeled can.",qa/DIAGRAM_SOURCE_INVENTORY.jsonl:447; source/en/chapter4-unit-057.tex:diagram 2; tikzcd; mapped_indonesian_structure_witness
chapter4-unit-057-d003,chapter4-unit-057.tex,3,"Commutative diagram with objects H^p+q K_Pi F(X_1, X_2), F(H^p(X_1), H^q(X_2)), H^p+q ^star RF(Q_1 X_1, Q_2 X_2). Arrows: H^p+q K_Pi F(X_1, X_2) maps to H^p+q ^star RF(Q_1 X_1, Q_2 X_2), labeled can; H^p+q K_Pi F(X_1, X_2) maps to F(H^p(X_1), H^q(X_2)), labeled lambda; H^p+q ^star RF(Q_1 X_1, Q_2 X_2) maps to F(H^p(X_1), H^q(X_2)).",qa/DIAGRAM_SOURCE_INVENTORY.jsonl:448; source/en/chapter4-unit-057.tex:diagram 3; tikzcd; mapped_indonesian_structure_witness
chapter4-unit-059-d001,chapter4-unit-059.tex,1,"Equality characterizing the global dimension of A: the supremum of injective dimensions, the least n for which Ext in every degree at least n+1 vanishes, the supremum of projective dimensions, and the largest degree n with some nonzero Ext^n(X,Y) are all equal. The infimum of the empty set is taken to be infinity.",qa/DIAGRAM_SOURCE_INVENTORY.jsonl:449; source/en/chapter4-unit-059.tex:diagram 1; tikzcd; mapped_indonesian_structure_witness
chapter4-unit-059-diagram-002,chapter4-unit-059.tex,2,"Paired functors F:A to A' and G:A' to A, shown by opposing arrows.",qa/DIAGRAM_SOURCE_INVENTORY.jsonl:450; source/en/chapter4-unit-059.tex:diagram 2; tikzcd; mapped_indonesian_structure_witness
chapter4-unit-060-d001,chapter4-unit-060.tex,1,Commutative diagram: X_h → Z_h (s_h); Y → \prod_k Z_k (b); Y → Z_h (b_h); \prod_k Z_k → Z_h; \prod_k X_k . → \prod_k Z_k (s); \prod_k X_k . → X_h (p_h).,qa/DIAGRAM_SOURCE_INVENTORY.jsonl:451; source/en/chapter4-unit-060.tex:diagram 1; tikzcd; mapped_indonesian_structure_witness
chapter4-unit-060-d002,chapter4-unit-060.tex,2,Category diagram: X_h → M_h (t_h); Y → M (c); Y → M_h (c_h); Y → \prod_k M_k ((c_k)_k); M → M_h (r_h); M → \prod_k M_k ((r_k)_k); \prod_k X_k → M (t); \prod_k X_k → X_h (p_h); and 1 other arrows.,qa/DIAGRAM_SOURCE_INVENTORY.jsonl:452; source/en/chapter4-unit-060.tex:diagram 2; tikzcd; mapped_indonesian_structure_witness
chapter4-unit-060-diagram-003,chapter4-unit-060.tex,3,"Small path icon: an arrow rises diagonally from the lower left to a central corner, then continues horizontally to the right.",qa/DIAGRAM_SOURCE_INVENTORY.jsonl:453; source/en/chapter4-unit-060.tex:diagram 3; tikzpicture; mapped_indonesian_structure_witness
chapter4-unit-060-diagram-004,chapter4-unit-060.tex,4,Small path icon: a V-shaped arrow descends diagonally from the upper left to a lower corner and then rises diagonally to the upper right.,qa/DIAGRAM_SOURCE_INVENTORY.jsonl:454; source/en/chapter4-unit-060.tex:diagram 4; tikzpicture; mapped_indonesian_structure_witness
chapter4-unit-060-d003,chapter4-unit-060.tex,5,Commutative diagram: \vdots → X_1^n (f_1^n); \vdots → X_1^{n+1} (f_1^{n+1}); \cdots → X_1^n; X_1^n → X_1^{n+1} (d_{X_1}^n); X_1^n → X_0^n (f_0^n); X_1^{n+1} → X_0^{n+1} (f_0^{n+1}); X_1^{n+1} → \cdots; \cdots → X_0^n; and 2 other arrows.,qa/DIAGRAM_SOURCE_INVENTORY.jsonl:455; source/en/chapter4-unit-060.tex:diagram 5; tikzcd; mapped_indonesian_structure_witness
chapter4-unit-061-diagram-001,chapter4-unit-061.tex,1,"Paired functors F:A to A' and G:A' to A, shown by opposing arrows.",qa/DIAGRAM_SOURCE_INVENTORY.jsonl:456; source/en/chapter4-unit-061.tex:diagram 1; tikzcd; mapped_indonesian_structure_witness
chapter4-unit-062-d001,chapter4-unit-062.tex,1,"Natural-transformation diagram with objects D((A, R)Mod) times D((R, B)Mod), D((A, B)Mod), D(ModR) times D(RMod), D(Ab). Arrows: D((A, R)Mod) times D((R, B)Mod) maps to D((A, B)Mod), labeled otimesL[R]; D((A, R)Mod) times D((R, B)Mod) maps to D(ModR) times D(RMod), labeled forgetful functor; D((A, B)Mod) maps to D(Ab), labeled forgetful functor; D(ModR) times D(RMod) maps to D(Ab), labeled otimesL[R]; a 2-cell from D(ModR) times D(RMod) to D((A, B)Mod), labeled isomorphism.",qa/DIAGRAM_SOURCE_INVENTORY.jsonl:457; source/en/chapter4-unit-062.tex:diagram 1; tikzcd; mapped_indonesian_structure_witness
chapter4-unit-062-diagram-002,chapter4-unit-062.tex,2,"Layered cube comparing tensor over R on homotopy categories with its derived tensor functor on derived categories. Diagonal arrows forget bimodule structure, vertical arrows are localization functors, and the rear faces land in K(Ab) and D(Ab).",qa/DIAGRAM_SOURCE_INVENTORY.jsonl:458; source/en/chapter4-unit-062.tex:diagram 2; tikzcd; mapped_indonesian_structure_witness
chapter4-unit-062-d002,chapter4-unit-062.tex,3,Natural-transformation diagram with objects point. Arrows: point maps to point; a 2-cell from point to point.,qa/DIAGRAM_SOURCE_INVENTORY.jsonl:459; source/en/chapter4-unit-062.tex:diagram 3; tikzcd; mapped_indonesian_structure_witness
chapter4-unit-062-d003,chapter4-unit-062.tex,4,Cube-path schematic: an initial composite follows two dashed edges and then the lower horizontal edge across a shaded face.,qa/DIAGRAM_SOURCE_INVENTORY.jsonl:460; source/en/chapter4-unit-062.tex:diagram 4; tikzpicture; mapped_indonesian_structure_witness
chapter4-unit-062-d004,chapter4-unit-062.tex,5,Cube-path schematic: successive 2-cells deform the initial path into the final path across the shaded cube face; the resulting composite is denoted \beth.,qa/DIAGRAM_SOURCE_INVENTORY.jsonl:461; source/en/chapter4-unit-062.tex:diagram 5; tikzpicture; mapped_indonesian_structure_witness
chapter4-unit-062-d005,chapter4-unit-062.tex,6,Cube-path schematic for the composite obtained after the deformation: a dashed horizontal segment is followed by the descending edge.,qa/DIAGRAM_SOURCE_INVENTORY.jsonl:462; source/en/chapter4-unit-062.tex:diagram 6; tikzpicture; mapped_indonesian_structure_witness
chapter4-unit-062-d006,chapter4-unit-062.tex,7,Cube-path schematic showing the dashed vertical edge along which \beth is extended by a right Kan extension.,qa/DIAGRAM_SOURCE_INVENTORY.jsonl:463; source/en/chapter4-unit-062.tex:diagram 7; tikzpicture; mapped_indonesian_structure_witness
chapter4-unit-063-d001,chapter4-unit-063.tex,1,L-shaped composition path that first moves right and then down in the diagram of Proposition \ref{prop:otimesL-enrichment}.,qa/DIAGRAM_SOURCE_INVENTORY.jsonl:464; source/en/chapter4-unit-063.tex:diagram 1; tikzpicture; mapped_indonesian_structure_witness
chapter4-unit-063-d002,chapter4-unit-063.tex,2,L-shaped composition path that first moves down and then right in the diagram of Proposition \ref{prop:otimesL-enrichment}.,qa/DIAGRAM_SOURCE_INVENTORY.jsonl:465; source/en/chapter4-unit-063.tex:diagram 2; tikzpicture; mapped_indonesian_structure_witness
chapter4-unit-063-d003,chapter4-unit-063.tex,3,"Natural-transformation diagram with objects D((A,R)Mod)^op times D((A,B)Mod), D((R,B)Mod), D(AMod)^op times D(AMod), D(Ab). Arrows: D((A,R)Mod)^op times D((A,B)Mod) maps to D((R,B)Mod); D((A,R)Mod)^op times D((A,B)Mod) maps to D(AMod)^op times D(AMod), labeled forgetful functor; D((R,B)Mod) maps to D(Ab), labeled forgetful functor; a 2-cell from D((R,B)Mod) to D(AMod)^op times D(AMod), labeled isomorphism; D(AMod)^op times D(AMod) maps to D(Ab), labeled RHom_A.",qa/DIAGRAM_SOURCE_INVENTORY.jsonl:466; source/en/chapter4-unit-063.tex:diagram 3; tikzcd; mapped_indonesian_structure_witness
chapter4-unit-063-d004,chapter4-unit-063.tex,4,Category diagram: \mathrm{K}_0(\mathcal{A}) → \mathrm{K}_0(\cate{D}^{\bdd}(\mathcal{A})); \mathrm{K}_0(\cate{D}^{\bdd}(\mathcal{A})) → \mathrm{K}_0(\mathcal{A}); {[A]} → {[A]}; {[X]} → \sum_n (-1)^n {[\Hm^n(X)]}.,qa/DIAGRAM_SOURCE_INVENTORY.jsonl:467; source/en/chapter4-unit-063.tex:diagram 4; tikzcd; mapped_indonesian_structure_witness
chapter4-unit-063-d005,chapter4-unit-063.tex,5,Category diagram: \mathrm{R}(F'' F' F) → \mathrm{R}(F'' F') \mathrm{R}F; \mathrm{R}(F'' F' F) → \mathrm{R}F'' \mathrm{R}(F'F); \mathrm{R}(F'' F') \mathrm{R}F → \mathrm{R}F'' \mathrm{R}F' \mathrm{R}F; \mathrm{R}F'' \mathrm{R}(F'F) → \mathrm{R}F'' \mathrm{R}F' \mathrm{R}F.,qa/DIAGRAM_SOURCE_INVENTORY.jsonl:468; source/en/chapter4-unit-063.tex:diagram 5; tikzcd; mapped_indonesian_structure_witness
chapter4-unit-063-d006,chapter4-unit-063.tex,6,Category diagram: \mathrm{L}(F'' F') \mathrm{L}F → \mathrm{L}(F'' F' F); \mathrm{L}F'' \mathrm{L}(F'F) → \mathrm{L}(F'' F' F); \mathrm{L}F'' \mathrm{L}F' \mathrm{L}F . → \mathrm{L}(F'' F') \mathrm{L}F; \mathrm{L}F'' \mathrm{L}F' \mathrm{L}F . → \mathrm{L}F'' \mathrm{L}(F'F).,qa/DIAGRAM_SOURCE_INVENTORY.jsonl:469; source/en/chapter4-unit-063.tex:diagram 6; tikzcd; mapped_indonesian_structure_witness
chapter4-unit-063-d007,chapter4-unit-063.tex,7,Category diagram: X → W (b); X → X (\identity); E^1 → E^2; E^2 → \cdots; \cdots → X; Y[n] → W (t: \text{kuasi-isomorphism}); Y → E^1; node 3-5 → node 3-5.,qa/DIAGRAM_SOURCE_INVENTORY.jsonl:470; source/en/chapter4-unit-063.tex:diagram 7; tikzcd; mapped_indonesian_structure_witness
chapter5-unit-064-d001,chapter5-unit-064.tex,1,Commutative diagram: 0 → \mathrm{F}^{p+1} X; \mathrm{F}^{p+1} X → \mathrm{F}^{p+1} Y (f); \mathrm{F}^{p+1} X → \mathrm{F}^p X; \mathrm{F}^p X → \gr^p X; \mathrm{F}^p X → \mathrm{F}^p Y (f); \gr^p X → 0; \gr^p X → \gr^p Y (\gr^p(f)); 0 → \mathrm{F}^{p+1} Y; and 3 other arrows.,qa/DIAGRAM_SOURCE_INVENTORY.jsonl:471; source/en/chapter5-unit-064.tex:diagram 1; tikzcd; mapped_indonesian_structure_witness
chapter5-unit-064-d002,chapter5-unit-064.tex,2,Exact diagram: 0 → \mathrm{F}^{\ell} X; \mathrm{F}^{\ell} X → \mathrm{F}^p X; \mathrm{F}^{\ell} X → \mathrm{F}^{\ell} Y (f); \mathrm{F}^p X → \mathrm{F}^p X / \mathrm{F}^{\ell} X; \mathrm{F}^p X → \mathrm{F}^p Y (f); \mathrm{F}^p X / \mathrm{F}^{\ell} X → 0; \mathrm{F}^p X / \mathrm{F}^{\ell} X → \…,qa/DIAGRAM_SOURCE_INVENTORY.jsonl:472; source/en/chapter5-unit-064.tex:diagram 2; tikzcd; mapped_indonesian_structure_witness
chapter5-unit-064-d003,chapter5-unit-064.tex,3,Commutative diagram: X → \varprojlim_\ell X/\mathrm{F}^\ell X (\sim); X → Y (f); \varprojlim_\ell X/\mathrm{F}^\ell X → \varprojlim_\ell Y/\mathrm{F}^\ell Y (\sim); Y ↪ \varprojlim_\ell Y/\mathrm{F}^\ell Y.,qa/DIAGRAM_SOURCE_INVENTORY.jsonl:473; source/en/chapter5-unit-064.tex:diagram 3; tikzcd; mapped_indonesian_structure_witness
chapter5-unit-065-diagram-001,chapter5-unit-065.tex,1,"Commutative diagram with objects A, B, C. Arrows: A maps to B; B maps to C; C maps to A, labeled +m.",qa/DIAGRAM_SOURCE_INVENTORY.jsonl:474; source/en/chapter5-unit-065.tex:diagram 1; tikzcd; mapped_indonesian_structure_witness
chapter5-unit-065-d001,chapter5-unit-065.tex,2,"Exact diagram: \Hm(X',d') → \Hm(X,d) .; \Hm(X,d) . → \Hm(X'',d''); \Hm(X'',d'') → \Hm(X',d') (+1).",qa/DIAGRAM_SOURCE_INVENTORY.jsonl:475; source/en/chapter5-unit-065.tex:diagram 2; tikzcd; mapped_indonesian_structure_witness
chapter5-unit-065-d002,chapter5-unit-065.tex,3,"Differential directions in a cohomological bigraded spectral sequence: from E_r^{p,q}, d_0 points up, d_1 right, d_2 two steps right and one down, and d_3 three right and two down.",qa/DIAGRAM_SOURCE_INVENTORY.jsonl:476; source/en/chapter5-unit-065.tex:diagram 3; tikzpicture; mapped_indonesian_structure_witness
chapter5-unit-065-d003,chapter5-unit-065.tex,4,"Differential directions in a homological bigraded spectral sequence: from E^r_{p,q}, d^0 points down, d^1 left, d^2 two steps left and one up, and d^3 three left and two up.",qa/DIAGRAM_SOURCE_INVENTORY.jsonl:477; source/en/chapter5-unit-065.tex:diagram 4; tikzpicture; mapped_indonesian_structure_witness
chapter5-unit-065-d004,chapter5-unit-065.tex,5,Support of a bigraded spectral sequence concentrated in a horizontal strip of s rows.,qa/DIAGRAM_SOURCE_INVENTORY.jsonl:478; source/en/chapter5-unit-065.tex:diagram 5; tikzpicture; mapped_indonesian_structure_witness
chapter5-unit-065-d005,chapter5-unit-065.tex,6,Support of a bigraded spectral sequence concentrated in a vertical strip of s columns.,qa/DIAGRAM_SOURCE_INVENTORY.jsonl:479; source/en/chapter5-unit-065.tex:diagram 6; tikzpicture; mapped_indonesian_structure_witness
chapter5-unit-066-d001,chapter5-unit-066.tex,1,Category diagram: D → D (i); D → E (j); E → D (k).,qa/DIAGRAM_SOURCE_INVENTORY.jsonl:480; source/en/chapter5-unit-066.tex:diagram 1; tikzcd; mapped_indonesian_structure_witness
chapter5-unit-066-d002,chapter5-unit-066.tex,2,"Exact diagram: D → \Ker(d) (j); D ↠ i(D) (i); \Ker(d) ↠ \Hm(E,d); i(D) → \Hm(E,d) (\exists!\;j').",qa/DIAGRAM_SOURCE_INVENTORY.jsonl:481; source/en/chapter5-unit-066.tex:diagram 2; tikzcd; mapped_indonesian_structure_witness
chapter5-unit-066-d003,chapter5-unit-066.tex,3,"Exact diagram: \Ker(d) → i(D) (k); \Ker(d) ↠ \Hm(E,d); \Hm(E,d) → i(D) (\exists!\;k').",qa/DIAGRAM_SOURCE_INVENTORY.jsonl:482; source/en/chapter5-unit-066.tex:diagram 3; tikzcd; mapped_indonesian_structure_witness
chapter5-unit-066-d004,chapter5-unit-066.tex,4,Category diagram: D' → D' (i'); D' → E' (j'); E' → D' (k').,qa/DIAGRAM_SOURCE_INVENTORY.jsonl:483; source/en/chapter5-unit-066.tex:diagram 4; tikzcd; mapped_indonesian_structure_witness
chapter5-unit-066-d005,chapter5-unit-066.tex,5,Category diagram: i^rD → i^rD (i); i^rD → \dfrac{k^{-1}(i^rD)}{j(\Ker(i^r))} (\overline{j}_{r+1}); \dfrac{k^{-1}(i^rD)}{j(\Ker(i^r))} → i^rD (\overline{k}_{r+1}).,qa/DIAGRAM_SOURCE_INVENTORY.jsonl:484; source/en/chapter5-unit-066.tex:diagram 5; tikzcd; mapped_indonesian_structure_witness
chapter5-unit-066-d006,chapter5-unit-066.tex,6,Commutative diagram: D → i^rD (i^r); D → k^{-1}(i^rD) (j); i^rD → \dfrac{k^{-1}(i^rD)}{j(\Ker(i^r))}. (\overline{j}_{r+1}); k^{-1}(i^rD) ↠ \dfrac{k^{-1}(i^rD)}{j(\Ker(i^r))}..,qa/DIAGRAM_SOURCE_INVENTORY.jsonl:485; source/en/chapter5-unit-066.tex:diagram 6; tikzcd; mapped_indonesian_structure_witness
chapter5-unit-066-d007,chapter5-unit-066.tex,7,"Exact diagram: \Hm(D,d) → \Hm(D,d) (i=\Hm(\alpha)); \Hm(D,d) → \Hm(\Coker(\alpha),d_\alpha) (j); \Hm(\Coker(\alpha),d_\alpha) → \Hm(D,d) (k).",qa/DIAGRAM_SOURCE_INVENTORY.jsonl:486; source/en/chapter5-unit-066.tex:diagram 7; tikzcd; mapped_indonesian_structure_witness
chapter5-unit-066-d008,chapter5-unit-066.tex,8,"Exact-sequence diagram with objects Coker(d), Coker(d_alpha), 0, Ker(d), Ker(d_alpha). Arrows: Coker(d) maps to Coker(d); Coker(d) maps to Ker(d), labeled bar d; Coker(d) maps to Coker(d_alpha); Coker(d_alpha) maps to Ker(d_alpha), labeled bar d_alpha; Coker(d_alpha) maps to 0; 0 maps to Ker(d); Ker(d) maps to Ker(d), labeled alpha; Ker(d) maps to Ker(d_alpha).",qa/DIAGRAM_SOURCE_INVENTORY.jsonl:487; source/en/chapter5-unit-066.tex:diagram 8; tikzcd; mapped_indonesian_structure_witness
chapter5-unit-066-d009,chapter5-unit-066.tex,9,Exact diagram: D → D (-1); D → E (+1); E → D.,qa/DIAGRAM_SOURCE_INVENTORY.jsonl:488; source/en/chapter5-unit-066.tex:diagram 9; tikzcd; mapped_indonesian_structure_witness
chapter5-unit-066-d010,chapter5-unit-066.tex,10,Exact diagram: TD → D; TD → \cdots; D → T^{-1}D; D → TE; T^{-1}D → T^{-2}D; T^{-1}D → E; T^{-2}D → T^{-1}E; TE → TD; and 3 other arrows.,qa/DIAGRAM_SOURCE_INVENTORY.jsonl:489; source/en/chapter5-unit-066.tex:diagram 10; tikzcd; mapped_indonesian_structure_witness
chapter5-unit-066-diagram-011,chapter5-unit-066.tex,11,"Oriented triangular cycle on three vertices: the top edge is labeled minus 1, the descending edge is labeled plus r, and the returning edge is unlabeled, recording the sign and degree convention.",qa/DIAGRAM_SOURCE_INVENTORY.jsonl:490; source/en/chapter5-unit-066.tex:diagram 11; tikzcd; mapped_indonesian_structure_witness
chapter5-unit-067-d001,chapter5-unit-067.tex,1,"Category diagram: \Hm\left(\mathrm{F}^{p+1}X,d\right)_p → \Hm\left(\mathrm{F}^{p+1}X,d\right)_p (-1); \Hm\left(\mathrm{F}^{p+1}X,d\right)_p → \Hm\left(\gr^pX,\gr^pd\right)_p (+1); \Hm\left(\gr^pX,\gr^pd\right)_p → \Hm\left(\mathrm{F}^{p+1}X,d\right)_p.",qa/DIAGRAM_SOURCE_INVENTORY.jsonl:491; source/en/chapter5-unit-067.tex:diagram 1; tikzcd; mapped_indonesian_structure_witness
chapter5-unit-069-d001,chapter5-unit-069.tex,1,"Order-of-cohomology key for E_{\mathrm{II},2}^{p,q}: take cohomology first in the horizontal q-direction, then in the vertical p-direction.",qa/DIAGRAM_SOURCE_INVENTORY.jsonl:492; source/en/chapter5-unit-069.tex:diagram 1; tikzpicture; mapped_indonesian_structure_witness
chapter5-unit-069-d002,chapter5-unit-069.tex,2,"Order-of-cohomology key for E_{\mathrm{I},2}^{p,q}: take cohomology first in the vertical q-direction, then in the horizontal p-direction.",qa/DIAGRAM_SOURCE_INVENTORY.jsonl:493; source/en/chapter5-unit-069.tex:diagram 2; tikzpicture; mapped_indonesian_structure_witness
chapter5-unit-069-d003,chapter5-unit-069.tex,3,"Order-of-cohomology key for E_{\mathrm{II},2}^{p,q}: take cohomology first in the horizontal q-direction, then in the vertical p-direction.",qa/DIAGRAM_SOURCE_INVENTORY.jsonl:494; source/en/chapter5-unit-069.tex:diagram 3; tikzpicture; mapped_indonesian_structure_witness
chapter5-unit-071-d001,chapter5-unit-071.tex,1,Exact diagram: \Hm_\bullet(C) → \Hm_\bullet(C) (\Hm_\bullet(\alpha)); \Hm_\bullet(C) → \Hm_\bullet\left(C\dotimes{R}R/(f)\right); \Hm_\bullet\left(C\dotimes{R}R/(f)\right) → \Hm_\bullet(C) (-1).,qa/DIAGRAM_SOURCE_INVENTORY.jsonl:495; source/en/chapter5-unit-071.tex:diagram 1; tikzcd; mapped_indonesian_structure_witness
chapter5-unit-071-d002,chapter5-unit-071.tex,2,Category diagram: \mathrm{F}^0I^1 → \vdots; \mathrm{F}^NI^1 → \vdots; \mathrm{F}^0I^0 → \mathrm{F}^0I^1; \mathrm{F}^NI^0 → \mathrm{F}^NI^1; \mathrm{F}^0X → \mathrm{F}^0I^0; \mathrm{F}^NX → \mathrm{F}^NI^0; 0 → \mathrm{F}^0X; 0 → \mathrm{F}^NX.,qa/DIAGRAM_SOURCE_INVENTORY.jsonl:496; source/en/chapter5-unit-071.tex:diagram 2; tikzcd; mapped_indonesian_structure_witness
chapter6-unit-072-d001,chapter6-unit-072.tex,1,"Category diagram: \Hom(L \otimes M, N) ⇒ \Hom(L, \Hom(M, N)) (\sim); \varphi → {\left[ w \mapsto \varphi(w \otimes (\cdot)) \right]}; \psi → {\left[ w \otimes x \mapsto \psi(w)(x) \right]}.",qa/DIAGRAM_SOURCE_INVENTORY.jsonl:497; source/en/chapter6-unit-072.tex:diagram 1; tikzcd; mapped_indonesian_structure_witness
chapter6-unit-072-d002,chapter6-unit-072.tex,2,"Category diagram: \Hom_G(L \otimes M, N) ⇒ \Hom_G(L, \Hom(M, N)) (\sim).",qa/DIAGRAM_SOURCE_INVENTORY.jsonl:498; source/en/chapter6-unit-072.tex:diagram 2; tikzcd; mapped_indonesian_structure_witness
chapter6-unit-072-d003,chapter6-unit-072.tex,3,"Commutative diagram with objects Hom_H(phi^* M, N), Hom_G(M, Hom_H(k[G], N)), theta, [x maps to [G contains g maps to theta(gx)] ], [x maps to xi(x)(1_G)], xi, Hom_H(N, phi^* M), Hom_G(k[G] tensor k[H] N, M), psi, [g tensor y maps to gpsi(y)], [y maps to eta(1_G tensor y) ], eta. Arrows: Hom_H(phi^* M, N) maps to Hom_G(M, Hom_H(k[G], N)), labeled isomorphism; theta maps to [x maps to [G contains g maps to theta(gx)] ]; xi maps to [x maps to xi(x)(1_G)]; Hom_H(N, phi^* M) maps to Hom_G(k[G] tensor k[H] N, M), labeled isomorphism; psi maps to [g tensor y maps to gpsi(y)]; eta maps to [y maps to eta(1_G tensor y) ].",qa/DIAGRAM_SOURCE_INVENTORY.jsonl:499; source/en/chapter6-unit-072.tex:diagram 3; tikzcd; mapped_indonesian_structure_witness
chapter6-unit-073-d001,chapter6-unit-073.tex,1,Category diagram: \mathrm{Infl}: \Bbbk\dcate{Mod} → G\dcate{Mod} : (\cdot)^G; G\dcate{Mod} : (\cdot)^G → \mathrm{Infl}: \Bbbk\dcate{Mod}; (\cdot)_G: G\dcate{Mod} → \Bbbk\dcate{Mod}: \mathrm{Infl}.; \Bbbk\dcate{Mod}: \mathrm{Infl}. → (\cdot)_G: G\dcate{Mod}.,qa/DIAGRAM_SOURCE_INVENTORY.jsonl:500; source/en/chapter6-unit-073.tex:diagram 1; tikzcd; mapped_indonesian_structure_witness
chapter6-unit-073-d002,chapter6-unit-073.tex,2,"Category diagram: 0 → \Ext^1_{\Z}\left( \Hm_{n-1}(G, \Z), M \right); \Ext^1_{\Z}\left( \Hm_{n-1}(G, \Z), M \right) → \Hm^n(G, M); \Hm^n(G, M) → \Hom_{\Z}\left( \Hm_n(G, \Z), M \right); \Hom_{\Z}\left( \Hm_n(G, \Z), M \right) → 0; 0 → M \dotimes{\Z} \Hm_n(G, \Z); M \dotimes{\Z} \Hm_n(G, \Z) → \Hm_n(…",qa/DIAGRAM_SOURCE_INVENTORY.jsonl:501; source/en/chapter6-unit-073.tex:diagram 2; tikzcd; mapped_indonesian_structure_witness
chapter6-unit-073-d003,chapter6-unit-073.tex,3,"Commutative diagram with objects Hom_G(L_n, M), C^n(G, M), phi, [ f: (g_1,..., g_n) maps to phi((g_1 |... | g_n))]. Arrows: Hom_G(L_n, M) maps to C^n(G, M), labeled isomorphism; phi maps to [ f: (g_1,..., g_n) maps to phi((g_1 |... | g_n))].",qa/DIAGRAM_SOURCE_INVENTORY.jsonl:502; source/en/chapter6-unit-073.tex:diagram 3; tikzcd; mapped_indonesian_structure_witness
chapter6-unit-073-d004,chapter6-unit-073.tex,4,"Commutative diagram with objects G_ab tensor Z k, H_1(G, k), (g bmod G_der) tensor 1, [g] its class. Arrows: G_ab tensor Z k maps to H_1(G, k), labeled isomorphism; (g bmod G_der) tensor 1 maps to [g] its class.",qa/DIAGRAM_SOURCE_INVENTORY.jsonl:503; source/en/chapter6-unit-073.tex:diagram 4; tikzcd; mapped_indonesian_structure_witness
chapter6-unit-073-d005,chapter6-unit-073.tex,5,Category diagram: G_{\mathrm{ab}} \otimes \Bbbk → \mathfrak{I}/\mathfrak{I}^2 (\sim); (g \bmod G_{\mathrm{der}}) \otimes 1 → 1_G - g \;\bmod \mathfrak{I}^2..,qa/DIAGRAM_SOURCE_INVENTORY.jsonl:504; source/en/chapter6-unit-073.tex:diagram 5; tikzcd; mapped_indonesian_structure_witness
chapter6-unit-073-d006,chapter6-unit-073.tex,6,"Exact-sequence diagram with objects (g)^dagger tensor 1_G, [g] = (g)^dagger tensor 1, 0, C_1(G, I), C_1(G, k[G]), C_1(G, k), C_0(G, I), C_0(G, k[G]), C_0(G, k). Arrows: (g)^dagger tensor 1_G maps to C_1(G, k[G]), labeled in; (g)^dagger tensor 1_G maps to [g] = (g)^dagger tensor 1; [g] = (g)^dagger tensor 1 maps to C_1(G, k), labeled in; 0 maps to C_1(G, I); C_1(G, I) maps to C_1(G, k[G]); C_1(G, I) maps to C_0(G, I); C_1(G, k[G]) maps to C_1(G, k); C_1(G, k[G]) maps to C_0(G, k[G]), labeled boundary'_1 tensor id_k[G]; C_1(G, k) maps to 0; C_1(G, k) maps to C_0(G, k), labeled boundary'_0 tensor id_k[G] = 0; 0 maps to C_0(G, I); C_0(G, I) maps to C_0(G, k[G]); C_0(G, k[G]) maps to C_0(G, k); C_0(G, k) maps to 0.",qa/DIAGRAM_SOURCE_INVENTORY.jsonl:505; source/en/chapter6-unit-073.tex:diagram 6; tikzcd; mapped_indonesian_structure_witness
chapter6-unit-074-d001,chapter6-unit-074.tex,1,"Category diagram: C^0(G,M) → C^1(G,M) (d^0); C^1(G,M) → C^2(G,M) (d^1); m → {[g\mapsto gm-m]}; f → {[(g_1,g_2)\mapsto g_1f(g_2)-f(g_1g_2)+f(g_1)]}.",qa/DIAGRAM_SOURCE_INVENTORY.jsonl:506; source/en/chapter6-unit-074.tex:diagram 1; tikzcd; mapped_indonesian_structure_witness
chapter6-unit-074-d002,chapter6-unit-074.tex,2,Commutative diagram: 0 → M; M → E; M → M; E → G; E → E' (\varphi); G → 1; G → G; M → E'; and 2 other arrows.,qa/DIAGRAM_SOURCE_INVENTORY.jsonl:507; source/en/chapter6-unit-074.tex:diagram 2; tikzcd; mapped_indonesian_structure_witness
chapter6-unit-074-d003,chapter6-unit-074.tex,3,Category diagram: E → E' (\varphi_1); E → E' (\varphi_2); E' ⇒ E' (m).,qa/DIAGRAM_SOURCE_INVENTORY.jsonl:508; source/en/chapter6-unit-074.tex:diagram 3; tikzcd; mapped_indonesian_structure_witness
chapter6-unit-075-d001,chapter6-unit-075.tex,1,"Category diagram: \Hom^\bullet_H(\Bbbk,I) → \Hom^\bullet_H(\Res^G_H\mathsf{L}^G,I) (\alpha); \Hom^\bullet_G(\Bbbk,\Ind^G_H(I)) → \Hom^\bullet_H(\Bbbk,I) (\sim); \Hom^\bullet_G(\Bbbk,\Ind^G_H(I)) → \Hom^\bullet_G(\mathsf{L}^G,\Ind^G_H(I)); \Hom^\bullet_H(\Res^G_H\mathsf{L}^G,I) → \Hom^\bullet_H(\mat…",qa/DIAGRAM_SOURCE_INVENTORY.jsonl:509; source/en/chapter6-unit-075.tex:diagram 1; tikzcd; mapped_indonesian_structure_witness
chapter6-unit-075-d002,chapter6-unit-075.tex,2,Category diagram: \Bbbk\dotimes{\Bbbk[H]}P → \Bbbk\dotimes{\Bbbk[G]}\iInd^G_H(P) (\sim); \Res^G_H\mathsf{L}^G\dotimes{\Bbbk[H]}P → \mathsf{L}^G\dotimes{\Bbbk[G]}\iInd^G_H(P) (\sim); \Res^G_H\mathsf{L}^G\dotimes{\Bbbk[H]}P → \Bbbk\dotimes{\Bbbk[H]}P (\alpha); \mathsf{L}^G\dotimes{\Bbbk[G]}\iInd^G_H(…,qa/DIAGRAM_SOURCE_INVENTORY.jsonl:510; source/en/chapter6-unit-075.tex:diagram 2; tikzcd; mapped_indonesian_structure_witness
chapter6-unit-076-d001,chapter6-unit-076.tex,1,Category diagram: \cate{K}^+(G) → \cate{D}^+(G); \cate{K}^+(G) → \cate{K}^+(H) (\varphi^*); \cate{K}^+(G) → \cate{K}^+(\Bbbk) ((\cdot)^G); \cate{K}^+(H) → \cate{D}^+(H); \cate{K}^+(H) → \cate{K}^+(\Bbbk) ((\cdot)^H); \cate{K}^+(H) ⇒ \cate{K}^+(H); \cate{K}^+(H) ⇒ \cate{D}^+(G) (\sim); \cate{K}^+(\B…,qa/DIAGRAM_SOURCE_INVENTORY.jsonl:511; source/en/chapter6-unit-076.tex:diagram 1; tikzcd; mapped_indonesian_structure_witness
chapter6-unit-076-d002,chapter6-unit-076.tex,2,Category diagram: \cate{K}^+(G) → \cate{K}^+(\Bbbk) ((\cdot)^G); \cate{K}^+(G) → \cate{D}^+(G); \cate{K}^+(\Bbbk) → \cate{D}^+(\Bbbk); \cate{K}^+(\Bbbk) ⇒ \cate{D}^+(G); \cate{D}^+(G) → \cate{D}^+(\Bbbk) (\mathrm{R}((\cdot)^G)); \cate{D}^+(G) → \cate{D}^+(\Bbbk); \cate{D}^+(\Bbbk) ⇒ \cate{D}^+(\Bbb…,qa/DIAGRAM_SOURCE_INVENTORY.jsonl:512; source/en/chapter6-unit-076.tex:diagram 2; tikzcd; mapped_indonesian_structure_witness
chapter6-unit-076-d003,chapter6-unit-076.tex,3,Category diagram: \cate{K}^+(G) → \cate{K}^+(\Bbbk) ((\cdot)^G); \cate{K}^+(G) → \cate{D}^+(G); \cate{K}^+(\Bbbk) → \cate{D}^+(\Bbbk); \cate{K}^+(\Bbbk) ⇒ \cate{D}^+(G); \cate{D}^+(G) → \cate{D}^+(\Bbbk) (\mathrm{R}((\cdot)^H) \circ \varphi^*).,qa/DIAGRAM_SOURCE_INVENTORY.jsonl:513; source/en/chapter6-unit-076.tex:diagram 3; tikzcd; mapped_indonesian_structure_witness
chapter6-unit-076-d004,chapter6-unit-076.tex,4,Category diagram: \cate{K}^+(G) → \cate{K}^+(\Bbbk) ((\cdot)^G); \cate{K}^+(G) → \cate{D}^+(G); \cate{K}^+(\Bbbk) → \cate{D}^+(\Bbbk); \cate{K}^+(\Bbbk) ⇒ \cate{D}^+(G); \cate{D}^+(G) → \cate{D}^+(\Bbbk) (\mathrm{R}((\cdot)^G)); \cate{D}^+(G) → \cate{D}^+(\Bbbk); \cate{D}^+(\Bbbk) ⇒ \cate{D}^+(\Bbb…,qa/DIAGRAM_SOURCE_INVENTORY.jsonl:514; source/en/chapter6-unit-076.tex:diagram 4; tikzcd; mapped_indonesian_structure_witness
chapter6-unit-076-d005,chapter6-unit-076.tex,5,Category diagram: \cate{K}^+(G) → \cate{K}^+(\Bbbk) ((\cdot)^H \circ \varphi^*); \cate{K}^+(G) → \cate{D}^+(G); \cate{K}^+(G) → \cate{K}^+(\Bbbk); \cate{K}^+(\Bbbk) → \cate{D}^+(\Bbbk); \cate{K}^+(\Bbbk) ⇒ \cate{D}^+(G); \cate{D}^+(G) → \cate{D}^+(\Bbbk) (\mathrm{R}((\cdot)^H \circ \varphi^* ) ); \…,qa/DIAGRAM_SOURCE_INVENTORY.jsonl:515; source/en/chapter6-unit-076.tex:diagram 5; tikzcd; mapped_indonesian_structure_witness
chapter6-unit-076-d006,chapter6-unit-076.tex,6,Category diagram: \cate{K}^+(G) → \cate{K}^+(\Bbbk) ((\cdot)^H \circ \varphi^*); \cate{K}^+(G) → \cate{D}^+(G); \cate{K}^+(\Bbbk) → \cate{D}^+(\Bbbk); \cate{K}^+(\Bbbk) ⇒ \cate{D}^+(G); \cate{D}^+(G) → \cate{D}^+(\Bbbk) (\mathrm{R}((\cdot)^H \circ \varphi^* ) ); \cate{D}^+(G) → \cate{D}^+(\Bbbk) (\…,qa/DIAGRAM_SOURCE_INVENTORY.jsonl:516; source/en/chapter6-unit-076.tex:diagram 6; tikzcd; mapped_indonesian_structure_witness
chapter6-unit-076-d007,chapter6-unit-076.tex,7,Category diagram: \cate{K}^+(G) → \cate{D}^+(G); \cate{K}^+(G) → \cate{K}^+(H) (\varphi^*); \cate{K}^+(H) → \cate{D}^+(H); \cate{K}^+(H) → \cate{K}^+(\Bbbk) ((\cdot)^H); \cate{K}^+(H) ⇒ \cate{D}^+(G) (\sim); \cate{K}^+(\Bbbk) → \cate{D}^+(\Bbbk).; \cate{K}^+(\Bbbk) ⇒ \cate{D}^+(H); \cate{D}^+(G) →…,qa/DIAGRAM_SOURCE_INVENTORY.jsonl:517; source/en/chapter6-unit-076.tex:diagram 7; tikzcd; mapped_indonesian_structure_witness
chapter6-unit-076-d008,chapter6-unit-076.tex,8,"Commutative diagram: \Hm^n(F, L) → \Hm^n(G, \psi^* L); \Hm^n(G, \psi^* L) → \Hm^n(G, M); \Hm^n(G, \psi^* L) → \Hm^n(H, \varphi^* \psi^* L); \Hm^n(G, M) → \Hm^n(H, \varphi^* M); \Hm^n(H, \varphi^* \psi^* L) → \Hm^n(H, \varphi^* M); \Hm^n(H, \varphi^* M) → \Hm^n(H, N).",qa/DIAGRAM_SOURCE_INVENTORY.jsonl:518; source/en/chapter6-unit-076.tex:diagram 8; tikzcd; mapped_indonesian_structure_witness
chapter6-unit-076-d009,chapter6-unit-076.tex,9,"Commutative diagram with objects C^m(G, M), C^m(H, N), c, [ (h_1,..., h_m) maps to f(c(phi(h_1),..., phi(h_m))) ]. Arrows: C^m(G, M) maps to C^m(H, N); c maps to [ (h_1,..., h_m) maps to f(c(phi(h_1),..., phi(h_m))) ].",qa/DIAGRAM_SOURCE_INVENTORY.jsonl:519; source/en/chapter6-unit-076.tex:diagram 9; tikzcd; mapped_indonesian_structure_witness
chapter6-unit-076-d010,chapter6-unit-076.tex,10,"Category diagram: C_m(H, N) → C_m(G, M); (h_1 | \cdots | h_m)^\dagger \otimes y → (\varphi(h_1) | \cdots | \varphi(h_m))^\dagger \otimes f(y)..",qa/DIAGRAM_SOURCE_INVENTORY.jsonl:520; source/en/chapter6-unit-076.tex:diagram 10; tikzcd; mapped_indonesian_structure_witness
chapter6-unit-076-d011,chapter6-unit-076.tex,11,"Category diagram: \cate{K}^+(G) → \cate{K}^+(\Bbbk) (\Hom^\bullet_G(\Bbbk, \cdot)); \cate{K}^+(G) → \cate{D}^+(G); \cate{K}^+(\Bbbk) → \cate{D}^+(\Bbbk); \cate{K}^+(\Bbbk) ⇒ \cate{D}^+(G); \cate{D}^+(G) → \cate{D}^+(\Bbbk) (\Hom^\bullet_G(\mathsf{L}^G, \cdot)); \cate{D}^+(G) → \cate{D}^+(\Bbbk); \c…",qa/DIAGRAM_SOURCE_INVENTORY.jsonl:521; source/en/chapter6-unit-076.tex:diagram 11; tikzcd; mapped_indonesian_structure_witness
chapter6-unit-076-d012,chapter6-unit-076.tex,12,"Category diagram: \cate{K}^+(G) → \cate{D}^+(G); \cate{K}^+(G) → \cate{K}^+(H) (\varphi^*); \cate{K}^+(G) → \cate{K}^+(\Bbbk) (\Hom^\bullet_G(\Bbbk, \cdot)); \cate{K}^+(H) → \cate{D}^+(H); \cate{K}^+(H) → \cate{K}^+(\Bbbk) (\Hom^\bullet_H(\Bbbk, \cdot)); \cate{K}^+(H) ⇒ \cate{K}^+(H); \cate{K}^+(H)…",qa/DIAGRAM_SOURCE_INVENTORY.jsonl:522; source/en/chapter6-unit-076.tex:diagram 12; tikzcd; mapped_indonesian_structure_witness
chapter6-unit-076-d013,chapter6-unit-076.tex,13,"Commutative diagram: \Hom^\bullet_G(\Bbbk, \cdot) → \Hom^\bullet_G(\mathsf{L}^G, \cdot); \Hom^\bullet_G(\Bbbk, \cdot) → \Hom^\bullet_H(\Bbbk, \varphi^*(\cdot)) (\varphi^*); \Hom^\bullet_G(\mathsf{L}^G, \cdot) → \Hom^\bullet_H(\varphi^* \mathsf{L}^G, \varphi^*(\cdot)) (\varphi^*); \Hom^\bullet_G(\math…",qa/DIAGRAM_SOURCE_INVENTORY.jsonl:523; source/en/chapter6-unit-076.tex:diagram 13; tikzcd; mapped_indonesian_structure_witness
chapter6-unit-077-d001,chapter6-unit-077.tex,1,Commutative diagram: 0 → A; A → E; A → B (\varphi|_A); E → F (\varphi); E → G; G → G; G → 1; 0 → B; and 2 other arrows.,qa/DIAGRAM_SOURCE_INVENTORY.jsonl:524; source/en/chapter6-unit-077.tex:diagram 1; tikzcd; mapped_indonesian_structure_witness
chapter6-unit-077-d002,chapter6-unit-077.tex,2,"Category diagram: \Hom_{\cate{Ab}}(A,B) → \Obj(\cate{CExt}(G,B))\big/\simeq (1:1); \theta → \text{kelas isomorphism from }\theta_*E..",qa/DIAGRAM_SOURCE_INVENTORY.jsonl:525; source/en/chapter6-unit-077.tex:diagram 2; tikzcd; mapped_indonesian_structure_witness
chapter6-unit-078-d001,chapter6-unit-078.tex,1,"Commutative diagram with objects X-1_G, I, A. Arrows: X-1_G includes into I, labeled inclusion; X-1_G maps to A, labeled phi; I maps to A, labeled tilde phi.",qa/DIAGRAM_SOURCE_INVENTORY.jsonl:526; source/en/chapter6-unit-078.tex:diagram 1; tikzcd; mapped_indonesian_structure_witness
chapter6-unit-079-d001,chapter6-unit-079.tex,1,"Category diagram: \Ind^G_H(N) \& \left\{\begin{array}{r|l} f: G \to N ⇒ \forall h \in H, \forall x \in G (\sim); \varphi \& {\varphi|_{G \subset \Bbbk[G]}} → node on the right; {\left[\sum_g a_g g \mapsto \sum_g a_g f(g)\right]} \& f → node on the left.",qa/DIAGRAM_SOURCE_INVENTORY.jsonl:527; source/en/chapter6-unit-079.tex:diagram 1; tikzcd; mapped_indonesian_structure_witness
chapter6-unit-079-d002,chapter6-unit-079.tex,2,"Canonical isomorphism from compact induction c-Ind_H^G(N) to the H-equivariant functions f:G to N having finite support modulo H. It sends g_i tensor y to the function supported on H g_i^(-1) with value h y at h g_i^(-1), and sends f back to the sum of g_i tensor f(g_i^(-1)).",qa/DIAGRAM_SOURCE_INVENTORY.jsonl:528; source/en/chapter6-unit-079.tex:diagram 2; tikzcd; mapped_indonesian_structure_witness
chapter6-unit-079-d003,chapter6-unit-079.tex,3,"Commutative diagram with objects Hom_H(Res^G_H M, N), Hom_G(M, Ind^G_H N), theta, [ x maps to [g maps to theta(gx)] ], Hom_H(N, Res^G_H M), Hom_G(compact Ind^G_H N, M), psi, [ f maps to sum_coset gH g psi(f(g^-1)) ]. Arrows: Hom_H(Res^G_H M, N) maps to Hom_G(M, Ind^G_H N), labeled isomorphism; theta maps to [ x maps to [g maps to theta(gx)] ]; Hom_H(N, Res^G_H M) maps to Hom_G(compact Ind^G_H N, M), labeled isomorphism; psi maps to [ f maps to sum_coset gH g psi(f(g^-1)) ].",qa/DIAGRAM_SOURCE_INVENTORY.jsonl:529; source/en/chapter6-unit-079.tex:diagram 3; tikzcd; mapped_indonesian_structure_witness
chapter6-unit-079-d004,chapter6-unit-079.tex,4,"Commutative diagram with objects nu^G|H: M^H, M^G, x, sum_barg in G/H gx, nu_G|H: M_G, M_H, (x its image), sum_barg in H backslash G (gx its image). Arrows: nu^G|H: M^H maps to M^G; x maps to sum_barg in G/H gx; nu_G|H: M_G maps to M_H; (x its image) maps to sum_barg in H backslash G (gx its image).",qa/DIAGRAM_SOURCE_INVENTORY.jsonl:530; source/en/chapter6-unit-079.tex:diagram 4; tikzcd; mapped_indonesian_structure_witness
chapter6-unit-079-d005,chapter6-unit-079.tex,5,"Commutative diagram with objects Hom_H(k, M), Hom_G(compact Ind^G_H k, M), Hom_G(Ind^G_H k, M), Hom_G(k, M), [1 maps to x], [f maps to sum_gH f(g^-1) gx], [1 maps to sum_gH gx]. Arrows: Hom_H(k, M) maps to Hom_G(compact Ind^G_H k, M), labeled isomorphism; Hom_G(compact Ind^G_H k, M) maps to Hom_G(Ind^G_H k, M); Hom_G(Ind^G_H k, M) maps to Hom_G(k, M); [1 maps to x] maps to [f maps to sum_gH f(g^-1) gx]; [f maps to sum_gH f(g^-1) gx] maps to [1 maps to sum_gH gx].",qa/DIAGRAM_SOURCE_INVENTORY.jsonl:531; source/en/chapter6-unit-079.tex:diagram 5; tikzcd; mapped_indonesian_structure_witness
chapter6-unit-079-d006,chapter6-unit-079.tex,6,"Exact diagram: \Hm^{n-1}(G, L) → \Hm^{n-1}(H, L) (\mathrm{res}^{n-1}); \Hm^{n-1}(G, L) ↠ \Hm^n(G, M); \Hm^{n-1}(H, L) → \Hm^{n-1}(G, L) (\mathrm{cor}^{n-1}); \Hm^{n-1}(H, L) ↠ \Hm^n(H, M); \Hm^n(G, M) → \Hm^n(H, M) (\mathrm{res}^n); \Hm^n(H, M) → \Hm^n(G, M) (\mathrm{cor}^n).",qa/DIAGRAM_SOURCE_INVENTORY.jsonl:532; source/en/chapter6-unit-079.tex:diagram 6; tikzcd; mapped_indonesian_structure_witness
chapter6-unit-079-d007,chapter6-unit-079.tex,7,"Commutative diagram: G_{\mathrm{ab}} → \Hm_1(G, \Z) (\sim); G_{\mathrm{ab}} → H_{\mathrm{ab}} (\mathrm{Ver}_{G|H}); \Hm_1(G, \Z) → \Hm_1(H, \Z) (\mathrm{cor}_1); \Hm_1(G, \Z) → \Hm_0(G, \mathfrak{I}_G) (\sim); \Hm_0(G, \mathfrak{I}_G) → \Hm_0(H, \mathfrak{I}_G) (\mathrm{cor}_0); \Hm_0(G, \mathfrak{I}…",qa/DIAGRAM_SOURCE_INVENTORY.jsonl:533; source/en/chapter6-unit-079.tex:diagram 7; tikzcd; mapped_indonesian_structure_witness
chapter6-unit-080-d001,chapter6-unit-080.tex,1,Commutative diagram: G\dcate{Mod} → G/H\dcate{Mod} ((\cdot)^{H\lhd G}); G\dcate{Mod} → \Bbbk\dcate{Mod} ((\cdot)^G); G/H\dcate{Mod} → \Bbbk\dcate{Mod} ((\cdot)^{G/H}).,qa/DIAGRAM_SOURCE_INVENTORY.jsonl:534; source/en/chapter6-unit-080.tex:diagram 1; tikzcd; mapped_indonesian_structure_witness
chapter6-unit-080-d002,chapter6-unit-080.tex,2,Commutative diagram: G\dcate{Mod} → G/H\dcate{Mod}. ((\cdot)_{H\lhd G}); G\dcate{Mod} → \Bbbk\dcate{Mod} ((\cdot)_G); G/H\dcate{Mod}. → \Bbbk\dcate{Mod} ((\cdot)_{G/H}).,qa/DIAGRAM_SOURCE_INVENTORY.jsonl:535; source/en/chapter6-unit-080.tex:diagram 2; tikzcd; mapped_indonesian_structure_witness
chapter6-unit-080-d003,chapter6-unit-080.tex,3,Commutative square of H-invariants. A G-module maps to a G/H-module by H-invariants and to an H-module by restriction; forgetting the G/H-action on the upper-right object agrees with taking H-invariants after restriction along the lower path.,qa/DIAGRAM_SOURCE_INVENTORY.jsonl:536; source/en/chapter6-unit-080.tex:diagram 3; tikzcd; mapped_indonesian_structure_witness
chapter6-unit-080-d004,chapter6-unit-080.tex,4,"Commutative diagram with objects GMod, G/HMod, HMod, kMod. Arrows: GMod maps to G/HMod, labeled (dot)_Hlhd G; GMod maps to HMod, labeled Res^G_H; G/HMod maps to kMod, labeled forgetful functor; HMod maps to kMod, labeled (dot)_H.",qa/DIAGRAM_SOURCE_INVENTORY.jsonl:537; source/en/chapter6-unit-080.tex:diagram 4; tikzcd; mapped_indonesian_structure_witness
chapter6-unit-081-d001,chapter6-unit-081.tex,1,"Exact diagram: 0 → E_{n+2}^{0,n}; E_{n+2}^{0,n} → E_{n+1}^{0,n}; E_{n+1}^{0,n} → E_{n+1}^{n+1,0} (d^{0,n}_{n+1}); E_{n+1}^{n+1,0} → E_{n+2}^{n+1,0}; E_{n+2}^{n+1,0} → 0.; \Hm^n(H,M)^{G/H} → E_2^{0,n} (\sim); \Hm^{n+1}(G/H,M^H) → E_2^{n+1,0} (\sim).",qa/DIAGRAM_SOURCE_INVENTORY.jsonl:538; source/en/chapter6-unit-081.tex:diagram 1; tikzcd; mapped_indonesian_structure_witness
chapter6-unit-081-d002,chapter6-unit-081.tex,2,Commutative diagram: J^{G/H} ↪ J; I^G → (I^H)^{G/H}; (I^H)^{G/H} ↪ I^H.; (I^H)^{G/H} → J^{G/H}; I^H. → J.,qa/DIAGRAM_SOURCE_INVENTORY.jsonl:539; source/en/chapter6-unit-081.tex:diagram 2; tikzcd; mapped_indonesian_structure_witness
chapter6-unit-081-d003,chapter6-unit-081.tex,3,"Composition path through the LHS-spectral-sequence comparison diagram: right, then up, then right.",qa/DIAGRAM_SOURCE_INVENTORY.jsonl:540; source/en/chapter6-unit-081.tex:diagram 3; tikzpicture; mapped_indonesian_structure_witness
chapter6-unit-081-d004,chapter6-unit-081.tex,4,"Alternative composition path through the LHS-spectral-sequence comparison diagram: right across the bottom, then up.",qa/DIAGRAM_SOURCE_INVENTORY.jsonl:541; source/en/chapter6-unit-081.tex:diagram 4; tikzpicture; mapped_indonesian_structure_witness
chapter6-unit-082-d001,chapter6-unit-082.tex,1,"Category diagram: \Hom_{\cate{D}(G)}(\Bbbk, X_1) \otimes \Hom_{\cate{D}(G)}(\Bbbk, X_2) → \Hom_{\cate{D}(G)}\left( \Bbbk \otimes X_2, X_1 \otimesL X_2\right) \ot…; \Hom_{\cate{D}(G)}\left( \Bbbk \otimes X_2, X_1 \otimesL X_2\right) \ot… → \Hom_{\cate{D}(G)}\left(\Bbbk, X_1 \otimesL X_2 \right).",qa/DIAGRAM_SOURCE_INVENTORY.jsonl:542; source/en/chapter6-unit-082.tex:diagram 1; tikzcd; mapped_indonesian_structure_witness
chapter6-unit-082-d002,chapter6-unit-082.tex,2,Commutative diagram: \Bbbk → \Bbbk \otimesL \Bbbk (\delta); \Bbbk \otimesL \Bbbk → \Bbbk \otimesL \Bbbk; \Bbbk \otimesL \Bbbk → X_1 \otimesL X_2 (\alpha \otimesL \beta); X_1 \otimesL X_2 → X_2 \otimesL X_1; \Bbbk \otimesL \Bbbk → X_2 \otimesL X_1 (\beta \otimesL \alpha).,qa/DIAGRAM_SOURCE_INVENTORY.jsonl:543; source/en/chapter6-unit-082.tex:diagram 2; tikzcd; mapped_indonesian_structure_witness
chapter6-unit-082-d003,chapter6-unit-082.tex,3,"Commutative diagram with objects M_1[p] otimesL M_2[q], M_1[p] tensor M_2[q], (M_1 tensor M_2)[p+q], M_2[q] otimesL M_1[p], M_2[q] tensor M_1[p], (M_2 tensor M_1) [p+q]. Arrows: M_1[p] otimesL M_2[q] maps to M_2[q] otimesL M_1[p]; M_1[p] otimesL M_2[q] maps to M_1[p] tensor M_2[q], labeled can; M_1[p] tensor M_2[q] maps to M_2[q] tensor M_1[p]; M_1[p] tensor M_2[q] maps to (M_1 tensor M_2)[p+q], labeled move [q] first; (M_1 tensor M_2)[p+q] maps to (M_2 tensor M_1) [p+q], labeled (-1)^pq c[p+q]; M_2[q] otimesL M_1[p] maps to M_2[q] tensor M_1[p], labeled can; M_2[q] tensor M_1[p] maps to (M_2 tensor M_1) [p+q], labeled move [p] first.",qa/DIAGRAM_SOURCE_INVENTORY.jsonl:544; source/en/chapter6-unit-082.tex:diagram 3; tikzcd; mapped_indonesian_structure_witness
chapter6-unit-082-d004,chapter6-unit-082.tex,4,"Commutative diagram with objects M_1[p] tensor M_2[q], (M_1 tensor M_2) [p+q], M_2[q] tensor M_1[p], (M_2 tensor M_1) [p+q]. Arrows: M_1[p] tensor M_2[q] maps to M_2[q] tensor M_1[p]; M_1[p] tensor M_2[q] maps to (M_1 tensor M_2) [p+q], labeled move [q] first; (M_1 tensor M_2) [p+q] maps to (M_2 tensor M_1) [p+q], labeled c[p+q]; M_2[q] tensor M_1[p] maps to (M_2 tensor M_1) [p+q], labeled move [q] first.",qa/DIAGRAM_SOURCE_INVENTORY.jsonl:545; source/en/chapter6-unit-082.tex:diagram 4; tikzcd; mapped_indonesian_structure_witness
chapter6-unit-082-d005,chapter6-unit-082.tex,5,"Category diagram: \cup: C^{p_1}(G, M_1) \otimes C^{p_2}(G, M_2) → C^{p_1 + p_2}(G, M_1 \otimes M_2); f_1 \otimes f_2 → f_1(g_1, \ldots, g_{p_1}) \otimes (g_1 \cdots g_{p_1} f_2(g_{p_1 + 1},….",qa/DIAGRAM_SOURCE_INVENTORY.jsonl:546; source/en/chapter6-unit-082.tex:diagram 5; tikzcd; mapped_indonesian_structure_witness
chapter6-unit-082-d006,chapter6-unit-082.tex,6,"Category diagram: \Delta_n: \mathsf{L}_n → \bigoplus_{p=0}^n \mathsf{L}_p \otimes \mathsf{L}_{n-p}; (g_0, \ldots, g_n) → \left( (-1)^{p(n-p)} (g_0, \ldots, g_p) \otimes (g_p, \ldots, g_n) \rig….",qa/DIAGRAM_SOURCE_INVENTORY.jsonl:547; source/en/chapter6-unit-082.tex:diagram 6; tikzcd; mapped_indonesian_structure_witness
chapter6-unit-082-d007,chapter6-unit-082.tex,7,Commutative diagram: \mathsf{L} → \mathsf{L} \otimes \mathsf{L} (\Delta); \mathsf{L} → \Bbbk (\epsilon); \mathsf{L} \otimes \mathsf{L} → \Bbbk \otimes \Bbbk . (\epsilon \otimes \epsilon); \Bbbk → \Bbbk \otimes \Bbbk . (\sim).,qa/DIAGRAM_SOURCE_INVENTORY.jsonl:548; source/en/chapter6-unit-082.tex:diagram 7; tikzcd; mapped_indonesian_structure_witness
chapter6-unit-082-d008,chapter6-unit-082.tex,8,Category diagram: \mathsf{L} → \mathsf{L} \otimes \mathsf{L} (\Delta); \mathsf{L} \otimes \mathsf{L} → X_1 \otimes X_2. (\alpha \otimes \beta); \mathsf{L} \otimesL \mathsf{L} → \mathsf{L} \otimes \mathsf{L}.,qa/DIAGRAM_SOURCE_INVENTORY.jsonl:549; source/en/chapter6-unit-082.tex:diagram 8; tikzcd; mapped_indonesian_structure_witness
chapter6-unit-082-d009,chapter6-unit-082.tex,9,"Commutative diagram: C(G, M_1) \otimes C(G, M_2) → C(G, M_1 \otimes M_2) (\cup); C(G, M_1) \otimes C(G, M_2) → C(H, N_1) \otimes C(H, N_2); C(G, M_1 \otimes M_2) → C(H, N_1 \otimes N_2); C(H, N_1) \otimes C(H, N_2) → C(H, N_1 \otimes N_2) (\cup).",qa/DIAGRAM_SOURCE_INVENTORY.jsonl:550; source/en/chapter6-unit-082.tex:diagram 9; tikzcd; mapped_indonesian_structure_witness
chapter6-unit-082-d010,chapter6-unit-082.tex,10,Category diagram: a → a''; a → da (d); a' → da.,qa/DIAGRAM_SOURCE_INVENTORY.jsonl:551; source/en/chapter6-unit-082.tex:diagram 10; tikzcd; mapped_indonesian_structure_witness
chapter6-unit-082-d011,chapter6-unit-082.tex,11,Category diagram: a \cup b → a'' \cup b; a \cup b → da \cup b (d); a' \cup b → da \cup b.,qa/DIAGRAM_SOURCE_INVENTORY.jsonl:552; source/en/chapter6-unit-082.tex:diagram 11; tikzcd; mapped_indonesian_structure_witness
chapter6-unit-082-d012,chapter6-unit-082.tex,12,"Commutative diagram with objects M_1^G tensor M_2^H, M_1^G tensor M_2^G, M_1^H tensor M_2^H, (M_1 tensor M_2)^H, (M_1 tensor M_2)^G. Arrows: M_1^G tensor M_2^H maps to M_1^G tensor M_2^G, labeled id tensor nu^G|H; M_1^G tensor M_2^H maps to M_1^H tensor M_2^H; M_1^G tensor M_2^G maps to (M_1 tensor M_2)^G, labeled direct; M_1^H tensor M_2^H maps to (M_1 tensor M_2)^H, labeled direct; (M_1 tensor M_2)^H maps to (M_1 tensor M_2)^G, labeled nu^G|H.",qa/DIAGRAM_SOURCE_INVENTORY.jsonl:553; source/en/chapter6-unit-082.tex:diagram 12; tikzcd; mapped_indonesian_structure_witness
chapter6-unit-082-d013,chapter6-unit-082.tex,13,"Commutative diagram with objects H^n(C_m, A), H^n+1(C_m, I tensor A), H^n+2(C_m, A). Arrows: H^n(C_m, A) maps to H^n+1(C_m, I tensor A), labeled connecting homomorphism; H^n+1(C_m, I tensor A) maps to H^n+2(C_m, A), labeled connecting homomorphism; H^n(C_m, A) maps to H^n(C_m, A), labeled tilde t cup (dot); H^n(C_m, A) maps to H^n+1(C_m, I tensor A); H^n(C_m, A) maps to H^n+2(C_m, A), labeled t cup (dot).",qa/DIAGRAM_SOURCE_INVENTORY.jsonl:554; source/en/chapter6-unit-082.tex:diagram 13; tikzcd; mapped_indonesian_structure_witness
chapter6-unit-083-d001,chapter6-unit-083.tex,1,Commutative diagram: 0 → M'; M' → L'; M' → M; M → L; M → M''; M'' → L''; M'' → 0; 0 → L'; and 3 other arrows.,qa/DIAGRAM_SOURCE_INVENTORY.jsonl:555; source/en/chapter6-unit-083.tex:diagram 1; tikzcd; mapped_indonesian_structure_witness
chapter6-unit-083-d002,chapter6-unit-083.tex,2,"Exact diagram: \cdots → \Hm_1(G, M''); \Hm_1(G, M'') → \Hm_0(G, M'); \Hm_1(G, M'') → 0; \Hm_0(G, M') → \Hm_0(G, M); \Hm_0(G, M') → \Hm^0(G, M') (N_1); \Hm_0(G, M) → \Hm_0(G, M''); \Hm_0(G, M) → \Hm^0(G, M) (N_2); \Hm_0(G, M'') → 0; and 7 other arrows.",qa/DIAGRAM_SOURCE_INVENTORY.jsonl:556; source/en/chapter6-unit-083.tex:diagram 2; tikzcd; mapped_indonesian_structure_witness
chapter6-unit-083-d003,chapter6-unit-083.tex,3,"Exact diagram: \Ker(N_1) → \Ker(N_2); \Ker(N_2) → \Ker(N_3); \Ker(N_3) → \Coker(N_1) (\delta^{-1}); \Coker(N_1) → \Coker(N_2); \Coker(N_2) → \Coker(N_3); \TaHm^{-1}(G, M') → \Ker(N_1); \TaHm^{-1}(G, M) → \Ker(N_2); \TaHm^{-1}(G, M'') → \Ker(N_3); and 3 other arrows.",qa/DIAGRAM_SOURCE_INVENTORY.jsonl:557; source/en/chapter6-unit-083.tex:diagram 3; tikzcd; mapped_indonesian_structure_witness
chapter6-unit-083-d004,chapter6-unit-083.tex,4,Commutative diagram: \Ind^G_H(N)_G → \Ind^G_H(N)^G (\nu^G); \Ind^G_H(N)^G → N^H (\sim); N_H → \Ind^G_H(N)_G (\sim); N_H → N^H (\nu^H).,qa/DIAGRAM_SOURCE_INVENTORY.jsonl:558; source/en/chapter6-unit-083.tex:diagram 4; tikzcd; mapped_indonesian_structure_witness
chapter6-unit-083-d005,chapter6-unit-083.tex,5,"Category diagram: \cdots → 0; 0 → 0; 0 → I^{0, G}; I^{0, G} → I^{1, G}; I^{1, G} → I^{2, G}; I^{2, G} → \cdots; \cdots → P_{2, G}; P_{2, G} → P_{1, G}; and 8 other arrows.",qa/DIAGRAM_SOURCE_INVENTORY.jsonl:559; source/en/chapter6-unit-083.tex:diagram 5; tikzcd; mapped_indonesian_structure_witness
chapter6-unit-083-d006,chapter6-unit-083.tex,6,"Exact diagram: \TaHm^{\text{genap}}(C_m, A') → \TaHm^{\text{genap}}(C_m, A) (f_1); \TaHm^{\text{genap}}(C_m, A) → \TaHm^{\text{genap}}(C_m, A'') . (f_2); \Hm^{\text{ganjil}}(C_m, A'') → \TaHm^{\text{genap}}(C_m, A') (f_6); \TaHm^{\text{genap}}(C_m, A'') . → \TaHm^{\text{ganjil}}(C_m, A') (f_3); \Ta…",qa/DIAGRAM_SOURCE_INVENTORY.jsonl:560; source/en/chapter6-unit-083.tex:diagram 6; tikzcd; mapped_indonesian_structure_witness
chapter6-unit-083-d007,chapter6-unit-083.tex,7,"Hexagon of cardinalities for the six terms in the exact Herbrand sequence, in cyclic order: n_1n_2, n_6n_1, n_5n_6, n_4n_5, n_3n_4, and n_2n_3.",qa/DIAGRAM_SOURCE_INVENTORY.jsonl:561; source/en/chapter6-unit-083.tex:diagram 7; tikzpicture; mapped_indonesian_structure_witness
chapter6-unit-084-d001,chapter6-unit-084.tex,1,"Category diagram: \mathrm{Infl}^G_{G/K}:G/K\dcate{Mod} → G\dcate{Mod}^\infty:(\cdot)^K; G\dcate{Mod}^\infty:(\cdot)^K → \mathrm{Infl}^G_{G/K}:G/K\dcate{Mod}; \Hom_G(\mathrm{Infl}^G_{G/K}(M'),M) → \Hom_{G/K}(M',M^K)..",qa/DIAGRAM_SOURCE_INVENTORY.jsonl:562; source/en/chapter6-unit-084.tex:diagram 1; tikzcd; mapped_indonesian_structure_witness
chapter6-unit-085-d001,chapter6-unit-085.tex,1,"Commutative diagram with objects Ind^G_H(N), continuous maps Hbackslash Gto N, f, [xmaps to f(s(x))], [hs(x)maps to hf'(x)], f'. Arrows: Ind^G_H(N) maps to continuous maps Hbackslash Gto N, labeled isomorphism; f maps to [xmaps to f(s(x))]; f' maps to [hs(x)maps to hf'(x)].",qa/DIAGRAM_SOURCE_INVENTORY.jsonl:563; source/en/chapter6-unit-085.tex:diagram 1; tikzcd; mapped_indonesian_structure_witness
chapter6-unit-086-d001,chapter6-unit-086.tex,1,"Exact diagram: 1 → \Hm^0(G, A); \Hm^0(G, A) → \Hm^0(G, B) (\Hm^0(u)); \Hm^0(G, B) → \Hm^0(G, C) \tikztostart.east) |- (A) [near end]\tikztonodes -| ([xshif… (\Hm^0(v)); \Hm^0(G, C) \tikztostart.east) |- (A) [near end]\tikztonodes -| ([xshif… → \Hm^1(G, A) (\delta^0); \Hm^1(G, A) → \Hm^1(G, B). (\Hm…",qa/DIAGRAM_SOURCE_INVENTORY.jsonl:564; source/en/chapter6-unit-086.tex:diagram 1; tikzcd; mapped_indonesian_structure_witness
chapter6-unit-086-d002,chapter6-unit-086.tex,2,"Category diagram: 1 → \Hm^0(G, A); \Hm^0(G, A) → \Hm^0(G, B) (\Hm^0(u)); \Hm^0(G, B) → \Hm^0(G, C) \tikztostart.east) |- (A) [near end]\tikztonodes -| ([xshif… (\Hm^0(v)); \Hm^0(G, C) \tikztostart.east) |- (A) [near end]\tikztonodes -| ([xshif… → \Hm^1(G, A) (\delta^0); \Hm^1(G, A) → \Hm^1(G, B) (\…",qa/DIAGRAM_SOURCE_INVENTORY.jsonl:565; source/en/chapter6-unit-086.tex:diagram 2; tikzcd; mapped_indonesian_structure_witness
chapter6-unit-086-d003,chapter6-unit-086.tex,3,"Exact diagram: 1 → \Hm^0(G, A); \Hm^0(G, A) → \Hm^0(G, B) (\Hm^0(u)); \Hm^0(G, B) → \Hm^0(G, C) \tikztostart.east) |- (A) [near end]\tikztonodes -| ([xshif… (\Hm^0(v)); \Hm^0(G, C) \tikztostart.east) |- (A) [near end]\tikztonodes -| ([xshif… → \Hm^1(G, A) (\delta^0); \Hm^1(G, A) → \Hm^1(G, B) (\Hm^…",qa/DIAGRAM_SOURCE_INVENTORY.jsonl:566; source/en/chapter6-unit-086.tex:diagram 3; tikzcd; mapped_indonesian_structure_witness
chapter6-unit-087-d001,chapter6-unit-087.tex,1,Category diagram: 0 → M; M → I^0; M → M (m_t); I^0 → I^1; I^0 → I^0 (m_t); I^1 → \cdots; I^1 → I^1 (m_t); I^1 → \cdots..,qa/DIAGRAM_SOURCE_INVENTORY.jsonl:567; source/en/chapter6-unit-087.tex:diagram 1; tikzcd; mapped_indonesian_structure_witness
chapter6-unit-087-d002,chapter6-unit-087.tex,2,"Commutative diagram: \Hm^1(G,{}^cA) → \Hm^1(G,{}^cB); \Hm^1(G,{}^cA) → \Hm^1(G,A) ({\bm\nu}_c); \Hm^1(G,{}^cB) → \Hm^1(G,B). (\bm{\nu}_c); \Hm^1(G,A) → \Hm^1(G,B)..",qa/DIAGRAM_SOURCE_INVENTORY.jsonl:568; source/en/chapter6-unit-087.tex:diagram 2; tikzcd; mapped_indonesian_structure_witness
chapter7-unit-088-d001,chapter7-unit-088.tex,1,Category diagram: F: \mathcal{C} → \mathcal{D}: G .; \mathcal{D}: G . → F: \mathcal{C}.,qa/DIAGRAM_SOURCE_INVENTORY.jsonl:569; source/en/chapter7-unit-088.tex:diagram 1; tikzcd; mapped_indonesian_structure_witness
chapter7-unit-088-d002,chapter7-unit-088.tex,2,Commutative diagram: \munit \otimes A → A \otimes A (\eta \otimes \identity); \munit \otimes A → A (\sim); A \otimes A → A (\mu); A \otimes \munit → A \otimes A (\identity \otimes \eta); A \otimes \munit → A (\sim).,qa/DIAGRAM_SOURCE_INVENTORY.jsonl:570; source/en/chapter7-unit-088.tex:diagram 2; tikzcd; mapped_indonesian_structure_witness
chapter7-unit-088-d003,chapter7-unit-088.tex,3,"Category diagram: (A \otimes A) \otimes A → A \otimes (A \otimes A) (a(A, A, A)); (A \otimes A) \otimes A → A \otimes A (\mu \otimes \identity); A \otimes (A \otimes A) → A \otimes A . (\identity \otimes \mu); A \otimes A → A (\mu); A \otimes A . → A (\mu).",qa/DIAGRAM_SOURCE_INVENTORY.jsonl:571; source/en/chapter7-unit-088.tex:diagram 3; tikzcd; mapped_indonesian_structure_witness
chapter7-unit-088-d004,chapter7-unit-088.tex,4,Commutative diagram: \munit → A (\eta); \munit → A' (\eta'); A → A' (\phi).,qa/DIAGRAM_SOURCE_INVENTORY.jsonl:572; source/en/chapter7-unit-088.tex:diagram 4; tikzcd; mapped_indonesian_structure_witness
chapter7-unit-088-d005,chapter7-unit-088.tex,5,Commutative diagram: A \otimes A → A (\mu); A \otimes A → A' \otimes A' (\phi \otimes \phi); A' \otimes A' → A' . (\mu'); A → A' . (\phi).,qa/DIAGRAM_SOURCE_INVENTORY.jsonl:573; source/en/chapter7-unit-088.tex:diagram 5; tikzcd; mapped_indonesian_structure_witness
chapter7-unit-088-d006,chapter7-unit-088.tex,6,Commutative diagram: \munit \otimes M → A \otimes M (\eta \otimes \identity); \munit \otimes M → M (\sim); A \otimes M → M (\mu_M).,qa/DIAGRAM_SOURCE_INVENTORY.jsonl:574; source/en/chapter7-unit-088.tex:diagram 6; tikzcd; mapped_indonesian_structure_witness
chapter7-unit-088-d007,chapter7-unit-088.tex,7,"Commutative diagram: (A \otimes A) \otimes M → A \otimes (A \otimes M) (a(A, A, M)); (A \otimes A) \otimes M → A \otimes M (\mu_M \otimes \identity); A \otimes (A \otimes M) → A \otimes M . (\identity \otimes \mu_M); A \otimes M → M (\mu_M); A \otimes M . → M (\mu_M).",qa/DIAGRAM_SOURCE_INVENTORY.jsonl:575; source/en/chapter7-unit-088.tex:diagram 7; tikzcd; mapped_indonesian_structure_witness
chapter7-unit-088-d008,chapter7-unit-088.tex,8,Commutative diagram: A \otimes M → M (\mu_M); A \otimes M → A \otimes M' (\identity \otimes \psi); A \otimes M' → M' . (\mu_{M'}); M → M' . (\psi).,qa/DIAGRAM_SOURCE_INVENTORY.jsonl:576; source/en/chapter7-unit-088.tex:diagram 8; tikzcd; mapped_indonesian_structure_witness
chapter7-unit-088-d009,chapter7-unit-088.tex,9,"Commutative diagram: (A \otimes M) \otimes B → A \otimes (M \otimes B) (a(A, M, B)); (A \otimes M) \otimes B → M \otimes B (\mu_M^A \otimes \identity); A \otimes (M \otimes B) → A \otimes M (\identity \otimes \mu_M^B); M \otimes B → M (\mu_M^B); A \otimes M → M (\mu_M^A).",qa/DIAGRAM_SOURCE_INVENTORY.jsonl:577; source/en/chapter7-unit-088.tex:diagram 9; tikzcd; mapped_indonesian_structure_witness
chapter7-unit-088-d010,chapter7-unit-088.tex,10,"Category diagram: A \otimes A → A (\mu_A); A \otimes A → A \otimes A . (c(A, A)); A \otimes A . → A (\mu_A).",qa/DIAGRAM_SOURCE_INVENTORY.jsonl:578; source/en/chapter7-unit-088.tex:diagram 10; tikzcd; mapped_indonesian_structure_witness
chapter7-unit-088-d011,chapter7-unit-088.tex,11,"Four-strand braid for multiplication on A \otimes B: the middle B and A strands cross, after which the two A strands are multiplied by \mu_A and the two B strands by \mu_B.",qa/DIAGRAM_SOURCE_INVENTORY.jsonl:579; source/en/chapter7-unit-088.tex:diagram 11; tikzpicture; mapped_indonesian_structure_witness
chapter7-unit-088-d012,chapter7-unit-088.tex,12,Commutative diagram: \munit \otimes \munit → \munit (\iota); \munit \otimes \munit → A \otimes A (\eta_A \otimes \eta_A); A \otimes A → A (\mu_A); \munit → A (\eta_A).,qa/DIAGRAM_SOURCE_INVENTORY.jsonl:580; source/en/chapter7-unit-088.tex:diagram 12; tikzcd; mapped_indonesian_structure_witness
chapter7-unit-088-d013,chapter7-unit-088.tex,13,Commutative diagram: (A \otimes A) \otimes (A \otimes A) → A \otimes A (\mu_A \otimes \mu_A); (A \otimes A) \otimes (A \otimes A) → A \otimes A (\mu_{A \otimes A}); A \otimes A → A (\mu_A).,qa/DIAGRAM_SOURCE_INVENTORY.jsonl:581; source/en/chapter7-unit-088.tex:diagram 13; tikzcd; mapped_indonesian_structure_witness
chapter7-unit-088-d014,chapter7-unit-088.tex,14,"L-shaped route through the multiplication square, first right and then down; associativity identifies its composite with ordinary multiplication on A.",qa/DIAGRAM_SOURCE_INVENTORY.jsonl:582; source/en/chapter7-unit-088.tex:diagram 14; tikzpicture; mapped_indonesian_structure_witness
chapter7-unit-088-d015,chapter7-unit-088.tex,15,"L-shaped route through the multiplication square, first down and then right; its composite uses \mu_A c(A,A) in the middle.",qa/DIAGRAM_SOURCE_INVENTORY.jsonl:583; source/en/chapter7-unit-088.tex:diagram 15; tikzpicture; mapped_indonesian_structure_witness
chapter7-unit-088-d016,chapter7-unit-088.tex,16,Category diagram: A \otimes (A \otimes A) \otimes A → A \otimes A \otimes A (\identity \otimes f \otimes \identity); A \otimes A \otimes A → A . (\text{perkalian}); A \otimes A → A \otimes (A \otimes A) \otimes A (\eta_A \otimes \identity \otimes \eta_A); A \otimes A → A (f); A → A . (\identity); A…,qa/DIAGRAM_SOURCE_INVENTORY.jsonl:584; source/en/chapter7-unit-088.tex:diagram 16; tikzcd; mapped_indonesian_structure_witness
chapter7-unit-088-d017,chapter7-unit-088.tex,17,"Category diagram: \munit \otimes \munit → \munit (\sim); \munit \otimes \munit → \munit \otimes \munit (c(\munit, \munit)); \munit \otimes \munit → A \otimes B (\eta_A \otimes \eta_B); A \otimes B → B \otimes A (c(A, B)); \munit \otimes \munit → B \otimes A (\eta_B \otimes \eta_A).",qa/DIAGRAM_SOURCE_INVENTORY.jsonl:585; source/en/chapter7-unit-088.tex:diagram 17; tikzcd; mapped_indonesian_structure_witness
chapter7-unit-088-d018,chapter7-unit-088.tex,18,"Category diagram: \text{kategori monoidal} → \text{kategori} (\cate{Alg}); \text{kategori monoidal beranyam} → \text{kategori monoidal} (\cate{Alg}); \text{kategori monoidal beranyam} → \text{kategori} (\cate{CAlg}); \text{kategori monoidal simetris} → \text{kategori monoidal simetris} (\cate{Alg},…",qa/DIAGRAM_SOURCE_INVENTORY.jsonl:586; source/en/chapter7-unit-088.tex:diagram 18; tikzcd; mapped_indonesian_structure_witness
chapter7-unit-088-d019,chapter7-unit-088.tex,19,"Category diagram: F(X) \otimes F(Y) → F(X \otimes Y) (\xi_F(X, Y)); F(X) \otimes F(Y) → F(Y) \otimes F(X) (c'(FX, FY)); F(X \otimes Y) → F(Y \otimes X) . (Fc(X, Y)); F(Y) \otimes F(X) → F(Y \otimes X) . (\xi_F(Y, X)).",qa/DIAGRAM_SOURCE_INVENTORY.jsonl:587; source/en/chapter7-unit-088.tex:diagram 19; tikzcd; mapped_indonesian_structure_witness
chapter7-unit-088-d020,chapter7-unit-088.tex,20,"Commutative diagram: F(X) \otimes F(Y) → F(X \otimes Y) (\xi_F(X, Y)); F(X) \otimes F(Y) → G(X) \otimes G(Y) (\theta_X \otimes \theta_Y); F(X \otimes Y) → G(X \otimes Y) (\theta_{X \otimes Y}); G(X) \otimes G(Y) → G(X \otimes Y) (\xi_G(X, Y)).",qa/DIAGRAM_SOURCE_INVENTORY.jsonl:588; source/en/chapter7-unit-088.tex:diagram 20; tikzcd; mapped_indonesian_structure_witness
chapter7-unit-088-d021,chapter7-unit-088.tex,21,Commutative diagram: \munit_{\mathcal{V}'} → F(\munit_{\mathcal{V}}) (\varphi_F); \munit_{\mathcal{V}'} → G(\munit_{\mathcal{V}}) . (\varphi_G); F(\munit_{\mathcal{V}}) → G(\munit_{\mathcal{V}}) . (\theta_{\munit_{\mathcal{V}}}).,qa/DIAGRAM_SOURCE_INVENTORY.jsonl:589; source/en/chapter7-unit-088.tex:diagram 21; tikzcd; mapped_indonesian_structure_witness
chapter7-unit-089-d001,chapter7-unit-089.tex,1,"Commutative diagram: \Hom_{\mathcal{C}}^\bullet(Y, Z) \otimes \Hom_{\mathcal{C}}^\bullet(X,… → \Hom_{\mathcal{C}}^\bullet(X, Z); \Hom_{\mathcal{C}}^\bullet(Y, Z) \otimes \Hom_{\mathcal{C}}^\bullet(X,… → \Hom_{\mathcal{D}}^\bullet(FY, FZ) \otimes \Hom_{\mathcal{D}}^\bullet(F…; \Hom_{\mathcal{C}}^\bull…",qa/DIAGRAM_SOURCE_INVENTORY.jsonl:590; source/en/chapter7-unit-089.tex:diagram 1; tikzcd; mapped_indonesian_structure_witness
chapter7-unit-089-d002,chapter7-unit-089.tex,2,"Category diagram: \Bbbk → \Hom_{\mathcal{C}}^\bullet(X, X); \Bbbk → \Hom_{\mathcal{D}}^\bullet(FX, FX); \Hom_{\mathcal{C}}^\bullet(X, X) → \Hom_{\mathcal{D}}^\bullet(FX, FX).",qa/DIAGRAM_SOURCE_INVENTORY.jsonl:591; source/en/chapter7-unit-089.tex:diagram 2; tikzcd; mapped_indonesian_structure_witness
chapter7-unit-090-d001,chapter7-unit-090.tex,1,"Commutative diagram: \Hom(F' X, Y) → \Hom(X, G'Y) (\sim); \Hom(F' X, Y) → \Hom(FX, Y) ((\varphi_X)^*); \Hom(X, G'Y) → \Hom(X, GY) ((\psi_Y)_*); \Hom(FX, Y) → \Hom(X, GY) (\sim).",qa/DIAGRAM_SOURCE_INVENTORY.jsonl:592; source/en/chapter7-unit-090.tex:diagram 1; tikzcd; mapped_indonesian_structure_witness
chapter7-unit-090-diagram-002,chapter7-unit-090.tex,2,"Commutative diagram with objects CGHaus, Top. Arrows: CGHaus maps to Top, labeled inclusion functor; Top maps to CGHaus, labeled k.",qa/DIAGRAM_SOURCE_INVENTORY.jsonl:593; source/en/chapter7-unit-090.tex:diagram 2; tikzcd; mapped_indonesian_structure_witness
chapter7-unit-090-d002,chapter7-unit-090.tex,3,"Category diagram: \mathrm{ev}_{X, Y}: \Hom^n(X, Y) \dotimes{\Bbbk} X^m → Y^{n+m}; f \otimes x → f(x); \mathrm{coev}_{X, Y}: X^n → \Hom^n(Y, X \otimes Y); x → {[y \mapsto x \otimes y]}..",qa/DIAGRAM_SOURCE_INVENTORY.jsonl:594; source/en/chapter7-unit-090.tex:diagram 3; tikzcd; mapped_indonesian_structure_witness
chapter7-unit-091-d001,chapter7-unit-091.tex,1,"Composition in the tensor product dg-category C_1 tensor C_2. The Koszul braiding first regroups the C_1 and C_2 Hom complexes; composition in each category then yields Hom_C1(X,Z) tensor Hom_C2(X',Z').",qa/DIAGRAM_SOURCE_INVENTORY.jsonl:595; source/en/chapter7-unit-091.tex:diagram 1; tikzcd; mapped_indonesian_structure_witness
chapter7-unit-091-d002,chapter7-unit-091.tex,2,Category diagram: FX → GX (\phi_X); FX → FY (Ff); GX → GY (Gf); FY → GY (\phi_Y).,qa/DIAGRAM_SOURCE_INVENTORY.jsonl:596; source/en/chapter7-unit-091.tex:diagram 2; tikzcd; mapped_indonesian_structure_witness
chapter7-unit-091-d003,chapter7-unit-091.tex,3,Category diagram: \mathcal{C} → \mathcal{D} (F); \mathcal{C} → \mathcal{D} (G); \mathcal{C} → \mathcal{D}; \mathcal{D} ⇒ \mathcal{D} (\phi); \mathcal{D} ⇒ \mathcal{D} (\psi).,qa/DIAGRAM_SOURCE_INVENTORY.jsonl:597; source/en/chapter7-unit-091.tex:diagram 3; tikzcd; mapped_indonesian_structure_witness
chapter7-unit-091-d004,chapter7-unit-091.tex,4,Category diagram: \mathcal{C} → \mathcal{D} . (F); \mathcal{C} → \mathcal{D} .; \mathcal{D} . ⇒ \mathcal{D} . (\psi \phi).,qa/DIAGRAM_SOURCE_INVENTORY.jsonl:598; source/en/chapter7-unit-091.tex:diagram 4; tikzcd; mapped_indonesian_structure_witness
chapter7-unit-091-d005,chapter7-unit-091.tex,5,"Commutative diagram with objects iHom^point(G_1, G_2) tensor iHom^point(F_1, F_2), iHom^point(G_1 F_1, G_2 F_2), Hom^point_ iHom(D, E) tensor iHom(C, D) ((G_1, F_1), (G_2, F_2)). Arrows: iHom^point(G_1, G_2) tensor iHom^point(F_1, F_2) maps to iHom^point(G_1 F_1, G_2 F_2); iHom^point(G_1, G_2) tensor iHom^point(F_1, F_2) maps to Hom^point_ iHom(D, E) tensor iHom(C, D) ((G_1, F_1), (G_2, F_2)).",qa/DIAGRAM_SOURCE_INVENTORY.jsonl:599; source/en/chapter7-unit-091.tex:diagram 5; tikzcd; mapped_indonesian_structure_witness
chapter7-unit-091-d006,chapter7-unit-091.tex,6,Category diagram: \mathcal{C} → \mathcal{D} (F_1); \mathcal{C} → \mathcal{D}; \mathcal{D} → \mathcal{E} (G_1); \mathcal{D} → \mathcal{E}; \mathcal{E} ⇒ \mathcal{E} (\phi); \mathcal{E} ⇒ \mathcal{E} (\psi).,qa/DIAGRAM_SOURCE_INVENTORY.jsonl:600; source/en/chapter7-unit-091.tex:diagram 6; tikzcd; mapped_indonesian_structure_witness
chapter7-unit-091-d007,chapter7-unit-091.tex,7,Category diagram: \mathcal{C} → \mathcal{E} . (G_1 F_1); \mathcal{C} → \mathcal{E} .; \mathcal{E} . ⇒ \mathcal{E} . (\psi \phi).,qa/DIAGRAM_SOURCE_INVENTORY.jsonl:601; source/en/chapter7-unit-091.tex:diagram 7; tikzcd; mapped_indonesian_structure_witness
chapter7-unit-092-d001,chapter7-unit-092.tex,1,Category diagram: C \otimes C → C \otimes \munit (\identity \otimes \epsilon); C \otimes C → \munit \otimes C (\epsilon \otimes \identity); C → \munit \otimes C (\sim); C → C \otimes \munit (\sim); C → C \otimes C (\Delta).,qa/DIAGRAM_SOURCE_INVENTORY.jsonl:602; source/en/chapter7-unit-092.tex:diagram 1; tikzcd; mapped_indonesian_structure_witness
chapter7-unit-092-d002,chapter7-unit-092.tex,2,Category diagram: C \otimes (C \otimes C) → (C \otimes C) \otimes C (\sim); C \otimes C → (C \otimes C) \otimes C (\Delta \otimes \identity); C → C \otimes C (\Delta); C → C \otimes C . (\Delta); C \otimes C . → C \otimes (C \otimes C) (\identity \otimes \Delta).,qa/DIAGRAM_SOURCE_INVENTORY.jsonl:603; source/en/chapter7-unit-092.tex:diagram 2; tikzcd; mapped_indonesian_structure_witness
chapter7-unit-092-d003,chapter7-unit-092.tex,3,Commutative diagram: C → C' (\phi); C → \munit (\epsilon); C' → \munit (\epsilon').,qa/DIAGRAM_SOURCE_INVENTORY.jsonl:604; source/en/chapter7-unit-092.tex:diagram 3; tikzcd; mapped_indonesian_structure_witness
chapter7-unit-092-d004,chapter7-unit-092.tex,4,Commutative diagram: C \otimes C → C' \otimes C' (\phi \otimes \phi); C → C' . (\phi); C → C \otimes C (\Delta); C' . → C' \otimes C' (\Delta').,qa/DIAGRAM_SOURCE_INVENTORY.jsonl:605; source/en/chapter7-unit-092.tex:diagram 4; tikzcd; mapped_indonesian_structure_witness
chapter7-unit-092-d005,chapter7-unit-092.tex,5,Commutative diagram: C \otimes M → \munit \otimes M (\epsilon \otimes \identity); M → C \otimes M (\rho); M → \munit \otimes M (\sim).,qa/DIAGRAM_SOURCE_INVENTORY.jsonl:606; source/en/chapter7-unit-092.tex:diagram 5; tikzcd; mapped_indonesian_structure_witness
chapter7-unit-092-d006,chapter7-unit-092.tex,6,Commutative diagram: C \otimes (C \otimes M) → (C \otimes C) \otimes M (\sim); C \otimes M → (C \otimes C) \otimes M (\Delta \otimes \identity); M → C \otimes M (\rho); M → C \otimes M. (\rho); C \otimes M. → C \otimes (C \otimes M) (\identity \otimes \rho).,qa/DIAGRAM_SOURCE_INVENTORY.jsonl:607; source/en/chapter7-unit-092.tex:diagram 6; tikzcd; mapped_indonesian_structure_witness
chapter7-unit-092-d007,chapter7-unit-092.tex,7,Category diagram: A \otimes \munit → A (\mu(\identity \otimes \eta)); \munit \otimes A → A (\mu(\eta \otimes \identity)); C \otimes \munit → C; C \otimes \munit → A \otimes \munit (f \otimes \identity); C → A (f); \munit \otimes C → C; \munit \otimes C → \munit \otimes A (\identity \otimes f); C \o…,qa/DIAGRAM_SOURCE_INVENTORY.jsonl:608; source/en/chapter7-unit-092.tex:diagram 7; tikzcd; mapped_indonesian_structure_witness
chapter7-unit-092-d008,chapter7-unit-092.tex,8,First six-strand braid: four A strands are braided before paired actions on M_1 and M_2; it represents one ordering of the two module actions.,qa/DIAGRAM_SOURCE_INVENTORY.jsonl:609; source/en/chapter7-unit-092.tex:diagram 8; tikzpicture; mapped_indonesian_structure_witness
chapter7-unit-092-d009,chapter7-unit-092.tex,9,Second six-strand braid: the alternative crossing order yields the same paired actions on M_1 and M_2.,qa/DIAGRAM_SOURCE_INVENTORY.jsonl:610; source/en/chapter7-unit-092.tex:diagram 9; tikzpicture; mapped_indonesian_structure_witness
chapter7-unit-093-d001,chapter7-unit-093.tex,1,"Commutative diagram: A \otimes M_1 \otimes M_2 → A \otimes A \otimes M_1 \otimes M_2 (\Delta \otimes \identity \otimes \identity); A \otimes M_1 \otimes M_2 → A \otimes M_2 \otimes M_1 (\identity \otimes c(M_1, M_2)); A \otimes A \otimes M_1 \otimes M_2 → A \otimes M_1 \otimes A \otimes M_2 (\identit…",qa/DIAGRAM_SOURCE_INVENTORY.jsonl:611; source/en/chapter7-unit-093.tex:diagram 1; tikzcd; mapped_indonesian_structure_witness
chapter7-unit-093-d002,chapter7-unit-093.tex,2,Commutative diagram: A \otimes A → A (\mu); A \otimes A → A \otimes A (S \otimes \identity_A); A \otimes A → A \otimes A (\identity_A \otimes S); A → A \otimes A (\Delta); A → A (\eta\epsilon).,qa/DIAGRAM_SOURCE_INVENTORY.jsonl:612; source/en/chapter7-unit-093.tex:diagram 2; tikzcd; mapped_indonesian_structure_witness
chapter7-unit-093-d003,chapter7-unit-093.tex,3,"Category diagram: \Hom(A', A') → \Hom(A, A') (g \mapsto gf).",qa/DIAGRAM_SOURCE_INVENTORY.jsonl:613; source/en/chapter7-unit-093.tex:diagram 3; tikzcd; mapped_indonesian_structure_witness
chapter7-unit-093-d004,chapter7-unit-093.tex,4,"Category diagram: \Hom(A, A) → \Hom(A, A') (h \mapsto fh).",qa/DIAGRAM_SOURCE_INVENTORY.jsonl:614; source/en/chapter7-unit-093.tex:diagram 4; tikzcd; mapped_indonesian_structure_witness
chapter7-unit-094-d001,chapter7-unit-094.tex,1,Commutative diagram: T → T^2 (\eta T); T → T (\identity); T^2 → T (\mu); T → T^2 (T\eta).,qa/DIAGRAM_SOURCE_INVENTORY.jsonl:615; source/en/chapter7-unit-094.tex:diagram 1; tikzcd; mapped_indonesian_structure_witness
chapter7-unit-094-d002,chapter7-unit-094.tex,2,Category diagram: T^3 → T^2 (\mu T); T^3 → T^2 (T\mu); T^2 → T. (\mu).,qa/DIAGRAM_SOURCE_INVENTORY.jsonl:616; source/en/chapter7-unit-094.tex:diagram 2; tikzcd; mapped_indonesian_structure_witness
chapter7-unit-094-d003,chapter7-unit-094.tex,3,Commutative diagram: L^2 → L (\epsilon L); L^2 → L (L\epsilon); L → L (\identity); L → L^2 (\delta).,qa/DIAGRAM_SOURCE_INVENTORY.jsonl:617; source/en/chapter7-unit-094.tex:diagram 3; tikzcd; mapped_indonesian_structure_witness
chapter7-unit-094-d004,chapter7-unit-094.tex,4,Category diagram: L^2 → L^3 (\delta L); L^2 → L^3 (L\delta); L → L^2 (\delta).,qa/DIAGRAM_SOURCE_INVENTORY.jsonl:618; source/en/chapter7-unit-094.tex:diagram 4; tikzcd; mapped_indonesian_structure_witness
chapter7-unit-094-d005,chapter7-unit-094.tex,5,Category diagram: F: \mathcal{C} → \mathcal{D}: G; \mathcal{D}: G → F: \mathcal{C}.,qa/DIAGRAM_SOURCE_INVENTORY.jsonl:619; source/en/chapter7-unit-094.tex:diagram 5; tikzcd; mapped_indonesian_structure_witness
chapter7-unit-094-d006,chapter7-unit-094.tex,6,Category diagram: GF → GFGF (\eta GF); GF → GF; GFGF → GF (G\varepsilon F); GF → GFGF (GF\eta).,qa/DIAGRAM_SOURCE_INVENTORY.jsonl:620; source/en/chapter7-unit-094.tex:diagram 6; tikzcd; mapped_indonesian_structure_witness
chapter7-unit-094-d007,chapter7-unit-094.tex,7,Category diagram: GFGFGF → GFGF (G\varepsilon FGF); GFGFGF → GFGF (GFG\varepsilon F); GFGF → GF (G\varepsilon F).,qa/DIAGRAM_SOURCE_INVENTORY.jsonl:621; source/en/chapter7-unit-094.tex:diagram 7; tikzcd; mapped_indonesian_structure_witness
chapter7-unit-094-d008,chapter7-unit-094.tex,8,Commutative diagram: \mathcal{C} → \mathcal{D} (F); \mathcal{D} → \mathcal{C} (G); \mathcal{D} → \mathcal{D}; \mathcal{C} ⇒ \mathcal{C} (\varepsilon).,qa/DIAGRAM_SOURCE_INVENTORY.jsonl:622; source/en/chapter7-unit-094.tex:diagram 8; tikzcd; mapped_indonesian_structure_witness
chapter7-unit-094-d009,chapter7-unit-094.tex,9,Commutative diagram: T^2 (M) → T(M) (Ta); T^2 (M) → T(M) (\mu_M); T(M) → M (a).,qa/DIAGRAM_SOURCE_INVENTORY.jsonl:623; source/en/chapter7-unit-094.tex:diagram 9; tikzcd; mapped_indonesian_structure_witness
chapter7-unit-094-d010,chapter7-unit-094.tex,10,Commutative diagram: M → T(M) (\eta_M); M → M . (\identity_M); T(M) → M . (a).,qa/DIAGRAM_SOURCE_INVENTORY.jsonl:624; source/en/chapter7-unit-094.tex:diagram 10; tikzcd; mapped_indonesian_structure_witness
chapter7-unit-094-d011,chapter7-unit-094.tex,11,Commutative diagram: T(M) → M (a); T(M) → T(M') (Tf); M → M' . (f); T(M') → M' . (a').,qa/DIAGRAM_SOURCE_INVENTORY.jsonl:625; source/en/chapter7-unit-094.tex:diagram 11; tikzcd; mapped_indonesian_structure_witness
chapter7-unit-094-d012,chapter7-unit-094.tex,12,Category diagram: \mathbf{M}: \cate{Set} → \cate{Mon}: U; \cate{Mon}: U → \mathbf{M}: \cate{Set}.,qa/DIAGRAM_SOURCE_INVENTORY.jsonl:626; source/en/chapter7-unit-094.tex:diagram 12; tikzcd; mapped_indonesian_structure_witness
chapter7-unit-094-d013,chapter7-unit-094.tex,13,Category diagram: \mathbf{F}: \cate{Set} → R\dcate{Mod}: U; R\dcate{Mod}: U → \mathbf{F}: \cate{Set}.,qa/DIAGRAM_SOURCE_INVENTORY.jsonl:627; source/en/chapter7-unit-094.tex:diagram 13; tikzcd; mapped_indonesian_structure_witness
chapter7-unit-094-d014,chapter7-unit-094.tex,14,Category diagram: \mathrm{Free}^T : \mathcal{C} → \mathcal{C}^T: U^T; \mathcal{C}^T: U^T → \mathrm{Free}^T : \mathcal{C}.,qa/DIAGRAM_SOURCE_INVENTORY.jsonl:628; source/en/chapter7-unit-094.tex:diagram 14; tikzcd; mapped_indonesian_structure_witness
chapter7-unit-094-d015,chapter7-unit-094.tex,15,"Commutative diagram with objects T^3 (M), T^2(M), T^2 (M), T(M). Arrows: T^3 (M) maps to T^2(M), labeled Tmu_M; T^3 (M) maps to T^2 (M), labeled mu_T(M); T^2(M) maps to T(M), labeled mu_M; T^2 (M) maps to T(M), labeled mu_M.",qa/DIAGRAM_SOURCE_INVENTORY.jsonl:629; source/en/chapter7-unit-094.tex:diagram 15; tikzcd; mapped_indonesian_structure_witness
chapter7-unit-094-d016,chapter7-unit-094.tex,16,"Commutative diagram with objects T(M), T^2(M). Arrows: T(M) maps to T^2(M), labeled eta_T(M); T(M) maps to T(M), labeled id; T^2(M) maps to T(M), labeled mu_M.",qa/DIAGRAM_SOURCE_INVENTORY.jsonl:630; source/en/chapter7-unit-094.tex:diagram 16; tikzcd; mapped_indonesian_structure_witness
chapter7-unit-095-d001,chapter7-unit-095.tex,1,Category diagram: GFGFG(N) → GFG(N) (GFG\varepsilon); GFGFG(N) → GFG(N) (G\varepsilon FG); GFG(N) → G(N) (G\varepsilon).,qa/DIAGRAM_SOURCE_INVENTORY.jsonl:631; source/en/chapter7-unit-095.tex:diagram 1; tikzcd; mapped_indonesian_structure_witness
chapter7-unit-095-d002,chapter7-unit-095.tex,2,Category diagram: G(N) → GFG(N) (\eta G); G(N) → G(N).; GFG(N) → G(N). (G\varepsilon).,qa/DIAGRAM_SOURCE_INVENTORY.jsonl:632; source/en/chapter7-unit-095.tex:diagram 2; tikzcd; mapped_indonesian_structure_witness
chapter7-unit-095-diagram-003,chapter7-unit-095.tex,3,"Paired functors F:C to D and G:D to C, shown by opposing arrows.",qa/DIAGRAM_SOURCE_INVENTORY.jsonl:633; source/en/chapter7-unit-095.tex:diagram 3; tikzcd; mapped_indonesian_structure_witness
chapter7-unit-095-d003,chapter7-unit-095.tex,4,Category diagram: A → B (u); A → B (v); B → Z (h); B → A (t); Z → B (s).,qa/DIAGRAM_SOURCE_INVENTORY.jsonl:634; source/en/chapter7-unit-095.tex:diagram 4; tikzcd; mapped_indonesian_structure_witness
chapter7-unit-095-d004,chapter7-unit-095.tex,5,Category diagram: A → B (u); A → B (v); B → Z (h); B → W (k).,qa/DIAGRAM_SOURCE_INVENTORY.jsonl:635; source/en/chapter7-unit-095.tex:diagram 5; tikzcd; mapped_indonesian_structure_witness
chapter7-unit-095-d005,chapter7-unit-095.tex,6,"Commutative diagram with objects T^2(M), T(M), M. Arrows: T^2(M) maps to T(M), labeled Ta; T^2(M) maps to T(M), labeled mu_M; T(M) maps to M, labeled a; a dashed T(M) maps to T^2(M), labeled eta_TM; a dashed M maps to T(M), labeled eta_M.",qa/DIAGRAM_SOURCE_INVENTORY.jsonl:636; source/en/chapter7-unit-095.tex:diagram 6; tikzcd; mapped_indonesian_structure_witness
chapter7-unit-095-d006,chapter7-unit-095.tex,7,Category diagram: G(X) → G(Y) (Gf); G(X) → G(Y) (Gg); G(Y) → Z (h).,qa/DIAGRAM_SOURCE_INVENTORY.jsonl:637; source/en/chapter7-unit-095.tex:diagram 7; tikzcd; mapped_indonesian_structure_witness
chapter7-unit-095-d007,chapter7-unit-095.tex,8,Category diagram: M → M' (u); M → M' (v); M' → M'' . (h); M' → M (t); M'' . → M' (s).,qa/DIAGRAM_SOURCE_INVENTORY.jsonl:638; source/en/chapter7-unit-095.tex:diagram 8; tikzcd; mapped_indonesian_structure_witness
chapter7-unit-095-d008,chapter7-unit-095.tex,9,Commutative diagram: T(M) → T(M') (Tu); T(M) → T(M') (Tv); T(M) → M (a); T(M') → T(M'') (Th); T(M') → M' (a'); T(M'') → M'' (a''); M → M' (u); M → M' (v); and 1 other arrows.,qa/DIAGRAM_SOURCE_INVENTORY.jsonl:639; source/en/chapter7-unit-095.tex:diagram 9; tikzcd; mapped_indonesian_structure_witness
chapter7-unit-095-d009,chapter7-unit-095.tex,10,Category diagram: M'' → T(M'') (\eta_{M''}); M'' → M''; T(M'') → M'' (a'').,qa/DIAGRAM_SOURCE_INVENTORY.jsonl:640; source/en/chapter7-unit-095.tex:diagram 10; tikzcd; mapped_indonesian_structure_witness
chapter7-unit-095-d010,chapter7-unit-095.tex,11,Category diagram: T^2(M'') → T(M'') (\mu_{M''}); T^2(M'') → T(M'') (Ta''); T(M'') → M'' . (a'').,qa/DIAGRAM_SOURCE_INVENTORY.jsonl:641; source/en/chapter7-unit-095.tex:diagram 11; tikzcd; mapped_indonesian_structure_witness
chapter7-unit-095-d011,chapter7-unit-095.tex,12,Category diagram: T(M') → T(M'') (Th); T(M') → M' (a'); T(M'') → T(W) (T\varphi); T(M'') → M'' (a''); T(W) → W. (b); M' → M'' (h); M'' → W. (\varphi).,qa/DIAGRAM_SOURCE_INVENTORY.jsonl:642; source/en/chapter7-unit-095.tex:diagram 12; tikzcd; mapped_indonesian_structure_witness
chapter7-unit-095-d012,chapter7-unit-095.tex,13,"Commutative diagram with objects FGFG(N), FG(N), N. Arrows: FGFG(N) maps to FG(N), labeled FGepsilon_N; FGFG(N) maps to FG(N), labeled epsilon_FG(N); FG(N) maps to N, labeled epsilon_N.",qa/DIAGRAM_SOURCE_INVENTORY.jsonl:643; source/en/chapter7-unit-095.tex:diagram 13; tikzcd; mapped_indonesian_structure_witness
chapter7-unit-095-d013,chapter7-unit-095.tex,14,"Commutative diagram with objects FGF(M), F(M), L(M, a). Arrows: FGF(M) maps to F(M), labeled Fa; FGF(M) maps to F(M), labeled epsilon_FM; F(M) maps to L(M, a).",qa/DIAGRAM_SOURCE_INVENTORY.jsonl:644; source/en/chapter7-unit-095.tex:diagram 14; tikzcd; mapped_indonesian_structure_witness
chapter7-unit-095-diagram-015,chapter7-unit-095.tex,15,"Commutative diagram with objects FGF(M), F(M). Arrows: FGF(M) maps to F(M), labeled Fa; FGF(M) maps to F(M), labeled epsilon_FM.",qa/DIAGRAM_SOURCE_INVENTORY.jsonl:645; source/en/chapter7-unit-095.tex:diagram 15; tikzcd; mapped_indonesian_structure_witness
chapter7-unit-095-diagram-016,chapter7-unit-095.tex,16,"Commutative diagram with objects T^2(M), T(M). Arrows: T^2(M) maps to T(M), labeled Ta; T^2(M) maps to T(M), labeled mu_M.",qa/DIAGRAM_SOURCE_INVENTORY.jsonl:646; source/en/chapter7-unit-095.tex:diagram 16; tikzcd; mapped_indonesian_structure_witness
chapter7-unit-095-diagram-017,chapter7-unit-095.tex,17,"Commutative diagram with objects FGF(M), F(M), L(M, a), FGF(M'), F(M'), L(M', a'). Arrows: FGF(M) maps to F(M), labeled Fa; FGF(M) maps to F(M), labeled epsilon_FM; FGF(M) maps to FGF(M'), labeled FGFphi; F(M) maps to L(M, a); F(M) maps to F(M'), labeled Fphi; L(M, a) maps to L(M', a'); FGF(M') maps to F(M'), labeled Fa'; FGF(M') maps to F(M'), labeled epsilon_FM'; F(M') maps to L(M', a').",qa/DIAGRAM_SOURCE_INVENTORY.jsonl:647; source/en/chapter7-unit-095.tex:diagram 17; tikzcd; mapped_indonesian_structure_witness
chapter7-unit-095-d014,chapter7-unit-095.tex,18,"Commutative diagram with objects FGFG(N), FG(N), LK(N). Arrows: FGFG(N) maps to FG(N), labeled FGepsilon_N; FGFG(N) maps to FG(N), labeled epsilon_FG(N); FG(N) maps to LK(N).",qa/DIAGRAM_SOURCE_INVENTORY.jsonl:648; source/en/chapter7-unit-095.tex:diagram 18; tikzcd; mapped_indonesian_structure_witness
chapter7-unit-095-d015,chapter7-unit-095.tex,19,"Commutative diagram with objects (T^2(M),...), (T(M),...), KL(M, a), Free^T(T(M)), Free^T(M). Arrows: (T^2(M),...) maps to (T(M),...), labeled Ta; (T^2(M),...) maps to (T(M),...), labeled mu_M; (T(M),...) maps to KL(M, a); Free^T(T(M)) maps to (T^2(M),...); Free^T(M) maps to (T(M),...).",qa/DIAGRAM_SOURCE_INVENTORY.jsonl:649; source/en/chapter7-unit-095.tex:diagram 19; tikzcd; mapped_indonesian_structure_witness
chapter7-unit-095-d016,chapter7-unit-095.tex,20,"Category diagram: (T^2(M), \ldots) → (T(M), \ldots) (Ta); (T^2(M), \ldots) → (T(M), \ldots) (\mu_M); (T(M), \ldots) → \mathbb{K}\mathbb{L}(M, a).; \mathrm{Free}^T(T(M)) → (T^2(M), \ldots); \mathrm{Free}^T(M) → (T(M), \ldots).",qa/DIAGRAM_SOURCE_INVENTORY.jsonl:650; source/en/chapter7-unit-095.tex:diagram 20; tikzcd; mapped_indonesian_structure_witness
chapter7-unit-095-diagram-021,chapter7-unit-095.tex,21,"Commutative diagram with objects Free^T(T(M)), Free^T(M), (M, a). Arrows: Free^T(T(M)) maps to Free^T(M), labeled Ta; Free^T(T(M)) maps to Free^T(M), labeled mu_M; Free^T(M) maps to (M, a).",qa/DIAGRAM_SOURCE_INVENTORY.jsonl:651; source/en/chapter7-unit-095.tex:diagram 21; tikzcd; mapped_indonesian_structure_witness
chapter7-unit-095-d017,chapter7-unit-095.tex,22,"Category diagram: \mathrm{Free}^T(T(M)) → \mathrm{Free}^T(M) (Ta); \mathrm{Free}^T(T(M)) → \mathrm{Free}^T(M) (\mu_M); \mathrm{Free}^T(M) → (M, a)..",qa/DIAGRAM_SOURCE_INVENTORY.jsonl:652; source/en/chapter7-unit-095.tex:diagram 22; tikzcd; mapped_indonesian_structure_witness
chapter7-unit-095-d018,chapter7-unit-095.tex,23,"Commutative diagram with objects FGFG(N), FG(N), N. Arrows: FGFG(N) maps to FG(N), labeled FGepsilon_N; FGFG(N) maps to FG(N), labeled epsilon_FG(N); FG(N) maps to N, labeled epsilon_N.",qa/DIAGRAM_SOURCE_INVENTORY.jsonl:653; source/en/chapter7-unit-095.tex:diagram 23; tikzcd; mapped_indonesian_structure_witness
chapter7-unit-096-d001,chapter7-unit-096.tex,1,"Commutative diagram with objects Fct^c(BMod, AMod), (A, B)Mod, Fct^c(ModA, ModB), P tensor B (dot), P, (dot) tensor A P, Fct_c(BMod, AMod), (B, A)Mod, Fct_c(ModA, ModB), Hom_BMod(Q, dot), Q, Hom_ModA(Q, dot), and 5 further displayed objects. Arrows: (A, B)Mod maps to Fct^c(BMod, AMod), labeled isomorphism; (A, B)Mod maps to Fct^c(ModA, ModB), labeled isomorphism; P maps to P tensor B (dot); P maps to (dot) tensor A P; (B, A)Mod maps to Fct_c(BMod, AMod), labeled isomorphism; (B, A)Mod maps to Fct_c(ModA, ModB), labeled isomorphism; Q maps to Hom_BMod(Q, dot); Q maps to Hom_ModA(Q, dot); (B, A)Mod maps to Fct_c((BMod)^op, ModA), labeled isomorphism; (B, A)Mod maps to Fct_c((ModA)^op, BMod), labeled isomorphism; R maps to Hom_BMod(dot, R); R maps to Hom_ModA(dot, R).",qa/DIAGRAM_SOURCE_INVENTORY.jsonl:654; source/en/chapter7-unit-096.tex:diagram 1; tikzcd; mapped_indonesian_structure_witness
chapter7-unit-096-d002,chapter7-unit-096.tex,2,"Category diagram: (\cdot) \dotimes{A} P : \cated{Mod}A → \cated{Mod}B: \Hom_{\cated{Mod}B}(P, \cdot).; \cated{Mod}B: \Hom_{\cated{Mod}B}(P, \cdot). → (\cdot) \dotimes{A} P : \cated{Mod}A.",qa/DIAGRAM_SOURCE_INVENTORY.jsonl:655; source/en/chapter7-unit-096.tex:diagram 2; tikzcd; mapped_indonesian_structure_witness
chapter7-unit-097-d001,chapter7-unit-097.tex,1,Category diagram: (\cdot) \dotimes{A} P : \cated{Mod}A → \cated{Mod}B: (\cdot) \dotimes{B} P^\vee .; \cated{Mod}B: (\cdot) \dotimes{B} P^\vee . → (\cdot) \dotimes{A} P : \cated{Mod}A.,qa/DIAGRAM_SOURCE_INVENTORY.jsonl:656; source/en/chapter7-unit-097.tex:diagram 1; tikzcd; mapped_indonesian_structure_witness
chapter7-unit-097-d002,chapter7-unit-097.tex,2,Category diagram: P^\vee \dotimes{A} P → B; \lambda \otimes p → \lambda(p).,qa/DIAGRAM_SOURCE_INVENTORY.jsonl:657; source/en/chapter7-unit-097.tex:diagram 2; tikzcd; mapped_indonesian_structure_witness
chapter7-unit-097-d003,chapter7-unit-097.tex,3,Category diagram: A → P \dotimes{B} P^\vee; P \dotimes{B} P^\vee → \End_{\cated{Mod}B}(P) (\text{Lema \ref{prop:AB-comonad-aux}}); a → {[p \mapsto ap]} ..,qa/DIAGRAM_SOURCE_INVENTORY.jsonl:658; source/en/chapter7-unit-097.tex:diagram 3; tikzcd; mapped_indonesian_structure_witness
chapter7-unit-097-d004,chapter7-unit-097.tex,4,"Commutative diagram with objects N, Hom_ModB(P, N tensor A P), N tensor A P tensor B P^vee, x, [p maps to x tensor p], x tensor coev(1), M tensor B P^vee tensor A P, Hom_ModB(P, M) tensor A P, M, x tensor lambda tensor p, x lambda(dot) tensor p, xlambda(p), and 1 further displayed objects. Arrows: N maps to Hom_ModB(P, N tensor A P), labeled eta_N; N tensor A P tensor B P^vee maps to Hom_ModB(P, N tensor A P), labeled isomorphism; x maps to [p maps to x tensor p]; x tensor coev(1) maps to [p maps to x tensor p]; M tensor B P^vee tensor A P maps to Hom_ModB(P, M) tensor A P, labeled isomorphism; Hom_ModB(P, M) tensor A P maps to M, labeled epsilon_M; x tensor lambda tensor p maps to x lambda(dot) tensor p; x lambda(dot) tensor p maps to xlambda(p); xlambda(p) maps to (id_M tensor ev)(x tensor lambda tensor p).",qa/DIAGRAM_SOURCE_INVENTORY.jsonl:659; source/en/chapter7-unit-097.tex:diagram 4; tikzcd; mapped_indonesian_structure_witness
chapter7-unit-097-d005,chapter7-unit-097.tex,5,Exact diagram: M → N (Uf); M → M \dotimes{B} C; N → N \dotimes{B} C; N → \Coker(Uf); \Coker(Uf) → \Coker(Uf) \dotimes{B} C; \Coker(Uf) → 0; M \dotimes{B} C → N \dotimes{B} C (Uf \otimes \identity); N \dotimes{B} C → \Coker(Uf) \dotimes{B} C; and 1 other arrows.,qa/DIAGRAM_SOURCE_INVENTORY.jsonl:660; source/en/chapter7-unit-097.tex:diagram 5; tikzcd; mapped_indonesian_structure_witness
chapter7-unit-098-d001,chapter7-unit-098.tex,1,"Category diagram: \mathrm{Equiv}(\cated{Mod}A, \cated{Mod}B) → \mathcal{P}(A, B); \mathcal{P}(A, B) → \mathrm{Equiv}(\cated{Mod}A, \cated{Mod}B); F → F(A); P . → (\cdot) \dotimes{A} P.",qa/DIAGRAM_SOURCE_INVENTORY.jsonl:661; source/en/chapter7-unit-098.tex:diagram 1; tikzcd; mapped_indonesian_structure_witness
chapter7-unit-099-d001,chapter7-unit-099.tex,1,Commutative diagram: R^{\oplus J_X} → R^{\oplus I_X}; R^{\oplus J_X} → R^{\oplus J_Y}; R^{\oplus I_X} → R^{\oplus I_Y}; R^{\oplus I_X} → GX; GX → GY (f); GX → 0; R^{\oplus J_Y} → R^{\oplus I_Y}; R^{\oplus I_Y} → GY; and 1 other arrows.,qa/DIAGRAM_SOURCE_INVENTORY.jsonl:662; source/en/chapter7-unit-099.tex:diagram 1; tikzcd; mapped_indonesian_structure_witness
chapter7-unit-099-d002,chapter7-unit-099.tex,2,Commutative diagram: s^{\oplus J_X} → s^{\oplus I_X}; s^{\oplus J_X} → s^{\oplus J_Y}; s^{\oplus I_X} → s^{\oplus I_Y}; s^{\oplus I_X} → X; X → Y; X → 0; s^{\oplus J_Y} → s^{\oplus I_Y}; s^{\oplus I_Y} → Y; and 1 other arrows.,qa/DIAGRAM_SOURCE_INVENTORY.jsonl:663; source/en/chapter7-unit-099.tex:diagram 2; tikzcd; mapped_indonesian_structure_witness
chapter7-unit-100-diagram-001,chapter7-unit-100.tex,1,"Paired functors F:C to D and G:D to C, shown by opposing arrows.",qa/DIAGRAM_SOURCE_INVENTORY.jsonl:664; source/en/chapter7-unit-100.tex:diagram 1; tikzcd; mapped_indonesian_structure_witness
chapter7-unit-100-d001,chapter7-unit-100.tex,2,Category diagram: L \dotimes{K} (\cdot): K\dcate{Mod} → L\dcate{Mod} : \mathcal{F}_{L|K}; L\dcate{Mod} : \mathcal{F}_{L|K} → L \dotimes{K} (\cdot): K\dcate{Mod}.,qa/DIAGRAM_SOURCE_INVENTORY.jsonl:665; source/en/chapter7-unit-100.tex:diagram 2; tikzcd; mapped_indonesian_structure_witness
chapter7-unit-100-d002,chapter7-unit-100.tex,3,Commutative diagram: L \dotimes{K} M → L \dotimes{K} L \dotimes{K} M (\mathbf{L}a = \identity_L \otimes a); \ell \otimes m → \ell \otimes 1 \otimes m; L \dotimes{K} M → L \dotimes{K} L \dotimes{K} M (\delta_M); M → L \dotimes{K} M (a).,qa/DIAGRAM_SOURCE_INVENTORY.jsonl:666; source/en/chapter7-unit-100.tex:diagram 3; tikzcd; mapped_indonesian_structure_witness
chapter7-unit-100-d003,chapter7-unit-100.tex,4,Commutative diagram: \ell \otimes m → \ell m; L \dotimes{K} M → M (\epsilon_M); M. → M (\identity_M); M. → L \dotimes{K} M (a).,qa/DIAGRAM_SOURCE_INVENTORY.jsonl:667; source/en/chapter7-unit-100.tex:diagram 4; tikzcd; mapped_indonesian_structure_witness
chapter7-unit-100-d004,chapter7-unit-100.tex,5,"Category diagram: \mathbb{L}(M, a) → M; M → L \dotimes{K} M (a); M → L \dotimes{K} M (m \mapsto 1 \otimes m).",qa/DIAGRAM_SOURCE_INVENTORY.jsonl:668; source/en/chapter7-unit-100.tex:diagram 5; tikzcd; mapped_indonesian_structure_witness
chapter7-unit-100-d005,chapter7-unit-100.tex,6,Commutative diagram: L^{\otimes 2} → E. (f \otimes f); L^{\otimes 2} → L (m); L → E. (f).,qa/DIAGRAM_SOURCE_INVENTORY.jsonl:669; source/en/chapter7-unit-100.tex:diagram 6; tikzcd; mapped_indonesian_structure_witness
chapter7-unit-100-d006,chapter7-unit-100.tex,7,"Category diagram: 0 → \tilde{\mathbb{L}}(M, \tilde{a}); \tilde{\mathbb{L}}(M, \tilde{a}) → M; M → L \dotimes{K} M (a); M → L \dotimes{K} M (m \mapsto 1 \otimes m).",qa/DIAGRAM_SOURCE_INVENTORY.jsonl:670; source/en/chapter7-unit-100.tex:diagram 7; tikzcd; mapped_indonesian_structure_witness
chapter7-unit-101-d001,chapter7-unit-101.tex,1,"Category diagram: \Phi(M): L \dotimes{K} M → \mathrm{Maps}(\Gamma, M)^\infty (\sim); \ell \otimes m → {\left[ f: \sigma \mapsto \sigma(\ell)m \right]}..",qa/DIAGRAM_SOURCE_INVENTORY.jsonl:671; source/en/chapter7-unit-101.tex:diagram 1; tikzcd; mapped_indonesian_structure_witness
chapter7-unit-101-d002,chapter7-unit-101.tex,2,"Category diagram: \Phi(L): L \dotimes{K} L → \mathrm{Maps}(\Gamma, L)^\infty (\sim); \ell \otimes \ell' → {[f: \sigma \mapsto \sigma(\ell)\ell' ]}..",qa/DIAGRAM_SOURCE_INVENTORY.jsonl:672; source/en/chapter7-unit-101.tex:diagram 2; tikzcd; mapped_indonesian_structure_witness
chapter7-unit-101-d003,chapter7-unit-101.tex,3,"Commutative diagram with objects L' tensor K L', (K[X])/((p)) tensor K L', dfracL'[X]product_i=1^d (X - alpha_i), product_i=1^d (L'[X])/((X - alpha_i))_identified with L', (L')^Gamma/Gamma', ell tensor ell', (g + (p)) tensor ell', gell' + (p), (g(alpha_i) ell')_i=1^d, (sigma_i(ell) ell')_i=1^d. Arrows: (K[X])/((p)) tensor K L' maps to L' tensor K L', labeled isomorphism; (K[X])/((p)) tensor K L' maps to dfracL'[X]product_i=1^d (X - alpha_i), labeled isomorphism; dfracL'[X]product_i=1^d (X - alpha_i) maps to product_i=1^d (L'[X])/((X - alpha_i))_identified with L', labeled isomorphism; product_i=1^d (L'[X])/((X - alpha_i))_identified with L' maps to (L')^Gamma/Gamma', labeled isomorphism; (g + (p)) tensor ell' maps to ell tensor ell'; (g + (p)) tensor ell' maps to gell' + (p); gell' + (p) maps to (g(alpha_i) ell')_i=1^d; (g(alpha_i) ell')_i=1^d maps to (sigma_i(ell) ell')_i=1^d.",qa/DIAGRAM_SOURCE_INVENTORY.jsonl:673; source/en/chapter7-unit-101.tex:diagram 3; tikzcd; mapped_indonesian_structure_witness
chapter7-unit-101-d004,chapter7-unit-101.tex,4,"Commutative diagram with objects M, L tensor K M, L tensor K L tensor K M, Maps(Gamma, M)^infinity, Maps(Gamma, (Maps(Gamma, M)^infinity))^infinity, f(1), f, [sigma maps to [tau maps to f(tausigma) ]]. Arrows: M maps to M; L tensor K M maps to L tensor K L tensor K M, labeled delta_M; L tensor K M maps to Maps(Gamma, M)^infinity, labeled isomorphism; L tensor K M maps to M, labeled epsilon_M; L tensor K L tensor K M maps to Maps(Gamma, (Maps(Gamma, M)^infinity))^infinity, labeled isomorphism; Maps(Gamma, M)^infinity maps to Maps(Gamma, (Maps(Gamma, M)^infinity))^infinity, labeled delta'_M; Maps(Gamma, M)^infinity maps to M, labeled epsilon'_M; f(1) maps to M, labeled in; f maps to [sigma maps to [tau maps to f(tausigma) ]]; f maps to Maps(Gamma, M)^infinity, labeled in; f maps to f(1); [sigma maps to [tau maps to f(tausigma) ]] maps to Maps(Gamma, (Maps(Gamma, M)^infinity))^infinity, labeled in.",qa/DIAGRAM_SOURCE_INVENTORY.jsonl:674; source/en/chapter7-unit-101.tex:diagram 4; tikzcd; mapped_indonesian_structure_witness
chapter7-unit-101-d005,chapter7-unit-101.tex,5,"Category diagram: \mathrm{Maps}(\Gamma, M)^\infty → \mathrm{Maps}\left( \Gamma, \mathrm{Maps}(\Gamma, M)^\infty \right)^\in… (\mathrm{Maps}(\Gamma, a')^\infty ); \mathrm{Maps}(\Gamma, M)^\infty → M (\epsilon'_M); \mathrm{Maps}(\Gamma, M)^\infty → \mathrm{Maps}\left( \Gamma, \mathrm{Maps}(\Gamma, M)…",qa/DIAGRAM_SOURCE_INVENTORY.jsonl:675; source/en/chapter7-unit-101.tex:diagram 5; tikzcd; mapped_indonesian_structure_witness
chapter7-unit-101-d006,chapter7-unit-101.tex,6,"Commutative diagram with objects M, L tensor K M, Maps(Gamma, M)^infinity. Arrows: M maps to L tensor K M, labeled a; M maps to Maps(Gamma, M)^infinity, labeled m maps to [sigma maps to sigma m]; L tensor K M maps to Maps(Gamma, M)^infinity, labeled Phi(M); M maps to L tensor K M, labeled 1 tensor m mapsfrom m; M maps to Maps(Gamma, M)^infinity, labeled [m mapsfrom sigma] mapsfrom m.",qa/DIAGRAM_SOURCE_INVENTORY.jsonl:676; source/en/chapter7-unit-101.tex:diagram 6; tikzcd; mapped_indonesian_structure_witness
chapter7-unit-101-d007,chapter7-unit-101.tex,7,"Category diagram: \cate{Vect}(K) → \cate{Vect}^{\Gamma, \infty}(L); \text{object } N → L \dotimes{K} N; \text{morphism } \varphi → \identity \otimes \varphi.",qa/DIAGRAM_SOURCE_INVENTORY.jsonl:677; source/en/chapter7-unit-101.tex:diagram 7; tikzcd; mapped_indonesian_structure_witness
chapter7-unit-101-d008,chapter7-unit-101.tex,8,"Commutative diagram with objects L tensor K (dot): Vect(K), Vect^Gamma, infinity(L): (dot)^Gamma, Hom_Vect^Gamma, infinity(L) (L tensor K N, M), Hom_Vect(K)(N, M^Gamma), phi, phi|_1 tensor N, iota_M composed with (id_L tensor psi), psi. Arrows: L tensor K (dot): Vect(K) maps to Vect^Gamma, infinity(L): (dot)^Gamma; Vect^Gamma, infinity(L): (dot)^Gamma maps to L tensor K (dot): Vect(K); Hom_Vect^Gamma, infinity(L) (L tensor K N, M) maps to Hom_Vect(K)(N, M^Gamma), labeled isomorphism; phi maps to phi|_1 tensor N; psi maps to iota_M composed with (id_L tensor psi).",qa/DIAGRAM_SOURCE_INVENTORY.jsonl:678; source/en/chapter7-unit-101.tex:diagram 8; tikzcd; mapped_indonesian_structure_witness
chapter7-unit-103-d001,chapter7-unit-103.tex,1,Commutative diagram: (A \otimes A) \otimes (A \otimes A) → A \otimes A (\mu' \otimes \mu'); (A \otimes A) \otimes (A \otimes A) → A \otimes A (\mu_{A \otimes A}); A \otimes A → A. (\mu_A); A \otimes A → A. (\mu').,qa/DIAGRAM_SOURCE_INVENTORY.jsonl:679; source/en/chapter7-unit-103.tex:diagram 1; tikzcd; mapped_indonesian_structure_witness
chapter7-unit-103-d002,chapter7-unit-103.tex,2,"Interchange-law picture grouping a 2×2 array of copies of A by rows, representing horizontal multiplication by \mu'.",qa/DIAGRAM_SOURCE_INVENTORY.jsonl:680; source/en/chapter7-unit-103.tex:diagram 2; tikzpicture; mapped_indonesian_structure_witness
chapter7-unit-103-d003,chapter7-unit-103.tex,3,"Interchange-law picture grouping the same 2×2 array of copies of A by columns, representing vertical multiplication by \mu_A.",qa/DIAGRAM_SOURCE_INVENTORY.jsonl:681; source/en/chapter7-unit-103.tex:diagram 3; tikzpicture; mapped_indonesian_structure_witness
chapter7-unit-103-d004,chapter7-unit-103.tex,4,First step in the pictorial proof that \mu'=\mu_A: two horizontally adjacent copies of A are grouped for multiplication.,qa/DIAGRAM_SOURCE_INVENTORY.jsonl:682; source/en/chapter7-unit-103.tex:diagram 4; tikzpicture; mapped_indonesian_structure_witness
chapter7-unit-103-d005,chapter7-unit-103.tex,5,"Second step in the proof: the array A, \munit / \munit, A is grouped by columns.",qa/DIAGRAM_SOURCE_INVENTORY.jsonl:683; source/en/chapter7-unit-103.tex:diagram 5; tikzpicture; mapped_indonesian_structure_witness
chapter7-unit-103-d006,chapter7-unit-103.tex,6,"Third step in the proof: the array A, \munit / \munit, A is regrouped by rows.",qa/DIAGRAM_SOURCE_INVENTORY.jsonl:684; source/en/chapter7-unit-103.tex:diagram 6; tikzpicture; mapped_indonesian_structure_witness
chapter7-unit-103-d007,chapter7-unit-103.tex,7,"Final step in the proof: two vertically adjacent copies of A are grouped for multiplication, yielding \mu_A.",qa/DIAGRAM_SOURCE_INVENTORY.jsonl:685; source/en/chapter7-unit-103.tex:diagram 7; tikzpicture; mapped_indonesian_structure_witness
chapter7-unit-104-d001,chapter7-unit-104.tex,1,"Category diagram: \mathcal{F}_{B|A}: \cated{Mod}B → \cated{Mod}A: \Hom_A(B, \cdot); \cated{Mod}A: \Hom_A(B, \cdot) → \mathcal{F}_{B|A}: \cated{Mod}B.",qa/DIAGRAM_SOURCE_INVENTORY.jsonl:686; source/en/chapter7-unit-104.tex:diagram 1; tikzcd; mapped_indonesian_structure_witness
chapter7-unit-104-diagram-002,chapter7-unit-104.tex,2,"Free-forgetful adjunction between R-modules and R-algebras: T sends an R-module to its free R-algebra, and U is the forgetful functor in the reverse direction.",qa/DIAGRAM_SOURCE_INVENTORY.jsonl:687; source/en/chapter7-unit-104.tex:diagram 2; tikzcd; mapped_indonesian_structure_witness
chapter7-unit-104-d002,chapter7-unit-104.tex,3,"Category diagram: \Hom_{\cated{Mod}B}(M, N) → \Hom_{\cated{Comod}C}\left(M, N \dotimes{B} C\right); \Hom_{\cated{Comod}C}\left(M, N \dotimes{B} C\right) → \Hom_{\cated{Mod}B}(M, N); \varphi → (\varphi \otimes \identity_C) \rho; \psi → (\identity_N \otimes \epsilon) \psi.",qa/DIAGRAM_SOURCE_INVENTORY.jsonl:688; source/en/chapter7-unit-104.tex:diagram 3; tikzcd; mapped_indonesian_structure_witness
chapter8-unit-106-diagram-001,chapter8-unit-106.tex,1,"Geometric realization of a zero-simplex, drawn as one black point.",qa/DIAGRAM_SOURCE_INVENTORY.jsonl:689; source/en/chapter8-unit-106.tex:diagram 1; tikzpicture; mapped_indonesian_structure_witness
chapter8-unit-106-diagram-002,chapter8-unit-106.tex,2,"Geometric realization of a one-simplex, drawn as a single diagonal line segment.",qa/DIAGRAM_SOURCE_INVENTORY.jsonl:690; source/en/chapter8-unit-106.tex:diagram 2; tikzpicture; mapped_indonesian_structure_witness
chapter8-unit-106-diagram-003,chapter8-unit-106.tex,3,"Geometric realization of a two-simplex, drawn as a lightly shaded filled triangle with a dark boundary.",qa/DIAGRAM_SOURCE_INVENTORY.jsonl:691; source/en/chapter8-unit-106.tex:diagram 3; tikzpicture; mapped_indonesian_structure_witness
chapter8-unit-106-diagram-004,chapter8-unit-106.tex,4,"Geometric realization of a three-simplex, shown as a projected tetrahedron with four triangular faces, a dashed hidden edge, and contrasting shading on the front faces.",qa/DIAGRAM_SOURCE_INVENTORY.jsonl:692; source/en/chapter8-unit-106.tex:diagram 4; tikzpicture; mapped_indonesian_structure_witness
chapter8-unit-106-d001,chapter8-unit-106.tex,5,Category diagram: {|\cdot|}: \cate{sSet} → \cate{Top} : \mathrm{Sing}.; \cate{Top} : \mathrm{Sing}. → {|\cdot|}: \cate{sSet}.,qa/DIAGRAM_SOURCE_INVENTORY.jsonl:693; source/en/chapter8-unit-106.tex:diagram 5; tikzcd; mapped_indonesian_structure_witness
chapter8-unit-106-d002,chapter8-unit-106.tex,6,Category diagram: \Gamma: \cate{s}\mathcal{A} → \cate{Ch}_{\geq 0}(\mathcal{A}): \mathrm{N}; \cate{Ch}_{\geq 0}(\mathcal{A}): \mathrm{N} → \Gamma: \cate{s}\mathcal{A}.,qa/DIAGRAM_SOURCE_INVENTORY.jsonl:694; source/en/chapter8-unit-106.tex:diagram 6; tikzcd; mapped_indonesian_structure_witness
chapter8-unit-106-diagram-007,chapter8-unit-106.tex,7,"Commutative diagram with objects X_1, X_0, X_-1. Arrows: X_1 maps to X_0, labeled d_0; X_1 maps to X_0, labeled d_1; X_0 maps to X_-1, labeled epsilon.",qa/DIAGRAM_SOURCE_INVENTORY.jsonl:695; source/en/chapter8-unit-106.tex:diagram 7; tikzcd; mapped_indonesian_structure_witness
chapter8-unit-106-d003,chapter8-unit-106.tex,8,"Commutative diagram with objects [m]^op, [n]^op, [m], [n]. Arrows: [m]^op maps to [n]^op, labeled f^op; [m] maps to [n], labeled monotone; [m] maps to [m]^op, labeled isomorphism; [n] maps to [n]^op, labeled isomorphism.",qa/DIAGRAM_SOURCE_INVENTORY.jsonl:696; source/en/chapter8-unit-106.tex:diagram 8; tikzcd; mapped_indonesian_structure_witness
chapter8-unit-107-d001,chapter8-unit-107.tex,1,"Category diagram: \Hom_{\cate{sSet}}\left( \Delta^n, X \right) → X_n (\sim); \phi → \phi([n])(\identity_{[n]}).",qa/DIAGRAM_SOURCE_INVENTORY.jsonl:697; source/en/chapter8-unit-107.tex:diagram 1; tikzcd; mapped_indonesian_structure_witness
chapter8-unit-108-d001,chapter8-unit-108.tex,1,Category diagram: 1 → 2 (g); 0 → 1 (f).,qa/DIAGRAM_SOURCE_INVENTORY.jsonl:698; source/en/chapter8-unit-108.tex:diagram 1; tikzcd; mapped_indonesian_structure_witness
chapter8-unit-108-d002,chapter8-unit-108.tex,2,Category diagram: 1 → 2 (\identity_{C'} = d_0 s_1(f)); 0 → 2; 0 → 1 (f = d_2 s_1(f)).,qa/DIAGRAM_SOURCE_INVENTORY.jsonl:699; source/en/chapter8-unit-108.tex:diagram 2; tikzcd; mapped_indonesian_structure_witness
chapter8-unit-108-d003,chapter8-unit-108.tex,3,Category diagram: 1 → 2 (f = d_0 s_0(f)); 0 → 2; 0 → 1 (\identity_C = d_2 s_0(f)).,qa/DIAGRAM_SOURCE_INVENTORY.jsonl:700; source/en/chapter8-unit-108.tex:diagram 3; tikzcd; mapped_indonesian_structure_witness
chapter8-unit-108-d004,chapter8-unit-108.tex,4,Category diagram: 1 → 2 (g); 0 → 1 (f); 0 → 2 (gf).,qa/DIAGRAM_SOURCE_INVENTORY.jsonl:701; source/en/chapter8-unit-108.tex:diagram 4; tikzcd; mapped_indonesian_structure_witness
chapter8-unit-108-d005,chapter8-unit-108.tex,5,Category diagram: 2 → 3 (h); 1 → 2 (g); 1 → 3 (hg).,qa/DIAGRAM_SOURCE_INVENTORY.jsonl:702; source/en/chapter8-unit-108.tex:diagram 5; tikzcd; mapped_indonesian_structure_witness
chapter8-unit-108-d006,chapter8-unit-108.tex,6,Category diagram: 2 → 3. (h); 0 → 2 (gf); 0 → 3. (h(gf)).,qa/DIAGRAM_SOURCE_INVENTORY.jsonl:703; source/en/chapter8-unit-108.tex:diagram 6; tikzcd; mapped_indonesian_structure_witness
chapter8-unit-108-d007,chapter8-unit-108.tex,7,Category diagram: 1 → 3. (hg); 0 → 1 (f); 0 → 3. (h(gf)).,qa/DIAGRAM_SOURCE_INVENTORY.jsonl:704; source/en/chapter8-unit-108.tex:diagram 7; tikzcd; mapped_indonesian_structure_witness
chapter8-unit-108-d008,chapter8-unit-108.tex,8,"Commutative diagram: \Hom(\Delta^n, X) → \Hom(\Lambda^n_i, X); \Hom(\Delta^n, X) → \Hom(\Delta^n, \mathrm{N}\mathcal{C}); \Hom(\Delta^n, \mathrm{N}\mathcal{C}) → \Hom(\Lambda^n_i, \mathrm{N}\mathcal{C}).; \Hom(\Lambda^n_i, X) → \Hom(\Lambda^n_i, \mathrm{N}\mathcal{C})..",qa/DIAGRAM_SOURCE_INVENTORY.jsonl:705; source/en/chapter8-unit-108.tex:diagram 8; tikzcd; mapped_indonesian_structure_witness
chapter8-unit-109-d001,chapter8-unit-109.tex,1,"Geometric 2-simplex: the shaded triangle spanned by the standard basis vectors e_0, e_1, and e_2, illustrating |\Delta^n| in the case n=2.",qa/DIAGRAM_SOURCE_INVENTORY.jsonl:706; source/en/chapter8-unit-109.tex:diagram 1; tikzpicture; mapped_indonesian_structure_witness
chapter8-unit-109-d002,chapter8-unit-109.tex,2,Category diagram: {|f|}: {|\Delta^m|} → {|\Delta^n|}; \sum_{i=0}^m y_i e_i → \sum_{i=0}^m y_i e_{f(i)}..,qa/DIAGRAM_SOURCE_INVENTORY.jsonl:707; source/en/chapter8-unit-109.tex:diagram 2; tikzcd; mapped_indonesian_structure_witness
chapter8-unit-109-d003,chapter8-unit-109.tex,3,"Orientation comparison for |\Delta^2|: its three faces are shown with the maps \mathrm{d}^0, \mathrm{d}^1, and \mathrm{d}^2 and their induced edge orientations.",qa/DIAGRAM_SOURCE_INVENTORY.jsonl:708; source/en/chapter8-unit-109.tex:diagram 3; tikzpicture; mapped_indonesian_structure_witness
chapter8-unit-109-d004,chapter8-unit-109.tex,4,Category diagram: \Delta^n → \Delta^m (f); \Delta^n → X (x); \Delta^m → X (y).,qa/DIAGRAM_SOURCE_INVENTORY.jsonl:709; source/en/chapter8-unit-109.tex:diagram 4; tikzcd; mapped_indonesian_structure_witness
chapter8-unit-109-d005,chapter8-unit-109.tex,5,Category diagram: {|\Delta^n|} → {|\Delta^m|} (|f|); {[n]} → {[m]}. (f); X_m → X_n (f^*).,qa/DIAGRAM_SOURCE_INVENTORY.jsonl:710; source/en/chapter8-unit-109.tex:diagram 5; tikzcd; mapped_indonesian_structure_witness
chapter8-unit-109-d006,chapter8-unit-109.tex,6,Geometric horn |\Lambda^3_0|: the boundary of a tetrahedron with the face opposite vertex 0 removed.,qa/DIAGRAM_SOURCE_INVENTORY.jsonl:711; source/en/chapter8-unit-109.tex:diagram 6; tikzpicture; mapped_indonesian_structure_witness
chapter8-unit-109-d007,chapter8-unit-109.tex,7,Geometric cone \Cone_{\mathrm{top}}(\mathcal{X}): a copy of \mathcal{X} forms the base and all points of the other end are collapsed to one apex.,qa/DIAGRAM_SOURCE_INVENTORY.jsonl:712; source/en/chapter8-unit-109.tex:diagram 7; tikzpicture; mapped_indonesian_structure_witness
chapter8-unit-109-d008,chapter8-unit-109.tex,8,"Commutative diagram with objects Hom_Top(|X|, E), Hom_sSet(X, Sing(E)), phi, [ X_n xrightarrowx maps to phi composed with i_n, x Hom_Top(|Delta^n|, E) ], direct limit_(n, x) (|Delta^n| xrightarrowpsi_n(x) E), psi = [ psi_n: X_n to Hom_Top(|Delta^n|, E) ]_n greater than or equal to 0. Arrows: Hom_Top(|X|, E) maps to Hom_sSet(X, Sing(E)), labeled 1:1; phi maps to [ X_n xrightarrowx maps to phi composed with i_n, x Hom_Top(|Delta^n|, E) ]; psi = [ psi_n: X_n to Hom_Top(|Delta^n|, E) ]_n greater than or equal to 0 maps to direct limit_(n, x) (|Delta^n| xrightarrowpsi_n(x) E).",qa/DIAGRAM_SOURCE_INVENTORY.jsonl:713; source/en/chapter8-unit-109.tex:diagram 8; tikzcd; mapped_indonesian_structure_witness
chapter8-unit-109-d009,chapter8-unit-109.tex,9,"Commutative diagram with objects sSet, CGHaus, Top. Arrows: sSet maps to CGHaus, labeled | dot |; CGHaus maps to Top, labeled inclusion functor; CGHaus maps to sSet, labeled Sing; Top maps to CGHaus, labeled k.",qa/DIAGRAM_SOURCE_INVENTORY.jsonl:714; source/en/chapter8-unit-109.tex:diagram 9; tikzcd; mapped_indonesian_structure_witness
chapter8-unit-109-d010,chapter8-unit-109.tex,10,Commutative diagram: X \times \Delta^0 → X \times \Delta^1 (\identity_X \times \mathrm{d}^0); X \times \Delta^0 → X (\sim); X → Y (f); X \times \Delta^1 → Y (H); X \times \Delta^0 → X \times \Delta^1 (\identity_X \times \mathrm{d}^1); X → Y (g).,qa/DIAGRAM_SOURCE_INVENTORY.jsonl:715; source/en/chapter8-unit-109.tex:diagram 10; tikzcd; mapped_indonesian_structure_witness
chapter8-unit-109-d011,chapter8-unit-109.tex,11,"Lattice-path model of a (p,q)-shuffle: a path from (0,0) to (p,q) using exactly p right steps and q upward steps.",qa/DIAGRAM_SOURCE_INVENTORY.jsonl:716; source/en/chapter8-unit-109.tex:diagram 11; tikzpicture; mapped_indonesian_structure_witness
chapter8-unit-109-d012,chapter8-unit-109.tex,12,"Triangulation of |\Delta^2|×|\Delta^1| into three tetrahedra, corresponding to the three (2,1)-shuffles.",qa/DIAGRAM_SOURCE_INVENTORY.jsonl:717; source/en/chapter8-unit-109.tex:diagram 12; tikzpicture; mapped_indonesian_structure_witness
chapter8-unit-110-d001,chapter8-unit-110.tex,1,Category diagram: \cate{Ch}_{\geq 0}(\mathcal{A}) → \cate{s}\mathcal{A} (\Gamma); \cate{s}\mathcal{A} → \cate{Ch}_{\geq 0}(\mathcal{A}) (\mathrm{N}); \cate{s}\mathcal{A} → \cate{Ch}_{\geq 0}(\mathcal{A}) (\mathrm{C}).,qa/DIAGRAM_SOURCE_INVENTORY.jsonl:718; source/en/chapter8-unit-110.tex:diagram 1; tikzcd; mapped_indonesian_structure_witness
chapter8-unit-110-d002,chapter8-unit-110.tex,2,Category diagram: {[n]} ↠ {[k]} (t); {[m]} → {[n]} (f); {[m]} ↠ {[l]} (u); {[l]} ↪ {[k]} (v).,qa/DIAGRAM_SOURCE_INVENTORY.jsonl:719; source/en/chapter8-unit-110.tex:diagram 2; tikzcd; mapped_indonesian_structure_witness
chapter8-unit-110-d003,chapter8-unit-110.tex,3,Commutative diagram: {[n]} ↠ {[k]} (t); {[n-1]} → {[n]} (\mathrm{d}^i); {[n-1]} ↠ {[k]} (t\mathrm{d}^i); {[k]} → {[k]} (\identity).,qa/DIAGRAM_SOURCE_INVENTORY.jsonl:720; source/en/chapter8-unit-110.tex:diagram 3; tikzcd; mapped_indonesian_structure_witness
chapter8-unit-110-d004,chapter8-unit-110.tex,4,Category diagram: \Gamma: \cate{Ch}_{\geq 0}(\mathcal{A}) → \cate{s}\mathcal{A} : \mathrm{N} .; \cate{s}\mathcal{A} : \mathrm{N} . → \Gamma: \cate{Ch}_{\geq 0}(\mathcal{A}).,qa/DIAGRAM_SOURCE_INVENTORY.jsonl:721; source/en/chapter8-unit-110.tex:diagram 4; tikzcd; mapped_indonesian_structure_witness
chapter8-unit-110-d005,chapter8-unit-110.tex,5,"Category diagram: A_k → (\mathrm{N}X)_k (\phi_k); A_k → A_l (\Phi_{u, t}); (\mathrm{N}X)_k ↪ X_k; (\mathrm{N}X)_k → (\mathrm{N}X)_l (v^*|_{(\mathrm{N}X)_k}); X_k → X_n (t^*); X_k → X_l (v^*); X_n → X_m. (f^*); A_l → (\mathrm{N}X)_l (\phi_l); and 2 other arrows.",qa/DIAGRAM_SOURCE_INVENTORY.jsonl:722; source/en/chapter8-unit-110.tex:diagram 5; tikzcd; mapped_indonesian_structure_witness
chapter8-unit-110-diagram-006,chapter8-unit-110.tex,6,"Dold-Kan equivalence between nonnegative chain complexes of abelian groups and simplicial abelian groups, with Gamma forward and the normalization functor N backward.",qa/DIAGRAM_SOURCE_INVENTORY.jsonl:723; source/en/chapter8-unit-110.tex:diagram 6; tikzcd; mapped_indonesian_structure_witness
chapter8-unit-111-diagram-001,chapter8-unit-111.tex,1,"Dold-Kan equivalence for an abelian category A: Gamma maps nonnegative chain complexes in A to simplicial objects in A, and normalization N maps back.",qa/DIAGRAM_SOURCE_INVENTORY.jsonl:724; source/en/chapter8-unit-111.tex:diagram 1; tikzcd; mapped_indonesian_structure_witness
chapter8-unit-111-d001,chapter8-unit-111.tex,2,Category diagram: \cate{Ch}_{\geq 0}(\mathcal{A}) → \cate{Ch}_{\geq 0}(\tilde{\mathcal{A}}^\wedge) (\tilde{h}_{\mathcal{A}}); \cate{Ch}_{\geq 0}(\mathcal{A}) → \cate{s}\mathcal{A} (\Gamma); \cate{s}\mathcal{A} → \cate{s}\tilde{\mathcal{A}}^\wedge. (\tilde{h}_{\mathcal{A}}); \cate{Ch}_{\geq 0}(\tild…,qa/DIAGRAM_SOURCE_INVENTORY.jsonl:725; source/en/chapter8-unit-111.tex:diagram 2; tikzcd; mapped_indonesian_structure_witness
chapter8-unit-111-d002,chapter8-unit-111.tex,3,"Commutative diagram with objects direct sum_0 less than or equal to i < n X_n-1, X_n, X_j. Arrows: direct sum_0 less than or equal to i < n X_n-1 maps to X_n, labeled Psi_n; X_j includes into direct sum_0 less than or equal to i < n X_n-1, labeled summand direct; X_j maps to X_n, labeled s_j.",qa/DIAGRAM_SOURCE_INVENTORY.jsonl:726; source/en/chapter8-unit-111.tex:diagram 3; tikzcd; mapped_indonesian_structure_witness
chapter8-unit-111-d003,chapter8-unit-111.tex,4,"Commutative diagram with objects (Gamma A)_n, (Gamma A)_n-1, A_n, A_n-1, (NGamma A)_n, (NGamma A)_n-1. Arrows: (Gamma A)_n maps to (Gamma A)_n-1, labeled sum_i (-1)^i d^Gamma A_i; (Gamma A)_n maps to A_n, labeled projection; (Gamma A)_n-1 maps to A_n-1, labeled projection; A_n maps to A_n-1, labeled boundary^A_n; A_n maps to (NGamma A)_n, labeled eta; A_n-1 maps to (NGamma A)_n-1, labeled eta; (NGamma A)_n maps to (NGamma A)_n-1, labeled boundary^NGamma A_n.",qa/DIAGRAM_SOURCE_INVENTORY.jsonl:727; source/en/chapter8-unit-111.tex:diagram 4; tikzcd; mapped_indonesian_structure_witness
chapter8-unit-112-diagram-001,chapter8-unit-112.tex,1,Free-forgetful adjunction between simplicial sets and simplicial abelian groups: Z(-) is the free abelian-group functor and the reverse arrow is the forgetful functor.,qa/DIAGRAM_SOURCE_INVENTORY.jsonl:728; source/en/chapter8-unit-112.tex:diagram 1; tikzcd; mapped_indonesian_structure_witness
chapter8-unit-113-d001,chapter8-unit-113.tex,1,Category diagram: F : \mathcal{C} → \mathcal{D}: G; \mathcal{D}: G → F : \mathcal{C}.,qa/DIAGRAM_SOURCE_INVENTORY.jsonl:729; source/en/chapter8-unit-113.tex:diagram 1; tikzcd; mapped_indonesian_structure_witness
chapter8-unit-113-d002,chapter8-unit-113.tex,2,"Extension-forgetful adjunction along A to B: tensoring with B over A maps A-modules to B-modules, and the opposing arrow forgets the B-module structure back to an A-module.",qa/DIAGRAM_SOURCE_INVENTORY.jsonl:730; source/en/chapter8-unit-113.tex:diagram 2; tikzcd; mapped_indonesian_structure_witness
chapter8-unit-113-d003,chapter8-unit-113.tex,3,"Commutative diagram with objects Free^T: C, C^T: U^T. Arrows: Free^T: C maps to C^T: U^T, labeled free; C^T: U^T maps to Free^T: C, labeled forgetful.",qa/DIAGRAM_SOURCE_INVENTORY.jsonl:731; source/en/chapter8-unit-113.tex:diagram 3; tikzcd; mapped_indonesian_structure_witness
chapter8-unit-113-d004,chapter8-unit-113.tex,4,"Visible part of the augmented bar diagram for a T-algebra (M,a): T^3(M) has the three face maps mu_T(M), T mu_M, and T^2(a) to T^2(M); T^2(M) has face maps mu_M and T(a) to T(M); and T(M) maps to M by a.",qa/DIAGRAM_SOURCE_INVENTORY.jsonl:732; source/en/chapter8-unit-113.tex:diagram 4; tikzcd; mapped_indonesian_structure_witness
chapter8-unit-114-d001,chapter8-unit-114.tex,1,Category diagram: F : \mathcal{C} → \mathcal{D}: G; \mathcal{D}: G → F : \mathcal{C}.,qa/DIAGRAM_SOURCE_INVENTORY.jsonl:733; source/en/chapter8-unit-114.tex:diagram 1; tikzcd; mapped_indonesian_structure_witness
chapter8-unit-114-d002,chapter8-unit-114.tex,2,Category diagram: T^{n+1} G → T^{n+2}G (k_n = \eta T^{n+1}G); T^{n+1} G → T^n G (d_{i-1} = \varphi); T^{n+2}G → T^{n+1} G (d_i = T\varphi); T^n G → T^{n+1} G (k_{n-1} = \eta T^n G).,qa/DIAGRAM_SOURCE_INVENTORY.jsonl:734; source/en/chapter8-unit-114.tex:diagram 2; tikzcd; mapped_indonesian_structure_witness
chapter8-unit-114-d003,chapter8-unit-114.tex,3,Category diagram: F : \mathcal{A} → \mathcal{B}: G; \mathcal{B}: G → F : \mathcal{A}.,qa/DIAGRAM_SOURCE_INVENTORY.jsonl:735; source/en/chapter8-unit-114.tex:diagram 3; tikzcd; mapped_indonesian_structure_witness
chapter8-unit-114-diagram-004,chapter8-unit-114.tex,4,"Paired functors F:A to B and G:B to A, shown by opposing arrows.",qa/DIAGRAM_SOURCE_INVENTORY.jsonl:736; source/en/chapter8-unit-114.tex:diagram 4; tikzcd; mapped_indonesian_structure_witness
chapter8-unit-114-d004,chapter8-unit-114.tex,5,Scalar-extension adjunction from k-modules to R-modules: R tensor (-) is the forward functor and restriction of scalars is the forgetful functor in the reverse direction.,qa/DIAGRAM_SOURCE_INVENTORY.jsonl:737; source/en/chapter8-unit-114.tex:diagram 5; tikzcd; mapped_indonesian_structure_witness
chapter8-unit-115-d001,chapter8-unit-115.tex,1,"Category diagram: (\tot X)_n → (\tot X)_{n-1} (\partial_n); X_{p,q} ↪ (\tot X)_n; X_{p,q} → X_{p-1, q} \oplus X_{p, q-1} . ((\phori_{p, q}, \; (-1)^p \pvert_{p, q})); X_{p-1, q} \oplus X_{p, q-1} . ↪ (\tot X)_{n-1}.",qa/DIAGRAM_SOURCE_INVENTORY.jsonl:738; source/en/chapter8-unit-115.tex:diagram 1; tikzcd; mapped_indonesian_structure_witness
chapter8-unit-116-d001,chapter8-unit-116.tex,1,Commutative diagram: \mathrm{C}A \otimes \mathrm{C}B → \mathrm{C}(A \otimes B) (\overline{\mathrm{EZ}}); \mathrm{C}A \otimes \mathrm{C}B ↠ \mathrm{N}A \otimes \mathrm{N}B; \mathrm{C}(A \otimes B) → \mathrm{C}A \otimes \mathrm{C}B (\overline{\mathrm{AW}}); \mathrm{C}(A \otimes B) ↠ \mathrm{N}(A \otime…,qa/DIAGRAM_SOURCE_INVENTORY.jsonl:739; source/en/chapter8-unit-116.tex:diagram 1; tikzcd; mapped_indonesian_structure_witness
chapter8-unit-116-diagram-002,chapter8-unit-116.tex,2,"Commutative diagram with objects Tot (C^2(X)), C(d(X)). Arrows: Tot (C^2(X)) maps to C(d(X)), labeled bar EZ; C(d(X)) maps to Tot (C^2(X)), labeled bar AW.",qa/DIAGRAM_SOURCE_INVENTORY.jsonl:740; source/en/chapter8-unit-116.tex:diagram 2; tikzcd; mapped_indonesian_structure_witness
chapter8-unit-116-d002,chapter8-unit-116.tex,3,"Exact-sequence diagram with objects 0, Tot(C^2(Gamma A')), Tot(C^2(Gamma A)), Tot(C^2(Gamma A'')), C(dGamma A'), C(dGamma A), C(dGamma A''). Arrows: 0 maps to Tot(C^2(Gamma A')); Tot(C^2(Gamma A')) maps to C(dGamma A'), labeled bar EZ; Tot(C^2(Gamma A')) maps to Tot(C^2(Gamma A)); Tot(C^2(Gamma A)) maps to C(dGamma A); Tot(C^2(Gamma A)) maps to Tot(C^2(Gamma A'')); Tot(C^2(Gamma A'')) maps to C(dGamma A''); Tot(C^2(Gamma A'')) maps to 0; 0 maps to C(dGamma A'); C(dGamma A') maps to Tot(C^2(Gamma A')), labeled bar AW; C(dGamma A') maps to C(dGamma A); C(dGamma A) maps to Tot(C^2(Gamma A)); C(dGamma A) maps to C(dGamma A''); C(dGamma A'') maps to Tot(C^2(Gamma A'')); C(dGamma A'') maps to 0.",qa/DIAGRAM_SOURCE_INVENTORY.jsonl:741; source/en/chapter8-unit-116.tex:diagram 3; tikzcd; mapped_indonesian_structure_witness
chapter8-unit-116-d003,chapter8-unit-116.tex,4,"Commutative diagram with objects N(ZDelta^p) tensor N(ZDelta^q), N(Z(Delta^p times Delta^q)). Arrows: N(ZDelta^p) tensor N(ZDelta^q) maps to N(Z(Delta^p times Delta^q)), labeled EZ; N(Z(Delta^p times Delta^q)) maps to N(ZDelta^p) tensor N(ZDelta^q), labeled AW.",qa/DIAGRAM_SOURCE_INVENTORY.jsonl:742; source/en/chapter8-unit-116.tex:diagram 4; tikzcd; mapped_indonesian_structure_witness
chapter8-unit-116-d004,chapter8-unit-116.tex,5,Commutative diagram: \Z \otimes \Z → \mathrm{N}(\Z\Delta^p) \otimes \mathrm{N}(\Z\Delta^q) (\mathrm{N}i \otimes \mathrm{N}i); \Z \otimes \Z → \Z (\sim); \Z → \mathrm{N}(\Z(\Delta^p \times \Delta^q)) (\mathrm{N}i); \Z → \Z \otimes \Z (\sim); \Z \otimes \Z → \mathrm{N}(\Z\Delta^p) \otimes \mathrm{N}(\Z…,qa/DIAGRAM_SOURCE_INVENTORY.jsonl:743; source/en/chapter8-unit-116.tex:diagram 5; tikzcd; mapped_indonesian_structure_witness
chapter8-unit-116-d005,chapter8-unit-116.tex,6,"Commutative diagram with objects CA tensor CB, C(A tensor B), NA tensor NB, N(A tensor B). Arrows: CA tensor CB maps to C(A tensor B), labeled bar EZ; C(A tensor B) maps to CA tensor CB, labeled bar AW; NA tensor NB maps to N(A tensor B), labeled EZ; N(A tensor B) maps to NA tensor NB, labeled AW.",qa/DIAGRAM_SOURCE_INVENTORY.jsonl:744; source/en/chapter8-unit-116.tex:diagram 6; tikzcd; mapped_indonesian_structure_witness
chapter8-unit-116-d006,chapter8-unit-116.tex,7,"Commutative diagram with objects unit object in degree zero, N(const(unit object)), C(const(unit object)). Arrows: unit object in degree zero maps to N(const(unit object)), labeled isomorphism; N(const(unit object)) maps to C(const(unit object)), labeled inclusion; C(const(unit object)) maps to N(const(unit object)), labeled quotient by the degenerate part.",qa/DIAGRAM_SOURCE_INVENTORY.jsonl:745; source/en/chapter8-unit-116.tex:diagram 7; tikzcd; mapped_indonesian_structure_witness
chapter8-unit-116-d007,chapter8-unit-116.tex,8,"Category diagram: (\mathrm{C}A)_p \otimes (\mathrm{C}B)_q → \mathrm{C}(A \otimes B)_{p+q} (\overline{\mathrm{EZ}}_{p, q}); (\mathrm{C}A)_p \otimes (\mathrm{C}B)_q → (\mathrm{C}B)_q \otimes (\mathrm{C}A)_p ((-1)^{pq} \mathrm{swap}); \mathrm{C}(A \otimes B)_{p+q} → \mathrm{C}(B \otimes A)_{q+p}. (\ma…",qa/DIAGRAM_SOURCE_INVENTORY.jsonl:746; source/en/chapter8-unit-116.tex:diagram 8; tikzcd; mapped_indonesian_structure_witness
chapter8-unit-117-d001,chapter8-unit-117.tex,1,"Category diagram: \Hom_{\cate{sSet}}\bigl(X,\iHom(Y,Z)\bigr) → \Hom_{\cate{sSet}}(X\times Y,Z). (1:1).",qa/DIAGRAM_SOURCE_INVENTORY.jsonl:747; source/en/chapter8-unit-117.tex:diagram 1; tikzcd; mapped_indonesian_structure_witness
chapter8-unit-117-d002,chapter8-unit-117.tex,2,"Commutative diagram: \Hom_{\cate{sSet}}\bigl(X,\iHom_{\cate{sSet}}(Y,Z)\bigr) → \Hom_{\cate{sSet}}(X\times Y,Z) (1:1); \Hom_{\cate{sAb}}\bigl(X,\iHom_{\cate{sAb}}(Y,Z)\bigr) → \Hom_{\cate{sAb}}(X\otimes Y,Z) (1:1); \Hom_{\cate{sAb}}(X\otimes Y,Z) ↪ \Hom_{\cate{sSet}}(X\times Y,Z).",qa/DIAGRAM_SOURCE_INVENTORY.jsonl:748; source/en/chapter8-unit-117.tex:diagram 2; tikzcd; mapped_indonesian_structure_witness
chapter8-unit-117-d003,chapter8-unit-117.tex,3,"Category diagram: \mathrm{N}\iHom_{\cate{sAb}}(X,Y) → \Hom^\bullet(\mathrm{N}X,\mathrm{N}Y).; \Hom^\bullet(\mathrm{N}X,\mathrm{N}Y). → \mathrm{N}\iHom_{\cate{sAb}}(X,Y).",qa/DIAGRAM_SOURCE_INVENTORY.jsonl:749; source/en/chapter8-unit-117.tex:diagram 3; tikzcd; mapped_indonesian_structure_witness
chapter8-unit-118-d001,chapter8-unit-118.tex,1,Topological mapping cylinder \Cyl_{\mathrm{top}}(F): the end \mathcal{X}×{1} of a cylinder is attached to \mathcal{Y} by F.,qa/DIAGRAM_SOURCE_INVENTORY.jsonl:750; source/en/chapter8-unit-118.tex:diagram 1; tikzpicture; mapped_indonesian_structure_witness
chapter8-unit-118-d002,chapter8-unit-118.tex,2,"Topological mapping cone \Cone_{\mathrm{top}}(F): after attachment to \mathcal{Y}, the remaining end \mathcal{X}×{0} is collapsed to an apex.",qa/DIAGRAM_SOURCE_INVENTORY.jsonl:751; source/en/chapter8-unit-118.tex:diagram 2; tikzpicture; mapped_indonesian_structure_witness
chapter8-unit-118-d003,chapter8-unit-118.tex,3,Category diagram: {|\cdot|}: \cate{sSet} → \cate{Top}: \mathrm{Sing}; \cate{Top}: \mathrm{Sing} → {|\cdot|}: \cate{sSet}.,qa/DIAGRAM_SOURCE_INVENTORY.jsonl:752; source/en/chapter8-unit-118.tex:diagram 3; tikzcd; mapped_indonesian_structure_witness
chapter8-unit-118-d004,chapter8-unit-118.tex,4,Category diagram: node 1-1 → \{\mathrm{pt}\} \times X_{n-2} (\identity \times d_{i-1}); |[alias=C]| X_n → |[alias=B]| X_{n-1} (d_i).,qa/DIAGRAM_SOURCE_INVENTORY.jsonl:753; source/en/chapter8-unit-118.tex:diagram 4; tikzcd; mapped_indonesian_structure_witness
chapter8-unit-118-d005,chapter8-unit-118.tex,5,Category diagram: node 1-1 → |[alias=B]| X_{n-1} (\mathrm{pr}_2); |[alias=C]| X_n → |[alias=B]| X_{n-1} (d_0).,qa/DIAGRAM_SOURCE_INVENTORY.jsonl:754; source/en/chapter8-unit-118.tex:diagram 5; tikzcd; mapped_indonesian_structure_witness
chapter8-unit-118-d006,chapter8-unit-118.tex,6,Category diagram with a square marked \Box: \mathcal{X} → \mathcal{Y} (F); \mathcal{X} → \Cone_{\mathrm{top}}(\mathcal{X}) (\text{dasar}); \Cone_{\mathrm{top}}(\mathcal{X}) → \Cone_{\mathrm{top}}(F); \mathcal{Y} → \Cone_{\mathrm{top}}(F); one square is marked \Box.,qa/DIAGRAM_SOURCE_INVENTORY.jsonl:755; source/en/chapter8-unit-118.tex:diagram 6; tikzcd; mapped_indonesian_structure_witness
chapter8-unit-118-d007,chapter8-unit-118.tex,7,"Commutative diagram with objects X, X^lhd, Y, Cone_s(f). Arrows: X maps to Y, labeled f; X maps to X^lhd, labeled canonical; X^lhd maps to Cone_s(f); Y maps to Cone_s(f); Cone_s(f) maps to X, labeled boxplus.",qa/DIAGRAM_SOURCE_INVENTORY.jsonl:756; source/en/chapter8-unit-118.tex:diagram 7; tikzcd; mapped_indonesian_structure_witness
chapter8-unit-118-d008,chapter8-unit-118.tex,8,Category diagram with a square marked \Box: \mathrm{N}X → \mathrm{N}Y (\mathrm{N}f); \mathrm{N}X → \mathrm{N}X^{\lhd}; \mathrm{N}X^{\lhd} → \mathrm{N}\Cone_{\mathrm{s}}(f); \mathrm{N}Y → \mathrm{N}\Cone_{\mathrm{s}}(f); one square is marked \Box.,qa/DIAGRAM_SOURCE_INVENTORY.jsonl:757; source/en/chapter8-unit-118.tex:diagram 8; tikzcd; mapped_indonesian_structure_witness
chapter8-unit-118-d009,chapter8-unit-118.tex,9,First object in the cofiber-sequence picture: the space \mathcal{X}.,qa/DIAGRAM_SOURCE_INVENTORY.jsonl:758; source/en/chapter8-unit-118.tex:diagram 9; tikzpicture; mapped_indonesian_structure_witness
chapter8-unit-118-d010,chapter8-unit-118.tex,10,"Second object in the cofiber-sequence picture: \mathcal{Y}, reached from \mathcal{X} by F.",qa/DIAGRAM_SOURCE_INVENTORY.jsonl:759; source/en/chapter8-unit-118.tex:diagram 10; tikzpicture; mapped_indonesian_structure_witness
chapter8-unit-118-d011,chapter8-unit-118.tex,11,"Third object in the cofiber-sequence picture: \Cone_{\mathrm{top}}(F), containing \mathcal{Y} by the indicated inclusion.",qa/DIAGRAM_SOURCE_INVENTORY.jsonl:760; source/en/chapter8-unit-118.tex:diagram 11; tikzpicture; mapped_indonesian_structure_witness
chapter8-unit-118-d012,chapter8-unit-118.tex,12,"Fourth object in the cofiber-sequence picture: the suspension S\mathcal{X}, obtained by collapsing the \mathcal{Y} base of \Cone_{\mathrm{top}}(F).",qa/DIAGRAM_SOURCE_INVENTORY.jsonl:761; source/en/chapter8-unit-118.tex:diagram 12; tikzpicture; mapped_indonesian_structure_witness
chapter8-unit-119-d001,chapter8-unit-119.tex,1,"Commutative diagram with objects Delta^n-2, Delta^n-1, disjoint union_0 less than or equal to i' < j' less than or equal to n Delta^n-2, disjoint union_i' = 0^n Delta^n-1, boundary Delta^n. Arrows: Delta^n-2 maps to disjoint union_0 less than or equal to i' < j' less than or equal to n Delta^n-2, labeled iota_i < j; Delta^n-2 maps to Delta^n-1, labeled d^j-1; Delta^n-1 maps to disjoint union_i' = 0^n Delta^n-1, labeled iota_i; Delta^n-1 maps to boundary Delta^n, labeled d^i; disjoint union_0 less than or equal to i' < j' less than or equal to n Delta^n-2 maps to disjoint union_i' = 0^n Delta^n-1; disjoint union_i' = 0^n Delta^n-1 maps to boundary Delta^n; Delta^n-2 maps to Delta^n-1, labeled d^i; Delta^n-1 maps to disjoint union_i' = 0^n Delta^n-1, labeled iota_j; Delta^n-1 maps to boundary Delta^n, labeled d^j.",qa/DIAGRAM_SOURCE_INVENTORY.jsonl:762; source/en/chapter8-unit-119.tex:diagram 1; tikzcd; mapped_indonesian_structure_witness
chapter8-unit-119-d002,chapter8-unit-119.tex,2,Coequalizer presentation of the simplicial horn Lambda^n_k. Two face maps run from the disjoint union of Delta^(n-2) over pairs i'<j' excluding k to the disjoint union of Delta^(n-1) over indices excluding k; their coequalizer maps to Lambda^n_k. The upper and lower triangles commute by the coface maps d^i and d^j.,qa/DIAGRAM_SOURCE_INVENTORY.jsonl:763; source/en/chapter8-unit-119.tex:diagram 2; tikzcd; mapped_indonesian_structure_witness
chapter8-unit-119-d003,chapter8-unit-119.tex,3,Category diagram: \mathrm{F}: \cate{Set} → \cated{Set}\Gamma : U; \cated{Set}\Gamma : U → \mathrm{F}: \cate{Set}.,qa/DIAGRAM_SOURCE_INVENTORY.jsonl:764; source/en/chapter8-unit-119.tex:diagram 3; tikzcd; mapped_indonesian_structure_witness
chapter8-unit-120-d001,chapter8-unit-120.tex,1,Category diagram: L\mathcal{M} → L^2 \mathcal{M} (Lf); L\mathcal{M} → \mathcal{M} (\epsilon_{\mathcal{M}}); L^2 \mathcal{M} → L\mathcal{M} (\epsilon_{L\mathcal{M}}); \mathcal{M} → L\mathcal{M} (f).,qa/DIAGRAM_SOURCE_INVENTORY.jsonl:765; source/en/chapter8-unit-120.tex:diagram 1; tikzcd; mapped_indonesian_structure_witness
chapter8-unit-120-diagram-002,chapter8-unit-120.tex,2,"Paired functors F:C to D and G:D to C, shown by opposing arrows.",qa/DIAGRAM_SOURCE_INVENTORY.jsonl:766; source/en/chapter8-unit-120.tex:diagram 2; tikzcd; mapped_indonesian_structure_witness
chapter8-unit-120-d002,chapter8-unit-120.tex,3,"Adjoint triple for a ring map S to R. Extension of scalars R tensor_S (-) is left adjoint to restriction from R-modules to S-modules, and restriction is left adjoint to Hom_S(R,-).",qa/DIAGRAM_SOURCE_INVENTORY.jsonl:767; source/en/chapter8-unit-120.tex:diagram 3; tikzcd; mapped_indonesian_structure_witness
chapter8-unit-120-diagram-004,chapter8-unit-120.tex,4,"Paired functors F:C to D and G:D to C, shown by opposing arrows.",qa/DIAGRAM_SOURCE_INVENTORY.jsonl:768; source/en/chapter8-unit-120.tex:diagram 4; tikzcd; mapped_indonesian_structure_witness
chapter8-unit-120-d003,chapter8-unit-120.tex,5,"Extension-restriction adjunction for a ring map S to R: tensoring with R over S maps S-modules to R-modules, and restriction of scalars maps back.",qa/DIAGRAM_SOURCE_INVENTORY.jsonl:769; source/en/chapter8-unit-120.tex:diagram 5; tikzcd; mapped_indonesian_structure_witness
chapter9-unit-121-d001,chapter9-unit-121.tex,1,"Commutative diagram with objects FL tensor FR, unit object_D, FR tensor FL, F(L tensor R), F(unit object_C), F(R tensor L). Arrows: FL tensor FR maps to unit object_D; unit object_D maps to FR tensor FL; F(L tensor R) maps to F(unit object_C), labeled Fev; F(L tensor R) maps to FL tensor FR, labeled isomorphism; F(unit object_C) maps to unit object_D, labeled isomorphism; F(unit object_C) maps to F(R tensor L), labeled Fcoev; F(R tensor L) maps to FR tensor FL, labeled isomorphism.",qa/DIAGRAM_SOURCE_INVENTORY.jsonl:770; source/en/chapter9-unit-121.tex:diagram 1; tikzcd; mapped_indonesian_structure_witness
chapter9-unit-121-d002,chapter9-unit-121.tex,2,Commutative diagram: X_1^* → X_2^* (\alpha); X_1^* → X_2^* \otimes X \otimes X_1^* (\mathrm{coev}_2 \otimes \identity); X_2^* \otimes X \otimes X_1^* → X_2^* \otimes X \otimes X_2^* (\identity \otimes \alpha); X_2^* \otimes X \otimes X_1^* → X_2^* (\identity \otimes \mathrm{ev}_1); X_2^* → X_2^* \oti…,qa/DIAGRAM_SOURCE_INVENTORY.jsonl:771; source/en/chapter9-unit-121.tex:diagram 2; tikzcd; mapped_indonesian_structure_witness
chapter9-unit-121-d003,chapter9-unit-121.tex,3,Commutative diagram: X \otimes X_1^* → X \otimes X_1^* (\identity); X \otimes X_1^* → X \otimes X_2^* \otimes X \otimes X_1^* (\identity \otimes \mathrm{coev}_2 \otimes…); X \otimes X_2^* \otimes X \otimes X_1^* → X \otimes X_1^* (\mathrm{ev}_2 \otimes \identity); X \otimes X_2^* \otimes X \otimes X_…,qa/DIAGRAM_SOURCE_INVENTORY.jsonl:772; source/en/chapter9-unit-121.tex:diagram 3; tikzcd; mapped_indonesian_structure_witness
chapter9-unit-121-d004,chapter9-unit-121.tex,4,Commutative diagram: \munit → X_1^* \otimes X (\mathrm{coev}_1); \munit → X_2^* \otimes X (\mathrm{coev}_2); X_1^* \otimes X → X_2^* \otimes X \otimes X_1^* \otimes X (\mathrm{coev}_2 \otimes \identity); X_2^* \otimes X → X_2^* \otimes X \otimes X_1^* \otimes X (\identity \otimes \mathrm{coev}_1); X_…,qa/DIAGRAM_SOURCE_INVENTORY.jsonl:773; source/en/chapter9-unit-121.tex:diagram 4; tikzcd; mapped_indonesian_structure_witness
chapter9-unit-121-d005,chapter9-unit-121.tex,5,Category diagram: X_1^* → X_2^* \otimes X \otimes X_1^* (\mathrm{coev}_2 \otimes \identity); X_1^* → X_1^* \otimes X \otimes X_1^* (\mathrm{coev}_1 \otimes \identity); X_1^* \otimes X \otimes X_1^* → X_1^* \otimes X \otimes X_2^* \otimes X \otimes X_1^* (\identity \otimes \identity \otimes \mathr…)…,qa/DIAGRAM_SOURCE_INVENTORY.jsonl:774; source/en/chapter9-unit-121.tex:diagram 5; tikzcd; mapped_indonesian_structure_witness
chapter9-unit-121-diagram-006,chapter9-unit-121.tex,6,Small right-angle path icon: an arrow descends vertically to a corner and then continues horizontally to the right.,qa/DIAGRAM_SOURCE_INVENTORY.jsonl:775; source/en/chapter9-unit-121.tex:diagram 6; tikzpicture; mapped_indonesian_structure_witness
chapter9-unit-121-diagram-007,chapter9-unit-121.tex,7,"Small bent path icon: an arrow runs right, bends diagonally downward, and then continues vertically downward.",qa/DIAGRAM_SOURCE_INVENTORY.jsonl:776; source/en/chapter9-unit-121.tex:diagram 7; tikzpicture; mapped_indonesian_structure_witness
chapter9-unit-121-d006,chapter9-unit-121.tex,8,"Basic string-diagram conventions: vertical strands represent \identity_X and labeled arrows represent f:X→Y, g:Y→Z, and their vertical composite gf.",qa/DIAGRAM_SOURCE_INVENTORY.jsonl:777; source/en/chapter9-unit-121.tex:diagram 8; tikzpicture; mapped_indonesian_structure_witness
chapter9-unit-121-d007,chapter9-unit-121.tex,9,Tensor-product string diagram for f\otimes g: the strands X→Y labeled f and Y→Z labeled g are placed side by side.,qa/DIAGRAM_SOURCE_INVENTORY.jsonl:778; source/en/chapter9-unit-121.tex:diagram 9; tikzpicture; mapped_indonesian_structure_witness
chapter9-unit-121-d008,chapter9-unit-121.tex,10,Cup and cap string diagrams for right duality: evaluation \mathrm{ev}:X\otimes X^*→\munit and coevaluation \mathrm{coev}:\munit→X^*\otimes X.,qa/DIAGRAM_SOURCE_INVENTORY.jsonl:779; source/en/chapter9-unit-121.tex:diagram 10; tikzpicture; mapped_indonesian_structure_witness
chapter9-unit-121-d009,chapter9-unit-121.tex,11,Left-dual Zorro composite: a coevaluation cup and evaluation cap on the left of the X strand straighten to \identity_X.,qa/DIAGRAM_SOURCE_INVENTORY.jsonl:780; source/en/chapter9-unit-121.tex:diagram 11; tikzpicture; mapped_indonesian_structure_witness
chapter9-unit-121-d010,chapter9-unit-121.tex,12,Straight X strand representing the identity morphism \identity_X in the middle of the Zorro identity.,qa/DIAGRAM_SOURCE_INVENTORY.jsonl:781; source/en/chapter9-unit-121.tex:diagram 12; tikzpicture; mapped_indonesian_structure_witness
chapter9-unit-121-d011,chapter9-unit-121.tex,13,Right-dual Zorro composite: an evaluation cap and coevaluation cup on the right of the X strand straighten to \identity_X.,qa/DIAGRAM_SOURCE_INVENTORY.jsonl:782; source/en/chapter9-unit-121.tex:diagram 13; tikzpicture; mapped_indonesian_structure_witness
chapter9-unit-121-d012,chapter9-unit-121.tex,14,"Commutative diagram with objects ^* Y. Arrows: ^* Y maps to the position at row 1, column 4, labeled ev_Y; ^* Y maps to the position at row 1, column 2, labeled ev_X.",qa/DIAGRAM_SOURCE_INVENTORY.jsonl:783; source/en/chapter9-unit-121.tex:diagram 14; tikzcd; mapped_indonesian_structure_witness
chapter9-unit-121-d013,chapter9-unit-121.tex,15,"Commutative diagram with objects X. Arrows: X maps to the position at row 1, column 4, labeled coev_X; X maps to the position at row 1, column 2, labeled coev_Y.",qa/DIAGRAM_SOURCE_INVENTORY.jsonl:784; source/en/chapter9-unit-121.tex:diagram 15; tikzcd; mapped_indonesian_structure_witness
chapter9-unit-121-d014,chapter9-unit-121.tex,16,"Commutative diagram with objects X. Arrows: X maps to the position at row 1, column 4, labeled ev_X; X maps to the position at row 1, column 2, labeled ev_Y.",qa/DIAGRAM_SOURCE_INVENTORY.jsonl:785; source/en/chapter9-unit-121.tex:diagram 16; tikzcd; mapped_indonesian_structure_witness
chapter9-unit-121-d015,chapter9-unit-121.tex,17,"Commutative diagram with objects X^*. Arrows: X^* maps to the position at row 1, column 4, labeled coev_X; X^* maps to the position at row 1, column 2, labeled coev_Y.",qa/DIAGRAM_SOURCE_INVENTORY.jsonl:786; source/en/chapter9-unit-121.tex:diagram 17; tikzcd; mapped_indonesian_structure_witness
chapter9-unit-121-d016,chapter9-unit-121.tex,18,"Commutative diagram with objects ^* Y. Arrows: ^* Y maps to the position at row 1, column 4; ^* Y maps to the position at row 1, column 2.",qa/DIAGRAM_SOURCE_INVENTORY.jsonl:787; source/en/chapter9-unit-121.tex:diagram 18; tikzcd; mapped_indonesian_structure_witness
chapter9-unit-121-d017,chapter9-unit-121.tex,19,Category diagram: {}^* Y \& {}^* X → {}^* Y \& {}^* X.,qa/DIAGRAM_SOURCE_INVENTORY.jsonl:788; source/en/chapter9-unit-121.tex:diagram 19; tikzcd; mapped_indonesian_structure_witness
chapter9-unit-121-d018,chapter9-unit-121.tex,20,"Commutative diagram with objects X. Arrows: X maps to the position at row 1, column 4; X maps to the position at row 1, column 2.",qa/DIAGRAM_SOURCE_INVENTORY.jsonl:789; source/en/chapter9-unit-121.tex:diagram 20; tikzcd; mapped_indonesian_structure_witness
chapter9-unit-121-d019,chapter9-unit-121.tex,21,Category diagram: X \& Y → X \& Y.,qa/DIAGRAM_SOURCE_INVENTORY.jsonl:790; source/en/chapter9-unit-121.tex:diagram 21; tikzcd; mapped_indonesian_structure_witness
chapter9-unit-121-d020,chapter9-unit-121.tex,22,String diagram defining the left dual morphism {}^*f:{}^*Y→{}^*X as (\mathrm{ev}_Y\otimes\identity)(\identity\otimes f\otimes\identity)(\identity\otimes\mathrm{coev}_X).,qa/DIAGRAM_SOURCE_INVENTORY.jsonl:791; source/en/chapter9-unit-121.tex:diagram 22; tikzpicture; mapped_indonesian_structure_witness
chapter9-unit-121-d021,chapter9-unit-121.tex,23,String diagram defining the right dual morphism f^*:Y^*→X^* as (\identity\otimes\mathrm{ev}_Y)(\identity\otimes f\otimes\identity)(\mathrm{coev}_X\otimes\identity).,qa/DIAGRAM_SOURCE_INVENTORY.jsonl:792; source/en/chapter9-unit-121.tex:diagram 23; tikzpicture; mapped_indonesian_structure_witness
chapter9-unit-122-d001,chapter9-unit-122.tex,1,"Left-dual coevaluation identity, left side: a cup with f on the Y leg and outputs Y and {}^*X.",qa/DIAGRAM_SOURCE_INVENTORY.jsonl:793; source/en/chapter9-unit-122.tex:diagram 1; tikzpicture; mapped_indonesian_structure_witness
chapter9-unit-122-d002,chapter9-unit-122.tex,2,"Left-dual coevaluation identity, right side: the same cup with {}^*f moved to the {}^*X leg.",qa/DIAGRAM_SOURCE_INVENTORY.jsonl:794; source/en/chapter9-unit-122.tex:diagram 2; tikzpicture; mapped_indonesian_structure_witness
chapter9-unit-122-d003,chapter9-unit-122.tex,3,"Right-dual coevaluation identity, left side: a cup with f^* on the X^* leg and outputs X^* and Y.",qa/DIAGRAM_SOURCE_INVENTORY.jsonl:795; source/en/chapter9-unit-122.tex:diagram 3; tikzpicture; mapped_indonesian_structure_witness
chapter9-unit-122-d004,chapter9-unit-122.tex,4,"Right-dual coevaluation identity, right side: the same cup with f moved to the Y leg.",qa/DIAGRAM_SOURCE_INVENTORY.jsonl:796; source/en/chapter9-unit-122.tex:diagram 4; tikzpicture; mapped_indonesian_structure_witness
chapter9-unit-122-d005,chapter9-unit-122.tex,5,"Right-dual evaluation identity, left side: a cap with f on the X leg and inputs X and Y^*.",qa/DIAGRAM_SOURCE_INVENTORY.jsonl:797; source/en/chapter9-unit-122.tex:diagram 5; tikzpicture; mapped_indonesian_structure_witness
chapter9-unit-122-d006,chapter9-unit-122.tex,6,"Right-dual evaluation identity, right side: the same cap with f^* moved to the Y^* leg.",qa/DIAGRAM_SOURCE_INVENTORY.jsonl:798; source/en/chapter9-unit-122.tex:diagram 6; tikzpicture; mapped_indonesian_structure_witness
chapter9-unit-122-d007,chapter9-unit-122.tex,7,"Left-dual evaluation identity, left side: a cap with {}^*f on the {}^*Y leg and inputs {}^*Y and X.",qa/DIAGRAM_SOURCE_INVENTORY.jsonl:799; source/en/chapter9-unit-122.tex:diagram 7; tikzpicture; mapped_indonesian_structure_witness
chapter9-unit-122-d008,chapter9-unit-122.tex,8,"Left-dual evaluation identity, right side: the same cap with f moved to the X leg.",qa/DIAGRAM_SOURCE_INVENTORY.jsonl:800; source/en/chapter9-unit-122.tex:diagram 8; tikzpicture; mapped_indonesian_structure_witness
chapter9-unit-122-d009,chapter9-unit-122.tex,9,Category diagram: \munit → F(\munit) (\sim); \munit → G(\munit) (\sim); F(\munit) → G(\munit) (\varphi_{\munit}); F(\munit) → F(X \otimes {}^* X) (F\mathrm{coev}); F(X \otimes {}^* X) → F(X) \otimes F({}^* X) (\sim); F(X \otimes {}^* X) → G(X \otimes {}^* X) (\varphi_{X \otimes {}^* X}); F(X) \otim…,qa/DIAGRAM_SOURCE_INVENTORY.jsonl:801; source/en/chapter9-unit-122.tex:diagram 9; tikzcd; mapped_indonesian_structure_witness
chapter9-unit-122-d010,chapter9-unit-122.tex,10,Category diagram: F({}^* X) \otimes F(X) → F({}^* X \otimes X) (\sim); F({}^* X) \otimes F(X) → G({}^* X) \otimes G(X) (\varphi_{{}^* X} \otimes \varphi_X); F({}^* X \otimes X) → F(\munit) (F\mathrm{ev}); F({}^* X \otimes X) → G({}^* X \otimes X) (\varphi_{{}^* X \otimes X}); F(\munit) → \munit (\s…,qa/DIAGRAM_SOURCE_INVENTORY.jsonl:802; source/en/chapter9-unit-122.tex:diagram 10; tikzcd; mapped_indonesian_structure_witness
chapter9-unit-122-d011,chapter9-unit-122.tex,11,"String-diagram composite \varphi_X(\varphi_{{}^*X})^*:G(X)→G(X), built from F-coevaluation, \varphi_{{}^*X}, G-evaluation, and \varphi_X.",qa/DIAGRAM_SOURCE_INVENTORY.jsonl:803; source/en/chapter9-unit-122.tex:diagram 11; tikzpicture; mapped_indonesian_structure_witness
chapter9-unit-122-d012,chapter9-unit-122.tex,12,"The preceding composite reduces by naturality to the G-coevaluation/evaluation Zorro diagram, hence to \identity_{G(X)}.",qa/DIAGRAM_SOURCE_INVENTORY.jsonl:804; source/en/chapter9-unit-122.tex:diagram 12; tikzpicture; mapped_indonesian_structure_witness
chapter9-unit-122-d013,chapter9-unit-122.tex,13,"String-diagram composite (\varphi_{{}^*X})^*\varphi_X:F(X)→F(X), built from F-coevaluation, \varphi_{{}^*X}, G-evaluation, and \varphi_X.",qa/DIAGRAM_SOURCE_INVENTORY.jsonl:805; source/en/chapter9-unit-122.tex:diagram 13; tikzpicture; mapped_indonesian_structure_witness
chapter9-unit-122-d014,chapter9-unit-122.tex,14,"The preceding composite reduces by naturality to the F-coevaluation/evaluation Zorro diagram, hence to \identity_{F(X)}.",qa/DIAGRAM_SOURCE_INVENTORY.jsonl:806; source/en/chapter9-unit-122.tex:diagram 14; tikzpicture; mapped_indonesian_structure_witness
chapter9-unit-122-d015,chapter9-unit-122.tex,15,"Input f:X→Y for the left-dual bijection \Hom(X,Y)≅\Hom(\munit,Y\otimes{}^*X).",qa/DIAGRAM_SOURCE_INVENTORY.jsonl:807; source/en/chapter9-unit-122.tex:diagram 15; tikzpicture; mapped_indonesian_structure_witness
chapter9-unit-122-d016,chapter9-unit-122.tex,16,"Image of f under the left-dual bijection: create X\otimes{}^*X by \mathrm{coev}_X, then apply f to the X strand, producing Y\otimes{}^*X.",qa/DIAGRAM_SOURCE_INVENTORY.jsonl:808; source/en/chapter9-unit-122.tex:diagram 16; tikzpicture; mapped_indonesian_structure_witness
chapter9-unit-122-d017,chapter9-unit-122.tex,17,"Inverse left-dual construction: from \varphi:\munit→Y\otimes{}^*X, tensor with X and evaluate {}^*X\otimes X to recover f:X→Y.",qa/DIAGRAM_SOURCE_INVENTORY.jsonl:809; source/en/chapter9-unit-122.tex:diagram 17; tikzpicture; mapped_indonesian_structure_witness
chapter9-unit-122-d018,chapter9-unit-122.tex,18,Input \varphi:\munit→Y\otimes{}^*X for the inverse left-dual bijection.,qa/DIAGRAM_SOURCE_INVENTORY.jsonl:810; source/en/chapter9-unit-122.tex:diagram 18; tikzpicture; mapped_indonesian_structure_witness
chapter9-unit-122-d019,chapter9-unit-122.tex,19,"Input f:X→Y for the right-dual bijection \Hom(X,Y)≅\Hom(\munit,X^*\otimes Y).",qa/DIAGRAM_SOURCE_INVENTORY.jsonl:811; source/en/chapter9-unit-122.tex:diagram 19; tikzpicture; mapped_indonesian_structure_witness
chapter9-unit-122-d020,chapter9-unit-122.tex,20,"Image of f under the right-dual bijection: create X^*\otimes X by \mathrm{coev}_X, then apply f to the X strand, producing X^*\otimes Y.",qa/DIAGRAM_SOURCE_INVENTORY.jsonl:812; source/en/chapter9-unit-122.tex:diagram 20; tikzpicture; mapped_indonesian_structure_witness
chapter9-unit-122-d021,chapter9-unit-122.tex,21,"Inverse right-dual construction: from \varphi:\munit→X^*\otimes Y, tensor with X and evaluate X\otimes X^* to recover f:X→Y.",qa/DIAGRAM_SOURCE_INVENTORY.jsonl:813; source/en/chapter9-unit-122.tex:diagram 21; tikzpicture; mapped_indonesian_structure_witness
chapter9-unit-122-d022,chapter9-unit-122.tex,22,Input \varphi:\munit→X^*\otimes Y for the inverse right-dual bijection.,qa/DIAGRAM_SOURCE_INVENTORY.jsonl:814; source/en/chapter9-unit-122.tex:diagram 22; tikzpicture; mapped_indonesian_structure_witness
chapter9-unit-122-d023,chapter9-unit-122.tex,23,"Category diagram: \Hom_{\mathcal{C}}\left( W \otimes X, Y \right) → \Hom_{\mathcal{C}}(W, Y \otimes {}^* X) (1:1); f → (f \otimes \identity_{{}^* X}) (\identity_W \otimes \mathrm{coev}_X).",qa/DIAGRAM_SOURCE_INVENTORY.jsonl:815; source/en/chapter9-unit-122.tex:diagram 23; tikzcd; mapped_indonesian_structure_witness
chapter9-unit-122-d024,chapter9-unit-122.tex,24,"Category diagram: \Hom_{\mathcal{C}}\left( X \otimes W, Y \right) → \Hom_{\mathcal{C}}(W, X^* \otimes Y) (1:1); f → (\identity_{X^*} \otimes f) (\mathrm{coev}_X \otimes \identity_W)..",qa/DIAGRAM_SOURCE_INVENTORY.jsonl:816; source/en/chapter9-unit-122.tex:diagram 24; tikzcd; mapped_indonesian_structure_witness
chapter9-unit-123-d001,chapter9-unit-123.tex,1,"Commutative diagram: X \otimes \munit → \munit \otimes X (c(X, \munit)); X \otimes \munit → X \otimes X^* \otimes X (\identity \otimes \mathrm{coev}); X \otimes X^* \otimes X → X^* \otimes X \otimes X (c(X, X^* \otimes X)); X \otimes X^* \otimes X → \munit \otimes X (\mathrm{ev} \otimes \identity); \…",qa/DIAGRAM_SOURCE_INVENTORY.jsonl:817; source/en/chapter9-unit-123.tex:diagram 1; tikzcd; mapped_indonesian_structure_witness
chapter9-unit-123-d002,chapter9-unit-123.tex,2,"Category diagram: \Hom_R(R, M^* \dotimes{R} M') → \Hom_R(M, M') (\sim); \Hom_R(R, M^* \dotimes{R} M') → M^* \dotimes{R} M' (\sim); \varphi → (\mathrm{ev}_M \otimes \identity_{M'}) (\identity_M \otimes \varphi); \varphi → \varphi(1)..",qa/DIAGRAM_SOURCE_INVENTORY.jsonl:818; source/en/chapter9-unit-123.tex:diagram 2; tikzcd; mapped_indonesian_structure_witness
chapter9-unit-123-d003,chapter9-unit-123.tex,3,Category diagram: M → M \dotimes{R} R (\sim); M \dotimes{R} R → M \dotimes{R} M^* (\identity_M \otimes \lambda); M \dotimes{R} M^* → R (\mathrm{ev}_M); m → m \otimes 1; m \otimes 1 → m \otimes \lambda; m \otimes \lambda → \mathrm{ev}_M(m \otimes \lambda)..,qa/DIAGRAM_SOURCE_INVENTORY.jsonl:819; source/en/chapter9-unit-123.tex:diagram 3; tikzcd; mapped_indonesian_structure_witness
chapter9-unit-123-d004,chapter9-unit-123.tex,4,Commutative diagram: 0 → U; U → \munit (\iota); \munit → V; V → 0; 0 → U \otimes U; U \otimes U ↪ U (\iota \otimes \identity); U \otimes U → U (\identity \otimes \iota); U ↪ \munit (\iota); and 4 other arrows.,qa/DIAGRAM_SOURCE_INVENTORY.jsonl:820; source/en/chapter9-unit-123.tex:diagram 4; tikzcd; mapped_indonesian_structure_witness
chapter9-unit-123-d005,chapter9-unit-123.tex,5,"String diagram for the left trace of f:X→X: create X\otimes X^* with \mathrm{coev}'_X, apply f to X, and close with \mathrm{ev}_X.",qa/DIAGRAM_SOURCE_INVENTORY.jsonl:821; source/en/chapter9-unit-123.tex:diagram 5; tikzpicture; mapped_indonesian_structure_witness
chapter9-unit-123-d006,chapter9-unit-123.tex,6,Abbreviated left-trace diagram: a closed loop with the box f on its left strand.,qa/DIAGRAM_SOURCE_INVENTORY.jsonl:822; source/en/chapter9-unit-123.tex:diagram 6; tikzpicture; mapped_indonesian_structure_witness
chapter9-unit-123-d007,chapter9-unit-123.tex,7,Abbreviated right-trace diagram: a closed loop with the box f on its right strand.,qa/DIAGRAM_SOURCE_INVENTORY.jsonl:823; source/en/chapter9-unit-123.tex:diagram 7; tikzpicture; mapped_indonesian_structure_witness
chapter9-unit-123-diagram-008,chapter9-unit-123.tex,8,"Commutative diagram with objects X, Y. Arrows: X maps to Y, labeled f; Y maps to X, labeled g.",qa/DIAGRAM_SOURCE_INVENTORY.jsonl:824; source/en/chapter9-unit-123.tex:diagram 8; tikzcd; mapped_indonesian_structure_witness
chapter9-unit-123-d008,chapter9-unit-123.tex,9,"First trace-cyclicity diagram: one closed loop carries f above g on the same strand, representing \Tr_{\mathrm{left}}(gf).",qa/DIAGRAM_SOURCE_INVENTORY.jsonl:825; source/en/chapter9-unit-123.tex:diagram 9; tikzpicture; mapped_indonesian_structure_witness
chapter9-unit-123-d009,chapter9-unit-123.tex,10,Second trace-cyclicity diagram: the same loop carries {}^*f on the dual strand and g on the original strand.,qa/DIAGRAM_SOURCE_INVENTORY.jsonl:826; source/en/chapter9-unit-123.tex:diagram 10; tikzpicture; mapped_indonesian_structure_witness
chapter9-unit-123-d010,chapter9-unit-123.tex,11,"Third trace-cyclicity diagram: one closed loop carries g above {}^{**}f, representing \Tr_{\mathrm{left}}(({}^{**}f)g).",qa/DIAGRAM_SOURCE_INVENTORY.jsonl:827; source/en/chapter9-unit-123.tex:diagram 11; tikzpicture; mapped_indonesian_structure_witness
chapter9-unit-123-d011,chapter9-unit-123.tex,12,"Multiplicativity-of-trace picture, first form: concentric closed loops labeled f and g.",qa/DIAGRAM_SOURCE_INVENTORY.jsonl:828; source/en/chapter9-unit-123.tex:diagram 12; tikzpicture; mapped_indonesian_structure_witness
chapter9-unit-123-d012,chapter9-unit-123.tex,13,"Multiplicativity-of-trace picture, second form: two disjoint closed loops labeled f and g side by side.",qa/DIAGRAM_SOURCE_INVENTORY.jsonl:829; source/en/chapter9-unit-123.tex:diagram 13; tikzpicture; mapped_indonesian_structure_witness
chapter9-unit-123-d013,chapter9-unit-123.tex,14,"Multiplicativity-of-trace picture, third form: the same two disjoint closed loops labeled f and g stacked vertically.",qa/DIAGRAM_SOURCE_INVENTORY.jsonl:830; source/en/chapter9-unit-123.tex:diagram 14; tikzpicture; mapped_indonesian_structure_witness
chapter9-unit-124-d001,chapter9-unit-124.tex,1,Category diagram: V \otimes V^* → \Bbbk (\mathrm{ev}); v \otimes \check{v} → \check{v}(v).,qa/DIAGRAM_SOURCE_INVENTORY.jsonl:831; source/en/chapter9-unit-124.tex:diagram 1; tikzcd; mapped_indonesian_structure_witness
chapter9-unit-124-d002,chapter9-unit-124.tex,2,Category diagram: \Bbbk → V^* \otimes V (\mathrm{coev}); 1 → \sum_{i=1}^n \check{v}_i \otimes v_i..,qa/DIAGRAM_SOURCE_INVENTORY.jsonl:832; source/en/chapter9-unit-124.tex:diagram 2; tikzcd; mapped_indonesian_structure_witness
chapter9-unit-124-d003,chapter9-unit-124.tex,3,"Category diagram: V \otimes V^* → \Bbbk (\mathrm{ev}); (v_0, v_1) \otimes (\check{v}_0, \check{v}_1) → \check{v}_0(v_0) - \check{v}_1(v_1); \Bbbk → V^* \otimes V (\mathrm{coev}); 1 → \sum_{i=1}^{n_0} \check{v}_{0,i} \otimes v_{0,i} - \sum_{i=1}^{n_1} \ch….",qa/DIAGRAM_SOURCE_INVENTORY.jsonl:833; source/en/chapter9-unit-124.tex:diagram 3; tikzcd; mapped_indonesian_structure_witness
chapter9-unit-124-d004,chapter9-unit-124.tex,4,Category diagram: A \dtimes{Y} B → A; A \dtimes{Y} B → B; A → X; A → Y; B → Y; B → Z..,qa/DIAGRAM_SOURCE_INVENTORY.jsonl:834; source/en/chapter9-unit-124.tex:diagram 4; tikzcd; mapped_indonesian_structure_witness
chapter9-unit-124-d005,chapter9-unit-124.tex,5,"Commutative diagram with objects pt, X, X times X. Arrows: X maps to pt; X maps to X times X, labeled diagonal.",qa/DIAGRAM_SOURCE_INVENTORY.jsonl:835; source/en/chapter9-unit-124.tex:diagram 5; tikzcd; mapped_indonesian_structure_witness
chapter9-unit-124-d006,chapter9-unit-124.tex,6,"Commutative diagram with objects X times X, X, pt. Arrows: X maps to pt; X maps to X times X, labeled diagonal.",qa/DIAGRAM_SOURCE_INVENTORY.jsonl:836; source/en/chapter9-unit-124.tex:diagram 6; tikzcd; mapped_indonesian_structure_witness
chapter9-unit-124-d007,chapter9-unit-124.tex,7,"Commutative diagram with objects Gamma_u cap Gamma_v, Gamma_u, Gamma_v, X, A times X, pt, X times X. Arrows: Gamma_u cap Gamma_v includes into Gamma_u; Gamma_u cap Gamma_v includes into Gamma_v; Gamma_u maps to X, labeled projection; Gamma_u includes into A times X; Gamma_v includes into A times X; Gamma_v maps to X, labeled projection; X maps to pt; X maps to X times X, labeled diagonal; A times X maps to X times X, labeled u times id; A times X maps to X times X, labeled v times id.",qa/DIAGRAM_SOURCE_INVENTORY.jsonl:837; source/en/chapter9-unit-124.tex:diagram 7; tikzcd; mapped_indonesian_structure_witness
chapter9-unit-124-d008,chapter9-unit-124.tex,8,"Evaluation cobordism \mathrm{ev}_X: X\sqcup X^*→\emptyset, depicted as X times a downward-oriented cap.",qa/DIAGRAM_SOURCE_INVENTORY.jsonl:838; source/en/chapter9-unit-124.tex:diagram 8; tikzpicture; mapped_indonesian_structure_witness
chapter9-unit-124-d009,chapter9-unit-124.tex,9,"Coevaluation cobordism \mathrm{coev}_X:\emptyset→X\sqcup X^*, depicted as X times an upward-oriented cup.",qa/DIAGRAM_SOURCE_INVENTORY.jsonl:839; source/en/chapter9-unit-124.tex:diagram 9; tikzpicture; mapped_indonesian_structure_witness
chapter9-unit-124-d010,chapter9-unit-124.tex,10,"Dimension cobordism \dim X: the cylinder X×[0,1] is closed by gluing its two X-boundaries, giving X times a circle.",qa/DIAGRAM_SOURCE_INVENTORY.jsonl:840; source/en/chapter9-unit-124.tex:diagram 10; tikzpicture; mapped_indonesian_structure_witness
chapter9-unit-126-d001,chapter9-unit-126.tex,1,Category diagram: \omega_2(X) → \omega_1(X) \dotimes{B} L (a_X); \omega_2(X) → \omega_2(Y) (\omega_2(f)); \omega_1(X) \dotimes{B} L → \omega_1(Y) \dotimes{B} L. (\omega_1(f) \otimes \identity); \omega_2(Y) → \omega_1(Y) \dotimes{B} L. (a_Y).,qa/DIAGRAM_SOURCE_INVENTORY.jsonl:841; source/en/chapter9-unit-126.tex:diagram 1; tikzcd; mapped_indonesian_structure_witness
chapter9-unit-126-d002,chapter9-unit-126.tex,2,Commutative diagram: \omega_2(X) → \omega_1(X) \dotimes{B} L (a_X); \omega_2(X) → \omega_1(X) \dotimes{B} L'. (a'_X); \omega_1(X) \dotimes{B} L → \omega_1(X) \dotimes{B} L'. (\identity \otimes t).,qa/DIAGRAM_SOURCE_INVENTORY.jsonl:842; source/en/chapter9-unit-126.tex:diagram 2; tikzcd; mapped_indonesian_structure_witness
chapter9-unit-126-d003,chapter9-unit-126.tex,3,"Commutative diagram with objects omega_1(Y)^vee tensor k omega_2(X), omega_1(X)^vee tensor k omega_2(X), omega_1(Y)^vee tensor k omega_2(Y), L. Arrows: omega_1(Y)^vee tensor k omega_2(X) maps to omega_1(X)^vee tensor k omega_2(X), labeled omega_1(f)^vee tensor id; omega_1(Y)^vee tensor k omega_2(X) maps to omega_1(Y)^vee tensor k omega_2(Y), labeled id tensor omega_2(f); omega_1(X)^vee tensor k omega_2(X) maps to L, labeled alpha_X; omega_1(Y)^vee tensor k omega_2(Y) maps to L, labeled alpha_Y.",qa/DIAGRAM_SOURCE_INVENTORY.jsonl:843; source/en/chapter9-unit-126.tex:diagram 3; tikzcd; mapped_indonesian_structure_witness
chapter9-unit-127-d001,chapter9-unit-127.tex,1,Commutative triangle defining \nu: both canonical maps from \omega_2(X)\otimes_B\omega'_2(X') to the tensor product of the two coHom targets agree after \identity\otimes\identity\otimes\nu.,qa/DIAGRAM_SOURCE_INVENTORY.jsonl:844; source/en/chapter9-unit-127.tex:diagram 1; tikzpicture; mapped_indonesian_structure_witness
chapter9-unit-127-d002,chapter9-unit-127.tex,2,"Commutative diagram with objects coHom_B(omega_1, omega_2) tensor B coHom_B(omega'_1, omega'_2), coHom_B(omega''_1 composed with tensor, omega''_2 composed with tensor), coHom_B(omega''_1, omega''_2), [phi tensor x] tensor [phi' tensor x'], [ theta_1^vee(phi tensor phi'), theta_2(x tensor x') ]. Arrows: coHom_B(omega_1, omega_2) tensor B coHom_B(omega'_1, omega'_2) maps to coHom_B(omega''_1 composed with tensor, omega''_2 composed with tensor), labeled nu^-1; coHom_B(omega''_1 composed with tensor, omega''_2 composed with tensor) maps to coHom_B(omega''_1, omega''_2), labeled remark refrem:L-cogebra-functoriality; [phi tensor x] tensor [phi' tensor x'] maps to [ theta_1^vee(phi tensor phi'), theta_2(x tensor x') ].",qa/DIAGRAM_SOURCE_INVENTORY.jsonl:845; source/en/chapter9-unit-127.tex:diagram 2; tikzcd; mapped_indonesian_structure_witness
chapter9-unit-127-d003,chapter9-unit-127.tex,3,"Compatibility diagram for the product on coHom. Canonical coaction maps send omega''_2(X tensor X') down to the tensor of omega_2(X) and omega'_2(X'), then to the tensor of the two coHom factors. The bottom product map and theta_1 tensor identity agree with the direct canonical map to omega''_1(X tensor X') tensor coHom_B(omega''_1,omega''_2).",qa/DIAGRAM_SOURCE_INVENTORY.jsonl:846; source/en/chapter9-unit-127.tex:diagram 3; tikzcd; mapped_indonesian_structure_witness
chapter9-unit-128-d001,chapter9-unit-128.tex,1,Category diagram: (\cdot) \dotimes{A} P : \cated{Mod}A → \cated{Mod}B: (\cdot) \dotimes{B} P^\vee .; \cated{Mod}B: (\cdot) \dotimes{B} P^\vee . → (\cdot) \dotimes{A} P : \cated{Mod}A.,qa/DIAGRAM_SOURCE_INVENTORY.jsonl:847; source/en/chapter9-unit-128.tex:diagram 1; tikzcd; mapped_indonesian_structure_witness
chapter9-unit-128-d002,chapter9-unit-128.tex,2,Commutative diagram: \coEnd(\omega i) → \coEnd(\omega); \coEnd(\omega i) → P^\vee \dotimes{A} P; \coEnd(\omega) → P^\vee \dotimes{A} P.,qa/DIAGRAM_SOURCE_INVENTORY.jsonl:848; source/en/chapter9-unit-128.tex:diagram 2; tikzcd; mapped_indonesian_structure_witness
chapter9-unit-128-d003,chapter9-unit-128.tex,3,Commutative diagram: \omega(Y)^\vee \dotimes{\Bbbk} \omega(A) → \omega(A)^\vee \dotimes{\Bbbk} \omega(A) (\omega(f)^\vee \otimes \identity); \omega(Y)^\vee \dotimes{\Bbbk} \omega(A) → \omega(Y)^\vee \dotimes{\Bbbk} \omega(Y) (\identity \otimes \omega(f)); \omega(A)^\vee \dotimes{\Bbbk} \omega(A) → \c…,qa/DIAGRAM_SOURCE_INVENTORY.jsonl:849; source/en/chapter9-unit-128.tex:diagram 3; tikzcd; mapped_indonesian_structure_witness
chapter9-unit-128-d004,chapter9-unit-128.tex,4,Category diagram: (\cdot) \dotimes{A} P : \cated{Mod}A → \cated{Mod}B: (\cdot) \dotimes{B} P^\vee; \cated{Mod}B: (\cdot) \dotimes{B} P^\vee → (\cdot) \dotimes{A} P : \cated{Mod}A.,qa/DIAGRAM_SOURCE_INVENTORY.jsonl:850; source/en/chapter9-unit-128.tex:diagram 4; tikzcd; mapped_indonesian_structure_witness
chapter9-unit-128-d005,chapter9-unit-128.tex,5,Commutative diagram: \catesubd{Mod}{\mathrm{fg}}A → \catesubd{Comod}{\mathrm{f}} \left(P^\vee \dotimes{A} P\right) (\sim); \catesubd{Mod}{\mathrm{fg}}A → \catesubd{Comod}{\mathrm{f}}\coEnd(\omega); \catesubd{Comod}{\mathrm{f}} \left(P^\vee \dotimes{A} P\right) → \catesubd{Mod}{\mathrm{fg}}B. (U); \ca…,qa/DIAGRAM_SOURCE_INVENTORY.jsonl:851; source/en/chapter9-unit-128.tex:diagram 5; tikzcd; mapped_indonesian_structure_witness
chapter9-unit-129-d001,chapter9-unit-129.tex,1,Category diagram: \mathcal{A}' → \catesubd{Comod}{\mathrm{pf}}\coEnd(\omega') (\overline{\omega'}); \catesubd{Comod}{\mathrm{pf}}\coEnd(\omega') → \catesubd{Mod}{\mathrm{pfg}}B. (U).,qa/DIAGRAM_SOURCE_INVENTORY.jsonl:852; source/en/chapter9-unit-129.tex:diagram 1; tikzcd; mapped_indonesian_structure_witness
chapter9-unit-130-d001,chapter9-unit-130.tex,1,Commutative diagram: L → L \dotimes{\Bbbk} \coEnd(\omega) (\tilde{\Delta}); L → L \dotimes{\Bbbk} L (\Delta); L \dotimes{\Bbbk} \coEnd(\omega) → \coEnd(\omega) (\epsilon \otimes \identity); L \dotimes{\Bbbk} \coEnd(\omega) → L \dotimes{\Bbbk} L (\identity \otimes u); \coEnd(\omega) → L (u); L \dotime…,qa/DIAGRAM_SOURCE_INVENTORY.jsonl:853; source/en/chapter9-unit-130.tex:diagram 1; tikzcd; mapped_indonesian_structure_witness
chapter9-unit-130-d002,chapter9-unit-130.tex,2,Commutative diagram: V → V \dotimes{\Bbbk} L (\rho); V \dotimes{\Bbbk} L → V \dotimes{\Bbbk} L \dotimes{\Bbbk} L (\identity \otimes \Delta); V \dotimes{\Bbbk} L → V \dotimes{\Bbbk} L \dotimes{\Bbbk} L (\rho \otimes \identity).,qa/DIAGRAM_SOURCE_INVENTORY.jsonl:854; source/en/chapter9-unit-130.tex:diagram 2; tikzcd; mapped_indonesian_structure_witness
chapter9-unit-130-d003,chapter9-unit-130.tex,3,Commutative diagram: V → V \dotimes{\Bbbk} L (\rho); V → V \dotimes{\Bbbk} \coEnd(\omega) (\tilde{\rho}); V \dotimes{\Bbbk} L → V \dotimes{\Bbbk} L \dotimes{\Bbbk} \coEnd(\omega) (\identity \otimes \tilde{\Delta}); V \dotimes{\Bbbk} \coEnd(\omega) → V \dotimes{\Bbbk} L \dotimes{\Bbbk} \coEnd(\omega)…,qa/DIAGRAM_SOURCE_INVENTORY.jsonl:855; source/en/chapter9-unit-130.tex:diagram 3; tikzcd; mapped_indonesian_structure_witness
chapter9-unit-130-d004,chapter9-unit-130.tex,4,Category diagram: \cate{Fib}(\Bbbk) → \Bbbk\dcate{coAlg}; \Bbbk\dcate{coAlg} → \cate{Fib}(\Bbbk); \cate{Fib}^{\otimes}(\Bbbk) → \Bbbk\dcate{biAlg}.; \Bbbk\dcate{biAlg}. → \cate{Fib}^{\otimes}(\Bbbk).,qa/DIAGRAM_SOURCE_INVENTORY.jsonl:856; source/en/chapter9-unit-130.tex:diagram 4; tikzcd; mapped_indonesian_structure_witness
chapter9-unit-130-d005,chapter9-unit-130.tex,5,Commutative diagram: \omega(X) → \omega(Y) (\omega(f)); \omega(X) → \omega({}^* X)^\vee (\sim); \omega(Y) → \omega({}^* Y)^\vee (\sim); \omega({}^* X)^\vee → \omega({}^* Y)^\vee (\omega({}^* f)^\vee).,qa/DIAGRAM_SOURCE_INVENTORY.jsonl:857; source/en/chapter9-unit-130.tex:diagram 5; tikzcd; mapped_indonesian_structure_witness
chapter9-unit-130-d006,chapter9-unit-130.tex,6,Commutative diagram: \omega(Y)^\vee → \omega(X)^\vee (\omega(f)^\vee); \omega(Y)^\vee → \omega({}^* Y) (\sim); \omega(X)^\vee → \omega({}^* X) (\sim); \omega({}^* Y) → \omega({}^* X) ({}^* f).,qa/DIAGRAM_SOURCE_INVENTORY.jsonl:858; source/en/chapter9-unit-130.tex:diagram 6; tikzcd; mapped_indonesian_structure_witness
chapter9-unit-130-d007,chapter9-unit-130.tex,7,"Commutative diagram with objects omega(unit object) tensor omega(^* X tensor X), omega(X tensor ^* X) tensor omega(X tensor ^* X), omega(unit object) tensor omega(unit object), coEnd(omega), k. Arrows: omega(unit object) tensor omega(^* X tensor X) maps to omega(X tensor ^* X) tensor omega(X tensor ^* X), labeled omega(coev_X) tensor id; omega(unit object) tensor omega(^* X tensor X) maps to omega(unit object) tensor omega(unit object), labeled id tensor omega(ev_X); omega(X tensor ^* X) tensor omega(X tensor ^* X) maps to coEnd(omega), labeled [ dot ]; omega(unit object) tensor omega(unit object) maps to k, labeled isomorphism; omega(unit object) tensor omega(unit object) maps to coEnd(omega), labeled [ dot ]; k maps to coEnd(omega), labeled eta.",qa/DIAGRAM_SOURCE_INVENTORY.jsonl:859; source/en/chapter9-unit-130.tex:diagram 7; tikzcd; mapped_indonesian_structure_witness
chapter9-unit-130-d008,chapter9-unit-130.tex,8,Category diagram: \Obj(\cate{Fib}^{\otimes}(\Bbbk))/\simeq → \Obj(\Bbbk\dcate{biAlg}) /\simeq (1:1); \Obj(\Bbbk\dcate{biAlg}) /\simeq → \Obj(\cate{Fib}^{\otimes}(\Bbbk))/\simeq.,qa/DIAGRAM_SOURCE_INVENTORY.jsonl:860; source/en/chapter9-unit-130.tex:diagram 8; tikzcd; mapped_indonesian_structure_witness
chapter9-unit-132-d001,chapter9-unit-132.tex,1,Category diagram: \omega_2(\munit) → B (\sim); \omega_2(\munit) → \omega_1(\munit) \dotimes{B} B' (\varphi_{\munit}); \omega_1(\munit) \dotimes{B} B' → B \dotimes{B} B' (\sim); B \dotimes{B} B' → B' (\sim); B → B'.,qa/DIAGRAM_SOURCE_INVENTORY.jsonl:861; source/en/chapter9-unit-132.tex:diagram 1; tikzcd; mapped_indonesian_structure_witness
chapter9-unit-132-d002,chapter9-unit-132.tex,2,Category diagram: \omega_2(X \otimes Y) → \omega_1(X \otimes Y) \dotimes{B} B' (\varphi_{X \otimes Y}); \omega_2(X \otimes Y) → \omega_2(X) \dotimes{B} \omega_2(Y) (\sim); \omega_1(X \otimes Y) \dotimes{B} B' → \omega_1(X) \dotimes{B} \omega_1(Y) \dotimes{B} B' (\sim); \omega_2(X) \dotimes{B} \omeg…,qa/DIAGRAM_SOURCE_INVENTORY.jsonl:862; source/en/chapter9-unit-132.tex:diagram 2; tikzcd; mapped_indonesian_structure_witness
chapter9-unit-132-d003,chapter9-unit-132.tex,3,Commutative diagram: \omega_2(X \otimes Y) → \omega_1(X \otimes Y) \dotimes{B} B' (\varphi_{X \otimes Y}); \omega_2(X \otimes Y) → \omega_1(X \otimes Y) \dotimes{B} \coHom; \omega_2(X \otimes Y) → \omega_2(X) \dotimes{B} \omega_2(Y) (\sim); \omega_1(X \otimes Y) \dotimes{B} \coHom → \omega_1(X \otime…,qa/DIAGRAM_SOURCE_INVENTORY.jsonl:863; source/en/chapter9-unit-132.tex:diagram 3; tikzcd; mapped_indonesian_structure_witness
chapter9-unit-132-d004,chapter9-unit-132.tex,4,Category diagram: \eta(X \otimes Y) → \coHom; \eta(X \otimes Y) → \eta(X) \dotimes{B} \eta(Y) (\sim); \coHom → B' (\psi); \eta(X) \dotimes{B} \eta(Y) → \coHom \dotimes{B} \coHom; \coHom \dotimes{B} \coHom → B' \dotimes{B} B' (\psi \otimes \psi); \coHom \dotimes{B} \coHom → \coHom (\mu); B' \dotimes…,qa/DIAGRAM_SOURCE_INVENTORY.jsonl:864; source/en/chapter9-unit-132.tex:diagram 4; tikzcd; mapped_indonesian_structure_witness
chapter9-unit-132-diagram-005,chapter9-unit-132.tex,5,"Commutative diagram with objects eta(X tensor Y), coHom, B', eta(X) tensor B eta(Y), coHom tensor B coHom, B' tensor B B'. Arrows: eta(X tensor Y) maps to coHom; eta(X tensor Y) maps to eta(X) tensor B eta(Y), labeled isomorphism; coHom maps to B', labeled psi; eta(X) tensor B eta(Y) maps to coHom tensor B coHom; coHom tensor B coHom maps to B' tensor B B', labeled psi tensor psi; coHom tensor B coHom maps to coHom, labeled mu; B' tensor B B' maps to B', labeled m.",qa/DIAGRAM_SOURCE_INVENTORY.jsonl:865; source/en/chapter9-unit-132.tex:diagram 5; tikzcd; mapped_indonesian_structure_witness
chapter9-unit-132-d005,chapter9-unit-132.tex,6,Category diagram: \text{mengetahui functor }\Aut^{\otimes}\left( \omega \dotimes{B} (\cdo… ⇒ \text{mengetahui aljabar Hopf-$B$ }\coEnd_B(\omega)..,qa/DIAGRAM_SOURCE_INVENTORY.jsonl:866; source/en/chapter9-unit-132.tex:diagram 6; tikzcd; mapped_indonesian_structure_witness
chapter9-unit-133-d001,chapter9-unit-133.tex,1,Category diagram: V \otimes V^* → \Bbbk (\mathrm{ev}); v \otimes \lambda → \lambda(v).,qa/DIAGRAM_SOURCE_INVENTORY.jsonl:867; source/en/chapter9-unit-133.tex:diagram 1; tikzcd; mapped_indonesian_structure_witness
chapter9-unit-133-d002,chapter9-unit-133.tex,2,Category diagram: \Bbbk → V^* \otimes V (\mathrm{coev}); 1 → \sum_i \check{v}_i \otimes v_i.,qa/DIAGRAM_SOURCE_INVENTORY.jsonl:868; source/en/chapter9-unit-133.tex:diagram 2; tikzcd; mapped_indonesian_structure_witness
chapter9-unit-133-d003,chapter9-unit-133.tex,3,"Category diagram: C(G) \otimes C(G) → C(G \times G) (\sim); f_1 \otimes f_2 → {[(g_1, g_2) \mapsto f_1(g_1) f_2(g_2)]}..",qa/DIAGRAM_SOURCE_INVENTORY.jsonl:869; source/en/chapter9-unit-133.tex:diagram 3; tikzcd; mapped_indonesian_structure_witness
chapter9-unit-133-d004,chapter9-unit-133.tex,4,"Commutative diagram with objects rho: V, V tensor C(G), maps G to V, v, sum_g in G gv tensor 1_g, [g maps to gv]. Arrows: rho: V maps to V tensor C(G); V tensor C(G) maps to maps G to V, labeled isomorphism; v maps to sum_g in G gv tensor 1_g; sum_g in G gv tensor 1_g maps to [g maps to gv].",qa/DIAGRAM_SOURCE_INVENTORY.jsonl:870; source/en/chapter9-unit-133.tex:diagram 4; tikzcd; mapped_indonesian_structure_witness
chapter9-unit-133-d005,chapter9-unit-133.tex,5,Category diagram: G\dcate{Mod} → \cated{Comod}C(G) (\sim); G\dcate{Mod} → \cate{Vect}(\Bbbk). (\omega); \cated{Comod}C(G) → \cate{Vect}(\Bbbk). (\omega_{C(G)}).,qa/DIAGRAM_SOURCE_INVENTORY.jsonl:871; source/en/chapter9-unit-133.tex:diagram 5; tikzcd; mapped_indonesian_structure_witness
chapter9-unit-133-d006,chapter9-unit-133.tex,6,"Commutative diagram with objects (g_1, g_2), G times G, Hom_kCAlg(C(G times G), k), [F maps to F(g_1, g_2)], g_1 g_2, G, Hom_kCAlg(C(G), k), [f maps to (Delta f)(g_1, g_2)]. Arrows: (g_1, g_2) maps to G times G, labeled in; (g_1, g_2) maps to g_1 g_2; G times G maps to Hom_kCAlg(C(G times G), k), labeled 1:1; G times G maps to G; Hom_kCAlg(C(G times G), k) maps to Hom_kCAlg(C(G), k); [F maps to F(g_1, g_2)] maps to Hom_kCAlg(C(G times G), k), labeled contains; [F maps to F(g_1, g_2)] maps to [f maps to (Delta f)(g_1, g_2)]; g_1 g_2 maps to G, labeled in; G maps to Hom_kCAlg(C(G), k), labeled 1:1; [f maps to (Delta f)(g_1, g_2)] maps to Hom_kCAlg(C(G), k), labeled contains.",qa/DIAGRAM_SOURCE_INVENTORY.jsonl:872; source/en/chapter9-unit-133.tex:diagram 6; tikzcd; mapped_indonesian_structure_witness
chapter9-unit-133-d007,chapter9-unit-133.tex,7,"Category diagram: G → \Hom_{\Bbbk\dcate{CAlg}}\left(C(G), \Bbbk \right) (\sim); \Hom_{\Bbbk\dcate{CAlg}}\left(C(G), \Bbbk \right) → \Aut^{\otimes}(\omega) (\sim); g → B(g); B(g) → A(g)..",qa/DIAGRAM_SOURCE_INVENTORY.jsonl:873; source/en/chapter9-unit-133.tex:diagram 7; tikzcd; mapped_indonesian_structure_witness
chapter9-unit-133-d008,chapter9-unit-133.tex,8,Commutative diagram: \omega(V) → \omega(V) \otimes C(G) (\rho); \omega(V) → \omega(V) (A(g)_V); \omega(V) \otimes C(G) → \omega(V) \otimes \Bbbk (\identity \otimes B(g)); \omega(V) \otimes \Bbbk → \omega(V) (\sim).,qa/DIAGRAM_SOURCE_INVENTORY.jsonl:874; source/en/chapter9-unit-133.tex:diagram 8; tikzcd; mapped_indonesian_structure_witness
chapter9-unit-134-d001,chapter9-unit-134.tex,1,"Category diagram: W → F(Y, Y) (e_Y); W → F(X, X) (e_X); F(Y, Y) → F(X, Y). (F(f, Y)); F(X, X) → F(X, Y). (F(X, f)).",qa/DIAGRAM_SOURCE_INVENTORY.jsonl:875; source/en/chapter9-unit-134.tex:diagram 1; tikzcd; mapped_indonesian_structure_witness
chapter9-unit-134-d002,chapter9-unit-134.tex,2,"Commutative diagram: F(Y, X) → F(X, X) (F(f, X)); F(Y, X) → F(Y, Y) (F(Y, f)); F(X, X) → M. (f_X); F(Y, Y) → M. (f_Y).",qa/DIAGRAM_SOURCE_INVENTORY.jsonl:876; source/en/chapter9-unit-134.tex:diagram 2; tikzcd; mapped_indonesian_structure_witness
chapter9-unit-134-d003,chapter9-unit-134.tex,3,"Commutative diagram: F(X, X) → G(X, X) (\alpha_X); G(X, X) → G(X, Y). (G(X, f)); F(Y, X) → F(X, X) (F(f, X)); F(Y, X) → F(Y, Y) (F(Y, f)); F(Y, Y) → G(Y, Y) (\alpha_Y); G(Y, Y) → G(X, Y). (G(f, Y)).",qa/DIAGRAM_SOURCE_INVENTORY.jsonl:877; source/en/chapter9-unit-134.tex:diagram 3; tikzcd; mapped_indonesian_structure_witness
appendix1-unit-135-d001,appendix1-unit-135.tex,1,"Yoneda bijection: \Hom_{\mathcal{C}^\wedge}(h_{\mathcal{C}}(S),A) → A(S), sending a natural transformation \phi:h_{\mathcal{C}}(S)→A to \phi_S(\identity_S).",qa/DIAGRAM_SOURCE_INVENTORY.jsonl:878; source/en/appendix1-unit-135.tex:diagram 1; tikzcd; mapped_indonesian_structure_witness
appendix1-unit-135-d002,appendix1-unit-135.tex,2,"Dual Yoneda bijection: \Hom_{\mathcal{C}^\vee}(B,k_{\mathcal{C}}(S)) = \Hom_{\cate{Set}^{\mathcal{C}}}(k_{\mathcal{C}}(S),B) → B(S), sending \psi to \psi_S(\identity_S).",qa/DIAGRAM_SOURCE_INVENTORY.jsonl:879; source/en/appendix1-unit-135.tex:diagram 2; tikzcd; mapped_indonesian_structure_witness
appendix1-unit-135-d003,appendix1-unit-135.tex,3,Commutative diagram: \mathcal{C}^\wedge → \mathcal{D}. (\tilde{F}); \mathcal{C} → \mathcal{C}^\wedge (h_{\mathcal{C}}); \mathcal{C} → \mathcal{D}. (F).,qa/DIAGRAM_SOURCE_INVENTORY.jsonl:880; source/en/appendix1-unit-135.tex:diagram 3; tikzcd; mapped_indonesian_structure_witness
appendix1-unit-137-d001,appendix1-unit-137.tex,1,Category diagram: \End_R(R) → \End(P(R)) (P); \End(P(R)) → \End(s) (\sim); \varphi → \varepsilon_s \varphi \varepsilon_s^{-1} .; r → \lambda_r; R → \End_R(R) (\sim); R → \End(s).,qa/DIAGRAM_SOURCE_INVENTORY.jsonl:881; source/en/appendix1-unit-137.tex:diagram 1; tikzcd; mapped_indonesian_structure_witness
appendix1-unit-137-d002,appendix1-unit-137.tex,2,"Category diagram: \Hom(PG(s), Y) → \Hom_R(G(s), G(Y)) (\sim); \Hom(s, Y) → \Hom(PG(s), Y) (\varepsilon_s^*); \Hom(s, Y) → \Hom_R(G(s), G(Y)) (G); \Hom(s, Y) → G(Y) (\identity); \Hom_R(G(s), G(Y)) → G(Y) (\sim); \psi → \psi(1_R)..",qa/DIAGRAM_SOURCE_INVENTORY.jsonl:882; source/en/appendix1-unit-137.tex:diagram 2; tikzcd; mapped_indonesian_structure_witness
appendix1-unit-137-d003,appendix1-unit-137.tex,3,Category diagram: P(R) → P(R) (P(\lambda_r)); P(R) → s (\varepsilon_s); s → s (r).,qa/DIAGRAM_SOURCE_INVENTORY.jsonl:883; source/en/appendix1-unit-137.tex:diagram 3; tikzcd; mapped_indonesian_structure_witness
appendix1-unit-137-d004,appendix1-unit-137.tex,4,"Category diagram: \Hom(PM, X) → \Hom_R(M, GX) (\sim); \Hom(PM, X) → \Hom(PN, X) ((P\psi)^*); \Hom_R(M, GX) → \Hom_R(N, GX) . (\psi^*); \Hom(PN, X) → \Hom_R(N, GX) . (\sim).",qa/DIAGRAM_SOURCE_INVENTORY.jsonl:884; source/en/appendix1-unit-137.tex:diagram 4; tikzcd; mapped_indonesian_structure_witness
appendix1-unit-137-d005,appendix1-unit-137.tex,5,Category diagram: PG(s) → s (\sim); PG(s) → PG(X) (PG(\alpha)); s → X (\alpha); PG(X) → X (\varepsilon_X).,qa/DIAGRAM_SOURCE_INVENTORY.jsonl:885; source/en/appendix1-unit-137.tex:diagram 5; tikzcd; mapped_indonesian_structure_witness
appendix1-unit-138-d001,appendix1-unit-138.tex,1,Category diagram with a square marked \Box: Q_j → P_i; Q_j → X/X_{i+1} (\psi_j); X/X_{i+1} ↠ X/X_i; P_i → X/X_i (\phi_j); one square is marked \Box.,qa/DIAGRAM_SOURCE_INVENTORY.jsonl:886; source/en/appendix1-unit-138.tex:diagram 1; tikzcd; mapped_indonesian_structure_witness
appendix1-unit-138-d002,appendix1-unit-138.tex,2,Category diagram: P_{i+1} → Q_j (t_j); P_{i+1} → P_i (p^{i+1}_i); Q_j → X/X_{i+1} (\psi_j); Q_j → P_i; X/X_{i+1} ↠ X/X_i; P_i → X/X_i (\phi_j).,qa/DIAGRAM_SOURCE_INVENTORY.jsonl:887; source/en/appendix1-unit-138.tex:diagram 2; tikzcd; mapped_indonesian_structure_witness
appendix1-unit-138-d003,appendix1-unit-138.tex,3,"Exact row 0 → \Hom(P_{i+1},X_i/X_{i+1}) → \Hom(P_{i+1},X/X_{i+1}) →^{\Phi_i} \Hom(P_{i+1},X/X_i) → 0, with \Hom(P_i,X/X_i) mapped isomorphically upward to the last nonzero term.",qa/DIAGRAM_SOURCE_INVENTORY.jsonl:888; source/en/appendix1-unit-138.tex:diagram 3; tikzcd; mapped_indonesian_structure_witness
appendix2-unit-141-d001,appendix2-unit-141.tex,1,"Commutative diagram with objects alpha(i), beta(j), X, Y. Arrows: alpha(i) maps to X, labeled canonical; alpha(i) maps to beta(j), labeled t; beta(j) maps to Y, labeled canonical; X maps to Y, labeled f.",qa/DIAGRAM_SOURCE_INVENTORY.jsonl:889; source/en/appendix2-unit-141.tex:diagram 1; tikzcd; mapped_indonesian_structure_witness
appendix2-unit-141-d002,appendix2-unit-141.tex,2,Commutative diagram: \Yinjlim \gamma → \Yinjlim \delta (\Yinjlim \varphi); \Yinjlim \gamma → X (\sim); \Yinjlim \delta → Y. (\sim); X → Y. (f).,qa/DIAGRAM_SOURCE_INVENTORY.jsonl:890; source/en/appendix2-unit-141.tex:diagram 2; tikzcd; mapped_indonesian_structure_witness
appendix2-unit-142-d001,appendix2-unit-142.tex,1,Category diagram: S → S' . (f); S → S' . (g); S → X (\phi); S' . → X (\phi').,qa/DIAGRAM_SOURCE_INVENTORY.jsonl:891; source/en/appendix2-unit-142.tex:diagram 1; tikzcd; mapped_indonesian_structure_witness
appendix2-unit-142-d002,appendix2-unit-142.tex,2,Category diagram: S → S' (f); S → S' (g); S → X (\phi); S' → X (\phi'); S' → X_j . (X(\alpha) \phi'_i); X_j . → X.,qa/DIAGRAM_SOURCE_INVENTORY.jsonl:892; source/en/appendix2-unit-142.tex:diagram 2; tikzcd; mapped_indonesian_structure_witness
appendix2-unit-142-d003,appendix2-unit-142.tex,3,"Category diagram: \Hom_{\mathcal{C}}(S, \Ker(f_i, g_i)) → \Hom_{\mathcal{C}}(S, X_i); \Hom_{\mathcal{C}}(S, X_i) → \Hom_{\mathcal{C}}(S, Y_i). (f_{i, *}); \Hom_{\mathcal{C}}(S, X_i) → \Hom_{\mathcal{C}}(S, Y_i). (g_{i, *}).",qa/DIAGRAM_SOURCE_INVENTORY.jsonl:893; source/en/appendix2-unit-142.tex:diagram 3; tikzcd; mapped_indonesian_structure_witness
appendix2-unit-142-d004,appendix2-unit-142.tex,4,"Category diagram: \left(\Yinjlim \Ker(f_i, g_i)\right)(S) → X(S); X(S) → Y(S). (f); X(S) → Y(S). (g).",qa/DIAGRAM_SOURCE_INVENTORY.jsonl:894; source/en/appendix2-unit-142.tex:diagram 4; tikzcd; mapped_indonesian_structure_witness
appendix2-unit-142-d005,appendix2-unit-142.tex,5,"Category diagram: \Hom_{\mathcal{C}}(\Coker(f_i, g_i), S) → \Hom_{\mathcal{C}}(Y_i, S); \Hom_{\mathcal{C}}(Y_i, S) → \Hom_{\mathcal{C}}(X_i, S). (f_i^*); \Hom_{\mathcal{C}}(Y_i, S) → \Hom_{\mathcal{C}}(X_i, S). (g_i^*).",qa/DIAGRAM_SOURCE_INVENTORY.jsonl:895; source/en/appendix2-unit-142.tex:diagram 5; tikzcd; mapped_indonesian_structure_witness
appendix2-unit-142-d006,appendix2-unit-142.tex,6,"Category diagram: \Hom_{\mathcal{C}^\wedge}(\Yinjlim \Coker(f_i, g_i), S) → \Hom_{\mathcal{C}^\wedge}(Y, S); \Hom_{\mathcal{C}^\wedge}(Y, S) → \Hom_{\mathcal{C}^\wedge}(X, S). (f^*); \Hom_{\mathcal{C}^\wedge}(Y, S) → \Hom_{\mathcal{C}^\wedge}(X, S). (g^*).",qa/DIAGRAM_SOURCE_INVENTORY.jsonl:896; source/en/appendix2-unit-142.tex:diagram 6; tikzcd; mapped_indonesian_structure_witness
appendix2-unit-143-d001,appendix2-unit-143.tex,1,Category diagram: \IndC\mathcal{C} → \IndC \mathcal{D} (\IndC F); \mathcal{C} → \IndC\mathcal{C}; \mathcal{C} → \mathcal{D}. (F); \mathcal{D}. → \IndC \mathcal{D}.,qa/DIAGRAM_SOURCE_INVENTORY.jsonl:897; source/en/appendix2-unit-143.tex:diagram 1; tikzcd; mapped_indonesian_structure_witness
appendix2-unit-143-d002,appendix2-unit-143.tex,2,Category diagram: \IndC\mathcal{C} → \IndC\mathcal{D} (\IndC F); \IndC\mathcal{C} → \mathcal{C}^\wedge; \IndC\mathcal{D} → \mathcal{D}^\wedge; \mathcal{C}^\wedge → \mathcal{D}^\wedge (F^\wedge).,qa/DIAGRAM_SOURCE_INVENTORY.jsonl:898; source/en/appendix2-unit-143.tex:diagram 2; tikzcd; mapped_indonesian_structure_witness
appendix2-unit-145-d001,appendix2-unit-145.tex,1,"Commutative diagram with exact rows obtained from 0→X'→S^{\oplus m}→X→0: the top row contains the three Hom groups into Y, the bottom row their R-module Hom images under G, and all three vertical maps are injective.",qa/DIAGRAM_SOURCE_INVENTORY.jsonl:899; source/en/appendix2-unit-145.tex:diagram 1; tikzcd; mapped_indonesian_structure_witness
mastery-bridge-001-diagram-chasing-diagram-001,mastery-bridge-001-diagram-chasing.tex,1,"Exact-sequence diagram with objects 0, A', A, A'', B', B, B''. Arrows: 0 maps to A'; A' maps to A, labeled i; A' maps to B', labeled a'; A maps to A'', labeled p; A maps to B, labeled a; A'' maps to 0; A'' maps to B'', labeled a''; 0 maps to B'; B' maps to B, labeled j; B maps to B'', labeled q; B'' maps to 0.",qa/DIAGRAM_SOURCE_INVENTORY.jsonl:900; source/en/mastery-bridge-001-diagram-chasing.tex:diagram 1; tikzcd; independent_mastery_bridge_source
mastery-bridge-001-diagram-chasing-diagram-002,mastery-bridge-001-diagram-chasing.tex,2,"Commutative diagram with objects A, B, A', B'. Arrows: A maps to B, labeled f; A maps to A', labeled a; B maps to B', labeled b; A' maps to B', labeled g.",qa/DIAGRAM_SOURCE_INVENTORY.jsonl:901; source/en/mastery-bridge-001-diagram-chasing.tex:diagram 2; tikzcd; independent_mastery_bridge_source
mastery-bridge-001-diagram-chasing-diagram-003,mastery-bridge-001-diagram-chasing.tex,3,"Exact-sequence diagram with objects 0, A', A, A'', B', B, B''. Arrows: 0 maps to A'; A' maps to A, labeled i; A' maps to B', labeled a'; A maps to A'', labeled p; A maps to B, labeled a; A'' maps to 0; A'' maps to B'', labeled a''; 0 maps to B'; B' maps to B, labeled j; B maps to B'', labeled q; B'' maps to 0.",qa/DIAGRAM_SOURCE_INVENTORY.jsonl:902; source/en/mastery-bridge-001-diagram-chasing.tex:diagram 3; tikzcd; independent_mastery_bridge_source
mastery-bridge-001-diagram-chasing-diagram-004,mastery-bridge-001-diagram-chasing.tex,4,"Commutative three-by-three diagram with exact rows and columns. The rows are 0 to A' to B' to C' to 0, 0 to A to B to C to 0, and 0 to A'' to B'' to C'' to 0; vertical maps are alpha, beta, gamma and their barred counterparts, with zeros closing the outer columns.",qa/DIAGRAM_SOURCE_INVENTORY.jsonl:903; source/en/mastery-bridge-001-diagram-chasing.tex:diagram 4; tikzcd; independent_mastery_bridge_source
mastery-bridge-001-diagram-chasing-diagram-005,mastery-bridge-001-diagram-chasing.tex,5,"Exact-sequence diagram with objects 0, A', A, A'', B', B, B''. Arrows: 0 maps to A'; A' maps to A, labeled i; A' maps to B', labeled alpha'; A maps to A'', labeled p; A maps to B, labeled alpha; A'' maps to 0; A'' maps to B'', labeled alpha''; 0 maps to B'; B' maps to B, labeled j; B maps to B'', labeled q; B'' maps to 0.",qa/DIAGRAM_SOURCE_INVENTORY.jsonl:904; source/en/mastery-bridge-001-diagram-chasing.tex:diagram 5; tikzcd; independent_mastery_bridge_source
mastery-bridge-001-diagram-chasing-diagram-006,mastery-bridge-001-diagram-chasing.tex,6,"Naturality square for connecting morphisms: delta maps Ker(alpha'') to Coker(alpha'), the vertical maps pass to Ker(tilde alpha'') and Coker(tilde alpha'), and tilde delta closes the lower edge.",qa/DIAGRAM_SOURCE_INVENTORY.jsonl:905; source/en/mastery-bridge-001-diagram-chasing.tex:diagram 6; tikzcd; independent_mastery_bridge_source
mastery-bridge-001-diagram-chasing-diagram-007,mastery-bridge-001-diagram-chasing.tex,7,"Morphism between two short exact sequences 0 to Z to Z to Z/6Z to 0. Both horizontal middle maps are multiplication by 6 followed by the quotient pi, and all three vertical maps are multiplication by 4.",qa/DIAGRAM_SOURCE_INVENTORY.jsonl:906; source/en/mastery-bridge-001-diagram-chasing.tex:diagram 7; tikzcd; independent_mastery_bridge_source
mastery-bridge-002-derived-functors-spectral-sequences-diagram-001,mastery-bridge-002-derived-functors-spectral-sequences.tex,1,"Exact-sequence diagram with objects 0, X, Y, Z, I_X^point, I_Y^point, I_Z^point. Arrows: 0 maps to X; X maps to Y; X maps to I_X^point; Y maps to Z; Y maps to I_Y^point; Z maps to 0; Z maps to I_Z^point; 0 maps to I_X^point; I_X^point maps to I_Y^point; I_Y^point maps to I_Z^point; I_Z^point maps to 0.",qa/DIAGRAM_SOURCE_INVENTORY.jsonl:907; source/en/mastery-bridge-002-derived-functors-spectral-sequences.tex:diagram 1; tikzcd; independent_mastery_bridge_source
