physical_page,render_filename,render_bytes,render_sha256,width_px,height_px,text_chars,ink_ratio,dark_ratio,blank_candidate,image_only_candidate,physical_edge_candidate,body_near_edge_candidate
1,page-001.png,56531,6b394064b68547e1b3ee58032cd6b7afaa1e269e3b3e6af31f52000b641c4813,763,1083,106,0.072204897,0.045533922,false,false,false,false
2,page-002.png,59612,692ce16e63fc4ba860b4be12696ade3ac50fd00c44b43dfa5fcaf1f019328586,763,1083,367,0.030432189,0.027608858,false,false,false,false
3,page-003.png,65875,9732baca585a27d49694e90156ae8049e93d2b5bcf8a5329817472260db9f20a,763,1083,938,0.059297205,0.022730656,false,false,false,false
4,page-004.png,125601,0287de03ffe1486e181251ee546eb9a99926544334c4fef938e2eb7515ba0412,763,1083,1797,0.050024869,0.040970364,false,false,false,false
5,page-005.png,128307,3aca0f12d5cc41b63fdfd281daf6a506bd527543c91d7672f1714f1666584458,763,1083,1756,0.051533953,0.041911878,false,false,false,false
6,page-006.png,123486,35137c684acf282df4395da76b91ac560e5bb3cbbc982de86c718717c3da84e4,763,1083,1778,0.047720702,0.038914282,false,false,false,false
7,page-007.png,97741,c6847befba8992b07e7ae5f56f5e8660ef69b30fe09f5da5e3e97e4ee03ebd45,763,1083,1303,0.038781163,0.031963056,false,false,false,false
8,page-008.png,4006,1ae1c0b5c9050f49e9aae499e232840fd226372dff1fa18e92c768791eecb7be,763,1083,0,0.0,0.0,true,false,false,false
9,page-009.png,101044,8f8bf61db4a4252d47a06cb596896af2a2a661049187b1a6d03a56ab6e899e80,763,1083,1045,0.04664849,0.039032879,false,false,false,true
10,page-010.png,4006,1ae1c0b5c9050f49e9aae499e232840fd226372dff1fa18e92c768791eecb7be,763,1083,0,0.0,0.0,true,false,false,false
11,page-011.png,93157,ba34f75ad6e866c87e92a81f27e7c1d4409d08329732698732114d50c1c34861,763,1083,1020,0.076084707,0.037543158,false,false,false,false
12,page-012.png,192558,0a512d58a050502aa861dd9e9faece070f700ad90dc804017afdfaf56466ee53,763,1083,2093,0.087013768,0.07180433,false,false,false,false
13,page-013.png,198618,b97d02935951538c5fd8e252d6d297e940fd867a2b2fd39ea28c77f0999bacb1,763,1083,2104,0.090041618,0.074798295,false,false,false,false
14,page-014.png,197297,5195719df8f0fa902b2a38f71ec3670b50d7e0658659f99d6bd87ec0a41c6b36,763,1083,2193,0.088467184,0.072975776,false,false,false,false
15,page-015.png,192134,0e2afc07abea02f3b2d424ef929bf14fd94764de3f7920c464cc91105801b92a,763,1083,2069,0.085980281,0.07110243,false,false,false,false
16,page-016.png,203816,09e86cd60f1c75ac6e377e78fe21aa3b8df8af9dd08f37e53f9ab65b1a1a1273,763,1083,2234,0.091931906,0.076048402,false,false,false,false
17,page-017.png,193693,b845d47b6b3c7f09fd125ba5d551947ad0b89ac71a1dd37c728bcad561143dff,763,1083,2208,0.092344575,0.076798709,false,false,false,false
18,page-018.png,220802,8908fe43e69444208270e981f6de7feb98e2c8760f896a2667bfba2c130c8763,763,1083,2535,0.103826684,0.085586976,false,false,false,false
19,page-019.png,178792,66cb5ac3d75ba0684d5cbc5dad68fee3260bdc6978ce786fb3d2acabc92862f0,763,1083,1998,0.084716862,0.070148815,false,false,false,false
20,page-020.png,203960,ff1ce8049f04478a16be81bc623143a6cfd42c5fae69fb92a7d7745bf862e402,763,1083,2344,0.096143304,0.079729744,false,false,false,false
21,page-021.png,178666,0d8463412e2ea739262bb1dfe3147e19c214deb63ff8a6c1525b6edb65b99957,763,1083,1946,0.08251435,0.068257316,false,false,false,false
22,page-022.png,155693,665f6c7644dfe069bd2c26072ff6c82a5d98a72b631930721e645a6ddcb5b66b,763,1083,1731,0.070240788,0.057828056,false,false,false,false
23,page-023.png,175266,818af235237c60458174e547951fe60ef204249652a320401a23fc603aae535f,763,1083,1893,0.08061196,0.067231091,false,false,false,false
24,page-024.png,150619,a03e3707449323420578ae2aa7266b7c288be8390608a8072b0301b135f932e8,763,1083,1491,0.06426375,0.053389146,false,false,false,false
25,page-025.png,172374,6f3b05d7ae6ba0740516a9f3acc587b58e640fb98028f7345e4faab9400ac571,763,1083,1825,0.073739394,0.060794187,false,false,false,false
26,page-026.png,164651,125c0351388d49cf3ad1e66af01247d43cc2137879d7dad2b849e29186428b11,763,1083,1567,0.065484813,0.054070473,false,false,false,false
27,page-027.png,197855,407252734770e1278b9cd0f32d0bc828f96ac6eed3fc9d8ac6ab97ac3d455c4b,763,1083,2008,0.083866111,0.06891807,false,false,false,false
28,page-028.png,212871,cd6abc62c5d9f73ea23850852474a3c178780ea50d5ed3f6dd4a0a299eb9f2bb,763,1083,2219,0.090082764,0.074620399,false,false,false,false
29,page-029.png,137218,4831dcbe685458d11177a509ba11e200988cf536320842fd71886c4113672bcb,763,1083,1306,0.0551088,0.045864299,false,false,false,false
30,page-030.png,90599,8eda3bc6f92e017f47cbbdef17aec5bc0026eef9dd1c0941feab8f577053063e,763,1083,724,0.032391457,0.026592314,false,false,false,false
31,page-031.png,144053,95f0c91c2a58e1186893ddf39edde384d069ff05c61dce260a14f11f55625ab5,763,1083,1416,0.061211697,0.051262875,false,false,false,false
32,page-032.png,149604,02bb45535cadfcbcc953b517cb20e1096e346da533bb86a75b94d34c2b486a98,763,1083,1506,0.060467441,0.049802197,false,false,false,false
33,page-033.png,118819,02ab7a1740612c93223bafdbb19508fd5ba68dba6074aad1a97df3b923dfa3c3,763,1083,1087,0.048168466,0.040512919,false,false,false,false
34,page-034.png,60989,3624a08d720726f5514b7b33e076622df49acf57a97b50336e7a9860f34ae168,763,1083,647,0.025811753,0.021435772,false,false,false,false
35,page-035.png,7541,0a10b709f6e921179fcd479335e3b6c57533c873f9d63ec1b14367415bd192d5,763,1083,8,0.002689002,0.002548622,false,false,false,false
36,page-036.png,4006,1ae1c0b5c9050f49e9aae499e232840fd226372dff1fa18e92c768791eecb7be,763,1083,0,0.0,0.0,true,false,false,false
37,page-037.png,111006,eba722f3af8024fd35ccc0d85b940fcca6b0074a27d7a19f98ee9644858d093d,763,1083,1117,0.162964146,0.094957335,false,false,false,false
38,page-038.png,188356,1905ddd2a2a0286547debbeac6d5be8e83cd906caaddb2c7b191b3ff966a0b9a,763,1083,2113,0.084294512,0.069489271,false,false,false,false
39,page-039.png,157571,be5658e6edccb0f12fe7d15fec2077f06d6511888f8ee563d9470442b45fd110,763,1083,1519,0.066691354,0.054881288,false,false,false,false
40,page-040.png,199794,28d2badef00768125696f5df07cef73354f39f4a1ceaecad40a3a16ff7c4228b,763,1083,2060,0.084479669,0.069719204,false,false,false,false
41,page-041.png,150220,59ab6a0a071e560900e354843bf7673337e6e5aed86c8f7682caeb0a205ea580,763,1083,1422,0.059567073,0.049235837,false,false,false,false
42,page-042.png,169231,5ad3a722b146df9dc8a22ceffcc7d25d2d4efe560fa40f6041b1c6205c996d9a,763,1083,1712,0.071857577,0.059706243,false,false,false,false
43,page-043.png,168869,ca510e46054544d7fe41ee22b882f989cca153f92e02bfcc12ae24c085643d22,763,1083,1578,0.071909615,0.06024961,false,false,false,false
44,page-044.png,146702,a0235d2ce136c91cd8ea83c0b185df2b159314482756cbe28c8be8e4b8c5311b,763,1083,1351,0.058474288,0.048406869,false,false,false,false
45,page-045.png,164569,8dd7571bd25a0526fdefff89c8641d10b1ce75aff6dabbe6ac49cc091e07f649,763,1083,1599,0.066778487,0.055297587,false,false,false,false
46,page-046.png,163070,4db218998c0dd763dc83ec93f5a85405650b8eb2717c7babfcd2214224af58c3,763,1083,1531,0.069265389,0.058060409,false,false,false,false
47,page-047.png,146983,cf9be88855c2cf0e9c719ef22734232d573f58ea3fac33b97b390c1813899358,763,1083,1365,0.055502106,0.045938119,false,false,false,false
48,page-048.png,187784,81c145cb64d0efb20c5433b95ce447763da7329c1c0eb5b5fc623aa4c2dc4095,763,1083,1763,0.073910029,0.060981764,false,false,false,false
49,page-049.png,138507,abdb7339a59ef16f344f8de546c1bfc120bd7b5ef8352234ba6ded1404055650,763,1083,1409,0.056478715,0.046431869,false,false,false,false
50,page-050.png,122415,3dca7f0611c2d44dc7c01ce08082cd17ba5b860015447a71ae8dade54b095dc2,763,1083,1102,0.045385071,0.03720673,false,false,false,false
51,page-051.png,128413,5c6210b9c15dc68869cd09dced6935c6564c86c14f0f3318c63abf2e71ef768c,763,1083,1212,0.049695702,0.040821513,false,false,false,false
52,page-052.png,149887,8186ce912474616d9f8cd37effc85ee32e86346cd2de5bb7821de4e17ce84799,763,1083,1358,0.056804251,0.046977657,false,false,false,false
53,page-053.png,149892,02a8eb23ea65baa8fcf92131839e4cb2468373a3ab266e817d8feb5586d422c5,763,1083,1362,0.056459352,0.046724731,false,false,false,false
54,page-054.png,160128,ebdf0f1123abb45be1fa6b59ed5b3ccad40666f062c0779f50a20c093ff8b068,763,1083,1461,0.0676486,0.056477505,false,false,false,false
55,page-055.png,191366,b75972411f95cef0d57c9cc61600fb216c1b75842aaf6a2527b74866d9c8c60b,763,1083,1889,0.077565957,0.063909169,false,false,false,false
56,page-056.png,144551,bddf5f089b8fcb01ed85b438c44b140b3e2838cfe320e481bede10d417750cf8,763,1083,1375,0.058544478,0.048386296,false,false,false,false
57,page-057.png,178845,efbddebae36150200ff6e1866f00402c9a72970e29fd67f24cda15452272288f,763,1083,1858,0.074989502,0.061736911,false,false,false,false
58,page-058.png,188302,312d7a13f9b17e8373cf94143b5293eda487ef8767684121e0be393f6934c8d3,763,1083,1846,0.075633313,0.062271807,false,false,false,false
59,page-059.png,179854,a83cb45447f1d26a449cefb34628f88359ad736c5555f3cf134f82b405bc2d14,763,1083,1741,0.069800285,0.057299211,false,false,false,false
60,page-060.png,137789,212517a9c0800bfaef1fcf722fd3a04b8998c9e8902c30ad7e1aec63224bdc43,763,1083,1348,0.052250375,0.0426997,false,false,false,false
61,page-061.png,152814,4f1d5af045f21bb777992f591dacc4128a02473afcb87149529d987336a1ebf8,763,1083,1415,0.062886574,0.052193497,false,false,false,false
62,page-062.png,186343,b09d1709e7ea3062b178e51e2d81791036d3549e8ec61e7f4e6977344cdfedd6,763,1083,1839,0.074434033,0.060969662,false,false,false,false
63,page-063.png,178189,b2a2d3a8c83234a04e499398fbd5cafeefde1c8c8a2350ef75850f7b478aae41,763,1083,1810,0.07250744,0.059160455,false,false,false,false
64,page-064.png,161543,ae37a4146fb309e17a98aca3fd8486da9de437f00a7246b25c1b726a143ce2f6,763,1083,1702,0.06546303,0.053563411,false,false,false,false
65,page-065.png,164037,5853ad3341a0b588134149a717794c9586659bed7c0dc18d4655e958f044e4cd,763,1083,1613,0.063795413,0.052318144,false,false,false,false
66,page-066.png,169252,51790f9906593e955cac83d86b3c307f417c73e867a3657a643afaed2a895ccb,763,1083,1649,0.068939853,0.057041445,false,false,false,false
67,page-067.png,125340,d27687b8ed1331b8d34574a12074236e1de1f88567c0ac28af19996e2b7d2d16,763,1083,1091,0.047423,0.038961479,false,false,false,false
68,page-068.png,175735,f01e22d72e4fb303c035da7a7d9bcbc562203237fc71f0be5b1302fdb0b9c553,763,1083,1765,0.072216998,0.059729236,false,false,false,false
69,page-069.png,180774,3c902824f565c34b0285543e4b06274d95809715d5476ba568f9e6e50b9879b8,763,1083,1840,0.074437663,0.06081355,false,false,false,false
70,page-070.png,135251,cb1de5394d2ef79739f73eddf8768fe613878f77da1dbb7810a77b39217096df,763,1083,1271,0.055353255,0.045723919,false,false,false,false
71,page-071.png,93780,af9f7b85491409fb271a4a8026b4db4ffb1260e5c18fa762b58bbb904e6ffd29,763,1083,697,0.033882388,0.027950126,false,false,false,false
72,page-072.png,123574,89e2f8a37ae41cd9109a3e557f77bb0c27ad3acdd7a3c8b5a3ce3fc8ca3d5dcc,763,1083,1020,0.052958325,0.044124072,false,false,false,false
73,page-073.png,148875,2d1aa6ca013018e837229c2bf37fee5072c176280da6430dfaf44601998302ba,763,1083,1438,0.059273001,0.048698521,false,false,false,false
74,page-074.png,152647,4eaa9ed04084e4043556f55b0a119689c1fb172b14e844615880afb43feb6d4f,763,1083,1366,0.056339545,0.046220089,false,false,false,false
75,page-075.png,183319,257f789e52240808fb4bfa2ea433947284362100ab4466389a55ee221db2d3e2,763,1083,1713,0.073194817,0.060272603,false,false,false,false
76,page-076.png,181469,1d0ba63a05f5c739f7f9665d7dd82a2c69faa9918c0fe740705f56c0a3160225,763,1083,1827,0.076744251,0.06377484,false,false,false,false
77,page-077.png,184375,d3148cc48714a150238c00baec86128477b5593cdff6d7b7b1b4d0a216e9caf3,763,1083,1894,0.074590145,0.061664301,false,false,false,false
78,page-078.png,157587,1ac3067d6a7bf85ac44a22e36d04f1a4cae45905281058d39941b354a80dd2a1,763,1083,1435,0.061354497,0.050749762,false,false,false,false
79,page-079.png,147013,af17c440d05fd58318a4cf667a37cd26fd0b61020516aaab8405e8c9f9976ef7,763,1083,1311,0.056120504,0.046307221,false,false,false,false
80,page-080.png,130521,5755b3dafecc673c65df9501dddffdf9d766bb1275e465d8f73efbd3d62fc4cc,763,1083,1136,0.04686148,0.038539129,false,false,false,false
81,page-081.png,116672,14b38acfe8899a41fdbd75dd6c5839406c6dc9d5113bc8dc3a80ab996849aa8e,763,1083,1026,0.044079295,0.036355979,false,false,false,false
82,page-082.png,139944,cdda56941bb734d12ee0d1ad025c74c486108eaa8ae97af431288875cb06d75b,763,1083,1300,0.05411767,0.044571835,false,false,false,false
83,page-083.png,151463,f939204733db2502608c255b49250b6411859125dc84ffd83e830624ee21ca0b,763,1083,1396,0.059623951,0.049130552,false,false,false,false
84,page-084.png,173884,23a947f074bd75b1270f4d9a821dbaa620a4ce91683c44bc26fa355154254e7d,763,1083,1672,0.069790604,0.057825636,false,false,false,false
85,page-085.png,154843,8e3f140ceb545f1a8aa236308278a9e8c228b34140ae4a163a4098e988c331f7,763,1083,1517,0.06095393,0.050036971,false,false,false,false
86,page-086.png,194674,d4293e494d84929d7663d7e818ac25d98ecb25860672cec7b31325511d56212c,763,1083,1958,0.08096896,0.067444081,false,false,false,false
87,page-087.png,182546,6e182bd7abf9c44601494c75040bb6ce1a0b258bb7d9e32f780481ab29fe07fb,763,1083,1828,0.077929009,0.065003165,false,false,false,false
88,page-088.png,145910,39443d0fac2505702d2c57f3ae3066f998ac220cda4c90176ec14979de81fb5e,763,1083,1261,0.05482441,0.045109151,false,false,false,false
89,page-089.png,136687,46b834d8da9ba5d9f5f8d017f2df38a055affeb4068bad7152e0ebd6e8e9216c,763,1083,1218,0.050695304,0.041790861,false,false,false,false
90,page-090.png,170512,9a6f86e88a3c60a5c093329ab0a291f7e5051e48598830c8107d46234fe614c3,763,1083,1640,0.067479176,0.055502106,false,false,false,false
91,page-091.png,162647,b56a9001ea4e8f3d100cb1401add156d3ff50c32e9fa818bd99c47ea1b843aab,763,1083,1625,0.070347283,0.058608617,false,false,false,false
92,page-092.png,165301,acf28792f3ae1f9f919e14cdc6187e8c6d07a0c4d8b7b6325754854ee0e5cd83,763,1083,1527,0.062387983,0.051314912,false,false,false,false
93,page-093.png,143668,4b4c523d61a83c2576c1914ba0caa6d9f6a6f1dbc86084e51fd7c6dc1abd2d1a,763,1083,1350,0.05503619,0.045349976,false,false,false,false
94,page-094.png,193491,45dc0928de48afa12a56a15e7d405f1849a2e66b999dd8311dee8b2badd54c1e,763,1083,1874,0.077547805,0.064162095,false,false,false,false
95,page-095.png,210071,cc9accbcc4f2f45a600cf611496b711f44d6773201445e4c18e41b7c77050ded,763,1083,2118,0.087975855,0.07300482,false,false,false,false
96,page-096.png,190357,dc3eb13327a3d092bb84812eb0bbb295ea19de51358e015432bf05295ab4baf1,763,1083,1837,0.076481644,0.063149182,false,false,false,false
97,page-097.png,178896,e785aa5150d78109bb14e9c3841d313fd6fc282ea6491c587789d48d1697d601,763,1083,1717,0.070989884,0.058588044,false,false,false,false
98,page-098.png,177768,ee0989f91f9d3eb935af273f21e2024c2eadc12bd826b6adae2bcbdeb0469708,763,1083,1766,0.073816845,0.061231059,false,false,false,false
99,page-099.png,172918,e6fe94da869634791ebb5ac54eb11f64b57f8845516855c6c6e060f10e259e93,763,1083,1894,0.068573171,0.057222971,false,false,false,false
100,page-100.png,153154,35e830ea32b28249816f0baf2dfe6368e6bbec86a80b6749ca84c0f09feb09cf,763,1083,1538,0.057002719,0.047162813,false,false,false,false
101,page-101.png,116393,8ad6e3317972e5ee2985bdabc3c0801063d0d4cde8a349587550383b9e512f98,763,1083,1162,0.042257987,0.035104662,false,false,false,false
102,page-102.png,127875,b7ce1b1cbfe0516ef8ea412f924550a24a241f0599193a4028aaa5b9a3d7aaac,763,1083,1294,0.047341918,0.039186571,false,false,false,false
103,page-103.png,109781,ef18467a1a986a6aa1fb43afeeb702c8ac605bce677ce100817d383511558e76,763,1083,1075,0.12655976,0.075127461,false,false,false,false
104,page-104.png,225881,ad0006c0ba4d25dd943f13ff3cda0f6872243e6d4220c2e42129db519a81981a,763,1083,2585,0.105483409,0.086523649,false,false,false,false
105,page-105.png,185693,26356d913c0c0dcb2fc7c009db3f1e1ae47c2ce5ed51b02faa8c79e15b5dd6d2,763,1083,1869,0.082928228,0.069515895,false,false,false,false
106,page-106.png,166142,5ec1b1519e3fefd64fdc57c0a3271afdaddc9b12e86f209c0337b9cc3a57726b,763,1083,1660,0.067044724,0.055264913,false,false,false,false
107,page-107.png,123572,7955b66659e9b692c5be79fa9387cd71bfeffb2cfc14d0f6b9b33c5ae2100390,763,1083,1201,0.049170488,0.040708967,false,false,false,false
108,page-108.png,141617,64f5ff84f9471e829c2ee7037138f0195b0dc88ac66dd04e53e5f1dbc56674f3,763,1083,1298,0.057301632,0.047753377,false,false,false,false
109,page-109.png,132358,c5b82ee4fe4fc3c8c0f99c74dd2ad9f43a8bb165b0871db51adf61c6cc987e8f,763,1083,1278,0.05426289,0.044845334,false,false,false,false
110,page-110.png,137854,8b7f4469371a17b0dd75d57fc97bd9c6df64b1137e21db78917b23befcadc1bf,763,1083,1355,0.056925268,0.047178545,false,false,false,false
111,page-111.png,164129,f996ba672ce767756413a087d0276cbf29824130532d9accca73c9a9a469ae2b,763,1083,1637,0.068715971,0.056752214,false,false,false,false
112,page-112.png,176093,2b4b4300c6af7bd7ffeadd4daa4ec9a1e2e873fcd4f2f22b9db977605dbdcdc8,763,1083,1753,0.07046588,0.057863151,false,false,false,false
113,page-113.png,151585,475ebcb409e36fd66d1330839ee596735b3b8ff9153acc23164ad6e3cc88108f,763,1083,1407,0.062254865,0.051674333,false,false,false,false
114,page-114.png,135503,67175c15d0b902a01c12c1883def2ff5c0e5f4ba0aef2d64f0bfb54440b1ab45,763,1083,1317,0.055855476,0.045769905,false,false,false,false
115,page-115.png,151285,8cae6e5b73ce3570b107589b0c64e94bab9905214c5134cd61aeb0cdef9baac7,763,1083,1449,0.059377076,0.049019216,false,false,false,false
116,page-116.png,132553,07b7372608dca311f9545bc0a10016f712641e6bb74fee94b8d353bb965ee066,763,1083,1342,0.054973261,0.045429847,false,false,false,false
117,page-117.png,157072,3ca13c93381a49c70487d91246159e34127e9f3a0f039827d1c36fcf69cce1b2,763,1083,1554,0.064991063,0.053430292,false,false,false,false
118,page-118.png,112974,0af71129d07ddf2c77dccf8533435318e2fd3deb1021e8a5bbd2cec23ed7edba,763,1083,989,0.041402395,0.033970731,false,false,false,false
119,page-119.png,109180,4ca51ee1468779cdb5cbb9b0c397e2ab7bd7f6669eebe9c95af72377e6742d9a,763,1083,916,0.04178965,0.034869888,false,false,false,false
120,page-120.png,122091,9b0a0b06adcb5c281b1c33210672ab96d076f8dca309cfcdf7e820167af13fb8,763,1083,1130,0.047992991,0.039558094,false,false,false,false
121,page-121.png,179150,c866646f9d9bb0541ad1708ae4d01aeb3dd8f9d54d19ac7a2d4d202214a6be27,763,1083,1785,0.076986285,0.064007193,false,false,false,false
122,page-122.png,164735,b22a020e0a4284aa612865935e00516faecddb8803583a3865fb0f20103ec3f8,763,1083,1584,0.064779283,0.053331058,false,false,false,false
123,page-123.png,141275,c0afa192c3eb14ffa0ff846ae08691e6730db708fe01a200b48b91922a40aa5c,763,1083,1366,0.056293559,0.046448812,false,false,false,false
124,page-124.png,127901,4a203050ca644158fedfc18dccee32ed9448c0f21d77cdacfa5b1cfa961751f8,763,1083,1278,0.051900635,0.042454035,false,false,false,false
125,page-125.png,148641,99ba63fa2df530959ab79e1460ceadbc214dde174dba124a82ae25a2fe7b6acb,763,1083,1585,0.061130615,0.049846974,false,false,false,false
126,page-126.png,188311,c695dc0c26b3cc485aa45a23d0c1dfa8d7933703ebf49c791d1d5e697f0eedd3,763,1083,2029,0.081713216,0.067758726,false,false,false,false
127,page-127.png,155568,7f587be0defd8e41b6ad445eebd2cc98ebd36c4afea730cb3047cdf10e27888a,763,1083,1531,0.065177429,0.054053531,false,false,false,false
128,page-128.png,158796,297c331b88fcd90d781a6166f0d5a5839ba6e78dcfcf5d32d4146503ad104d84,763,1083,1523,0.061020489,0.050396392,false,false,false,false
129,page-129.png,152316,50ea39f25ab168181437ef6c6dded0e6172519cd672786997133ff76bbba8757,763,1083,1470,0.059086635,0.048596866,false,false,false,false
130,page-130.png,181548,ca9911626240021bf14ca0a4e873e8a7de3c6e0434db37fd08fcf42c976d413d,763,1083,1796,0.07532835,0.06257193,false,false,false,false
131,page-131.png,192177,fbdef59b82ec996e9696d40569b0a031315c58f942cb23f8d46bf3d2491e17f2,763,1083,1830,0.075574015,0.062343207,false,false,false,false
132,page-132.png,162918,cc8334730ec0e7332730cade8c12c1e286f80aeb42c53b7c2f545398b6da898b,763,1083,1580,0.064680049,0.053504113,false,false,false,false
133,page-133.png,158730,40adba47ea8ffd56ab03f507010945e8a24ba6786216d89cc4a620919774009b,763,1083,1504,0.065576786,0.054968421,false,false,false,false
134,page-134.png,169733,a74fbad7cb2e5ac4ca69aef743be9390b8214ae965f4ba92ab5a51049204039f,763,1083,1620,0.067699427,0.055799809,false,false,false,false
135,page-135.png,124816,f79e3b3d4a416de7cf77d9486ac97728ab707a02f2cdec2b318644b07f45463e,763,1083,1183,0.047156762,0.038234166,false,false,false,false
136,page-136.png,133848,67181189f0b5540ca2a650aa93ea8c7cf2d949d18225e65281b8c67c072693d4,763,1083,1215,0.052372602,0.043223704,false,false,false,false
137,page-137.png,104629,e1c171c0fe18a94b89b2ce143972c45320db02d7799b4e337b0384835dc6fe1a,763,1083,879,0.039232557,0.032522155,false,false,false,false
138,page-138.png,135210,fe98e4efe4594c57b4cae573eb901fc61f1aad82e0cf23aa8fd9c32f48749f90,763,1083,1233,0.053299594,0.044268082,false,false,false,false
139,page-139.png,146934,78b8f30e2c668773f61764d434056cdacea44afd5305b0a6ccc1ac9ca3a84838,763,1083,1383,0.058175376,0.048071652,false,false,false,false
140,page-140.png,175632,cd326b632766677e3fb6bcaae1855e33da7fc616f36e32f431e8af55d22c7351,763,1083,1713,0.076359416,0.064048339,false,false,false,false
141,page-141.png,157986,386fcaa04cb08a87e14e37ac5ac9692f3afe0e3aa93c2e4b8ff4e8242d239003,763,1083,1565,0.063502552,0.052333877,false,false,false,false
142,page-142.png,184051,0781ef31784c4040373845e720994632cd38c9a70ba99d7e45fbc7282afe109f,763,1083,1881,0.076499796,0.063258097,false,false,false,false
143,page-143.png,159982,d45d9ab144c0abf7e1f028840fbba9b388909b9524247a659a62afeca7111787,763,1083,1500,0.067261345,0.056147128,false,false,false,false
144,page-144.png,140836,905d69e98386209b66c2f560ba440353f8fe45c5f165eba1ec112346443b0847,763,1083,1355,0.055028929,0.045553284,false,false,false,false
145,page-145.png,175559,7fa4e70ea80f820c4f13e9039e3ef85148588d8d80a110819770eb8e2dc19e2a,763,1083,1662,0.069304115,0.057108004,false,false,false,false
146,page-146.png,170387,dc2b203af29daa4aef3cae5feae1e6b970b46a957cf571b6eadbfa4d46f44b77,763,1083,1608,0.067382362,0.055512998,false,false,false,false
147,page-147.png,152946,8bb84dc80666a370c6324d2a638a12bdc307758d6775919036bb9f78d37a2363,763,1083,1435,0.059574334,0.049502075,false,false,false,false
148,page-148.png,193993,6b4ab78dac4430caeb13e6152f5edee6b6cd2287fe0782943c44a73c4e85b6cb,763,1083,1949,0.08125093,0.067814394,false,false,false,false
149,page-149.png,128200,2f8b61a68ab8d71c02f5aa63ae867fb4ac35a7b4b537be3c6220e0ad243dd4a9,763,1083,1170,0.048795335,0.040574638,false,false,false,false
150,page-150.png,174188,9b61a8eea0fa7dd3c1bdffbbe1bd19098580c66bbe492c02be2e70f341cee7bc,763,1083,1714,0.072223049,0.060385149,false,false,false,false
151,page-151.png,165164,aebdf5896e7b61986c4755410742922aa2c0926014923e7e984284b286d2ae9f,763,1083,1598,0.066699825,0.055004726,false,false,false,false
152,page-152.png,141898,9ac84b69ee3dab7c2538e1ceca7806d296ccee504ae22b6af4e58c97c6dcaefb,763,1083,1431,0.056322603,0.04629996,false,false,false,false
153,page-153.png,174619,e335708db86c98162efa68fe28a315a2b469d5551fb5b7e641234f0fd8e3d0b7,763,1083,1669,0.073728503,0.061540863,false,false,false,false
154,page-154.png,175701,18482436d167a8ca9088d2e0a2f02f37f6a9cb033d426d78c176c03ee89586c1,763,1083,1678,0.070712755,0.05820563,false,false,false,false
155,page-155.png,209787,5cbcfe297c2b4e96c40700c9e61876d7e129d88b20ff4005586b52462ceec3d7,763,1083,2069,0.085079914,0.070158496,false,false,false,false
156,page-156.png,182168,dd14c3b6bd9ef593723494030261d8c9144034bab9036a6220c7599aad084a5b,763,1083,1769,0.072256934,0.059431534,false,false,false,false
157,page-157.png,164444,16a06465f2cabd5c4f60b6c70c054932a1ad26b16a75e3ab92acf23bb9e8d219,763,1083,1598,0.066611483,0.055309689,false,false,false,false
158,page-158.png,163933,89f5ba639bbed65319800d1a8a9f62f952a5e75deb7d1e096fd267a0628ac04d,763,1083,1500,0.061499717,0.050442378,false,false,false,false
159,page-159.png,163534,6df20ed25c7992d5638a06fac40a6e980baa174579cdf228a3c642236245504e,763,1083,1637,0.07025531,0.058537217,false,false,false,false
160,page-160.png,178473,cda9ce9d8ff0d28b30906356a9eef6e649a3d13a6242412294a24bfa5299b884,763,1083,1663,0.070515497,0.058102765,false,false,false,false
161,page-161.png,153217,dadb4887c0a9158ddcc82111883c6288644c275e49b64bbaf238dfd1b938a193,763,1083,1437,0.060083816,0.049802197,false,false,false,false
162,page-162.png,161295,29b4550e84fde49b7f6f2918f8c1cb3b8a2038ac8841b37b3ec34e33bd5f558f,763,1083,1590,0.065223416,0.053953086,false,false,false,false
163,page-163.png,161029,8514d8ce61d375620119549fa53dc55d055ccb38081066f9019f8c9345519186,763,1083,1530,0.063939424,0.052833678,false,false,false,false
164,page-164.png,159895,46376cf465ad33e36b97e234d3d21aebfc4e8cc4b7d4eaf9dee4948591488a53,763,1083,1508,0.062902306,0.051630767,false,false,false,false
165,page-165.png,167647,2d61cc0c5b711471d93acf1c6d171f028c3c9e8182390d0f109a2a5ff4c617f2,763,1083,1543,0.064325468,0.052699349,false,false,false,false
166,page-166.png,144332,3e92a95710e3c66c7861092cc61829de470d6ea654dd19004f5b0f94443ceed8,763,1083,1467,0.05616407,0.046676324,false,false,false,false
167,page-167.png,163292,d62bd9cd85e0f02dd3929568f70b8bb5814ad25eabbc71a6bb7809487d21b2dd,763,1083,1750,0.063265358,0.052235853,false,false,false,false
168,page-168.png,149335,8889be855b39220e98fdec8f85964c5f4d151efd21cf3f0de097500764467f45,763,1083,1556,0.055625544,0.046033723,false,false,false,false
169,page-169.png,173956,0b0b40217819c10827af2f9099b77abacd38e5ebd7c2e169ae87cc2828664601,763,1083,1860,0.067358159,0.055719937,false,false,false,false
170,page-170.png,117920,57bddd555e84998d0ef1c0bc91e85e5465b087adc316ccc21e85bef91f4fe33a,763,1083,1270,0.045054694,0.037552839,false,false,false,false
171,page-171.png,138219,5f2e0ec9f08b96ad7881b8a7ded6ec9855d36235a715a75ed703a36fa470fe87,763,1083,1450,0.133719136,0.080139993,false,false,false,false
172,page-172.png,187925,fb9e469a5bab1486d9779ca3c46547f27f1d5c4268dbb838e3514970b4167278,763,1083,2097,0.083493379,0.068593744,false,false,false,false
173,page-173.png,193576,84a66bbe989dd22f0154d90cbecb8a9548ea0a0da0f51e07b1fd705bf032223e,763,1083,2132,0.085279592,0.070582056,false,false,false,false
174,page-174.png,157400,c564b07d2b7cf292d2ba96c57ed7c913916074a5a22fa1556866adb5eb5019b7,763,1083,1707,0.072491707,0.059494463,false,false,false,false
175,page-175.png,182792,3c7b85bc845a93f02a902f5dbc8a9d39c0def5c6276b7dfdc19548660544792f,763,1083,1764,0.075534079,0.063010012,false,false,false,false
176,page-176.png,195648,19daa8de396026e4653b69d22ed1a1d08c7766c6c237a10719502f654e40f822,763,1083,1922,0.081653918,0.067431979,false,false,false,false
177,page-177.png,154539,20296761ce62fc8e07b8cfc3aeb694b17f89c9cc46b3025d0a72ce04a0a007e2,763,1083,1487,0.06144889,0.050822372,false,false,false,false
178,page-178.png,146126,9acdfd0d0b6d94312e0bbcf89021a7af152dd5f38a1587bf9c367e893394cc9e,763,1083,1338,0.059804267,0.050218497,false,false,false,false
179,page-179.png,148966,80e2ad67772913321b2f0d321557df3892c899de032db4513a36515bb8df3c1e,763,1083,1390,0.05630324,0.046303591,false,false,false,false
180,page-180.png,164980,7111cea5cce8833b4c89a3aba6f3a1c30f3ba740cfb1e1fb51d49ff078d21a92,763,1083,1536,0.063483189,0.052540816,false,false,false,false
181,page-181.png,158553,6a780366062f067d078cae319153aa4c981feb5402880fb2cf197ecf21b659e0,763,1083,1446,0.063177015,0.052399226,false,false,false,false
182,page-182.png,129154,29c01c89ddde034e63e7946041efd021ee97e37a6c4ec95cf6b3a31f9dba4596,763,1083,1102,0.048440754,0.040017959,false,false,false,false
183,page-183.png,127766,c184773e359696cf3eaf359092204025bb17fd9bfe3d208e378deb0aff8aab24,763,1083,1146,0.049590417,0.041098642,false,false,false,false
184,page-184.png,119945,9c5b779b8fa239fdda922ae93918db5c8570a59a5ad8147b4da7d4151f534abf,763,1083,1054,0.045088579,0.037636341,false,false,false,false
185,page-185.png,171869,ccd1c49229212789e699911aca8a5fdebe34e5a0c28cbd8087a0d716a32555a6,763,1083,1598,0.067194786,0.055839744,false,false,false,false
186,page-186.png,157621,e6b43f7ab2de4835e520c4d41c4012d287d02907ecb6385803aba8c062436c12,763,1083,1497,0.061033801,0.050389131,false,false,false,false
187,page-187.png,114106,40c82a8d3643cb1759e4e364bd9e0ca535fd460737a04aaab1a57203fb01323c,763,1083,968,0.040241841,0.033366855,false,false,false,false
188,page-188.png,127851,c01d785f7529922f9cc0d4758e3a5e3de275cf1f69be281fa7078377c5b373e5,763,1083,1141,0.047372173,0.039136954,false,false,false,false
189,page-189.png,134727,e927b8c0556c8f67c7db248e7e1ff2efbdbc571b6ac0a36439ad70477538ab76,763,1083,1248,0.052578331,0.043483891,false,false,false,false
190,page-190.png,120497,6593bc48b11be73497134dc18826e34ed420e42c646415f15907a67d759790a7,763,1083,1083,0.044642025,0.036769858,false,false,false,false
191,page-191.png,137283,d25157a46477126b9275d513216610e40e66f419e2362bd4176513ff57d34eb1,763,1083,1314,0.057769968,0.048235025,false,false,false,false
192,page-192.png,161571,1bfb6b19dc9a77b56dd66028697bda72fc2e55bf7940dc69bb53208f356657c2,763,1083,1618,0.065609461,0.054245948,false,false,false,false
193,page-193.png,143298,185a00b3ae36aa4201deb2c28352384044b59422c9f15f02e2bf6ca3848270e2,763,1083,1413,0.055512998,0.04580379,false,false,false,false
194,page-194.png,108205,93746cfa14b6d89ff17642e51933a6bd32de00bf243c569a0cade37cdcf31c85,763,1083,1007,0.043169246,0.03579446,false,false,false,false
195,page-195.png,143036,316361994245dfff91dd47df035c1052841e906e5b47fa6b2a7dff261710f730,763,1083,1322,0.053880476,0.044318909,false,false,false,false
196,page-196.png,146653,bc68898bd236e66d56e85e89d4cb1f63d641624648745875f166bf79c1437b62,763,1083,1439,0.056928899,0.047005491,false,false,false,false
197,page-197.png,149500,122cdc3fe0116223577fc9109be2444a95e542e4965153f22288c99b22aaa0de,763,1083,1455,0.057907928,0.04777758,false,false,false,false
198,page-198.png,157883,08aa38e78d274839a93ef7a8a10da318b290d1166409f063234c4f7907e6ebeb,763,1083,1562,0.063894647,0.052816735,false,false,false,false
199,page-199.png,152096,5af03ce5e76be5031132f59fd6c1c1625a7d507f137d1f92ab90edcce7f22970,763,1083,1557,0.06116571,0.049942577,false,false,false,false
200,page-200.png,157537,e70e126f0ed09c912694ecae2e91616d6bd63e26fe2dde130572e25e224fed2c,763,1083,1405,0.060578777,0.050253591,false,false,false,false
201,page-201.png,154396,b2b372d4a17b2f14373ef7fe1e7edbd16327146cf7bb7f27cfe2bf20ec40ab74,763,1083,1538,0.063659874,0.052699349,false,false,false,false
202,page-202.png,183057,a4ac069cf251d9bed8a98d4f1662f3bc145b719f0e8be315c8b08c9e7342cc1a,763,1083,1930,0.074389257,0.060503746,false,false,false,false
203,page-203.png,137023,9e85d85509a819b8ddd09ed93e03ba53f5cf516369ad5f627d06821e157ec8b5,763,1083,1240,0.056056365,0.046902626,false,false,false,false
204,page-204.png,140341,bd21b95cb9381dad7ccd4be65bf57646b9157c9eebc38686a588377401d0795a,763,1083,1376,0.05616407,0.045930858,false,false,false,false
205,page-205.png,161474,22f84403dd32f7338aa0bec9351e7bd637227fb8dc239350a8f615a7f9535601,763,1083,1489,0.066847466,0.05574051,false,false,false,false
206,page-206.png,150254,8ae4b790f2bfda890ea14ec5b10623c9c4eb797ea9a19f80b8663ae4c5185dd0,763,1083,1364,0.058467027,0.048372985,false,false,false,false
207,page-207.png,109457,eea9c1b5017493353e7fce117421b8e5c156ac655b6a24f893114748474e40ff,763,1083,919,0.041208768,0.033501184,false,false,false,false
208,page-208.png,114803,b9c60280381f618e2de83ea0caa9c2ff910ddfd6c48de093e13d3922b12e29d6,763,1083,1047,0.042193848,0.034819061,false,false,false,false
209,page-209.png,128791,b6f53ee1b6d17a782d1b3e1eb0fc9f750382e331ea26f5e5b0f09197f79ea602,763,1083,1105,0.047005491,0.038559702,false,false,false,false
210,page-210.png,128703,2cf667b7287feeee99b3bacba6de0fc227d6d836760b405544d23c6866218417,763,1083,1155,0.047133769,0.038528238,false,false,false,false
211,page-211.png,145460,4ba3bff86f6113e7e884620c6642f8dc94a311484c184763f3b90a9a042ff089,763,1083,1281,0.053599716,0.044305597,false,false,false,false
212,page-212.png,144637,4398e5c4c9f95576f3fabaec384fd50ee8b038d91094ccb18ffbb0bae80eee69,763,1083,1341,0.059701402,0.049901432,false,false,false,false
213,page-213.png,147687,880d2908686b68ab675e0900cef376f1ea394dccc01bdba375ae21d73e53ac61,763,1083,1510,0.059072113,0.048916352,false,false,false,false
214,page-214.png,122198,40c8a4b08c99fd5569c3dbd628691ae5f0980e0e686847397d2a8747238b68e6,763,1083,1116,0.04629754,0.038419322,false,false,false,false
215,page-215.png,169731,7fb14c4e7954880adca7b4c300fd2a00bddb76b0924d5efc7ad8d190e304ac21,763,1083,1727,0.067546946,0.05503377,false,false,false,false
216,page-216.png,177089,d70b4062d10caa7aced7ccddb0a2964ef1f21759aab3a43c1b07c57d458ea8a8,763,1083,1624,0.071679682,0.059707453,false,false,false,false
217,page-217.png,158250,7298009ce3f7320e7c2570368f39a1a42987b78bcbbf8767c7d5ab076c0aaef5,763,1083,1474,0.063123768,0.052026493,false,false,false,false
218,page-218.png,120607,65413fee60ea549f1ad0c339e4bcd10e390a2653783b1233898efd650820d6a7,763,1083,1211,0.050003086,0.041318894,false,false,false,false
219,page-219.png,140335,911ccba66bd17186caeeb61b6224f1981cf3ab44f6ff5146744befd008cdac13,763,1083,1397,0.056112033,0.046189835,false,false,false,false
220,page-220.png,146804,da7bdbcc4c7c6830e9fa9cb537ea3ef35b093a12848816f36e0157ad5244867f,763,1083,1365,0.058424671,0.04841171,false,false,false,false
221,page-221.png,167881,b73198c8381ea41ff75ca293f9127194973e9916f279996fa34b333a8b1e8e76,763,1083,1701,0.068055218,0.055710256,false,false,false,false
222,page-222.png,152410,7d8563bd8d05966e28385c2679d54a3ec7c807f8503478ec2186be144b9a57c9,763,1083,1496,0.065925315,0.055122112,false,false,false,false
223,page-223.png,126311,d6ea2d7e452c1277aed4f23a1d7d2cbef0df4f2f79783a80f2e28c3d532968f5,763,1083,1230,0.050326202,0.041046605,false,false,false,false
224,page-224.png,167809,df8701848aaf2212816e90950d77f73b06f74619af201d0db66f24beb95d1f08,763,1083,1645,0.066578808,0.054794156,false,false,false,false
225,page-225.png,147068,b02cba3e91381ed7a5508c05525ee6c0739ec6b383cf7a7510c5001997807d1b,763,1083,1341,0.059749809,0.050205185,false,false,false,false
226,page-226.png,147059,e34ac5a85ef6d9a4cabb40d60b9acc432236a10777f71030227302feddfbf15f,763,1083,1446,0.056406105,0.046338686,false,false,false,false
227,page-227.png,105003,40bafc82bd5f5144d0b88c3988445d722414260c2fa513617448116b2b333e2a,763,1083,978,0.039370517,0.032138531,false,false,false,false
228,page-228.png,129092,d4215bab92f3b2aa478493ceb26a86d21ce644834e2701574a689b949c63f26e,763,1083,1194,0.047582742,0.039121222,false,false,false,false
229,page-229.png,173159,77fd2b305f3bf445648863f109405f03f6acbb29bef67cf9334242aeb1e6de97,763,1083,1672,0.06814477,0.055975283,false,false,false,false
230,page-230.png,130056,35655357e75be87f73f130694efdc2e68d3df0b30533572c3fe9855ca0b7a6d6,763,1083,1231,0.050379449,0.041481057,false,false,false,false
231,page-231.png,160485,bd42efd5a99c55833c866698befc7a2aec809f514fa576640506ab655dfc9bd8,763,1083,1543,0.065419464,0.054445626,false,false,false,false
232,page-232.png,176004,3dc6477c4a9242c5d4950474ce6337bca434cf06f3c20d6b221cd3562435203b,763,1083,1768,0.070390849,0.057444432,false,false,false,false
233,page-233.png,129626,aa8d82786dd68a06199b7f1c26c7c21e11766280786a8ac1f6c96cce2a9830b3,763,1083,1180,0.048017194,0.039421344,false,false,false,false
234,page-234.png,157290,1c38abeec7c702cc2fc1ab378a6879dc24a77580e898dac163d5f251ac327d14,763,1083,1496,0.060405722,0.049584367,false,false,false,false
235,page-235.png,140552,466b1c2a1637102aa7740b0bcacde5b588704e352416b2c5428762e15dbad9ea,763,1083,1336,0.055220136,0.045697295,false,false,false,false
236,page-236.png,152301,0508e3a3a563a102e1e509a435a9da8a933eabbb93c14f4764bfadc647149d58,763,1083,1479,0.059496883,0.048510944,false,false,false,false
237,page-237.png,132809,b56d781e810f502dae32a4d9006999a982a759d607736c3a58c6aef02bcb57a9,763,1083,1149,0.047740065,0.039478222,false,false,false,false
238,page-238.png,151528,04dc85673b56cc9d9c19831391243baf5f764870d3ab036c82342c728eac3d39,763,1083,1349,0.058482759,0.048379035,false,false,false,false
239,page-239.png,163802,d2a637e56fd51fd76bf34c11570013f81b41de16b560a56e47f925ab59df94f6,763,1083,1592,0.065505386,0.053788503,false,false,false,false
240,page-240.png,135228,aab11862f9d7edaae82e336f35436a8918303a9c7eacd13d90d06599c43700c5,763,1083,1271,0.051394783,0.042013532,false,false,false,false
241,page-241.png,162864,67e10b1946ed34cd6a8777508096863cc3cfa669db31355e9ab826be600d0fd6,763,1083,1682,0.066749442,0.05454002,false,false,false,false
242,page-242.png,152776,6c41e49721937d35f9eb80840f9281b520ce988bd35332c5bfca843b187c9ce0,763,1083,1479,0.065904743,0.055200774,false,false,false,false
243,page-243.png,178803,67134d0c4db839794d038dcf895bd808a54879f558063ab95b3c8dd516ac41d2,763,1083,1697,0.071742611,0.058974089,false,false,false,false
244,page-244.png,122017,50ae56af117a461de04e382eae3011c21ed8da1b290ece2b2a9a3b9c3e35a48f,763,1083,1053,0.046377411,0.038149454,false,false,false,false
245,page-245.png,159109,5ae8281164bca32754b5ad554c23725b80802d11e3eba34ee29ccc281ca00287,763,1083,1543,0.065437616,0.053944615,false,false,false,false
246,page-246.png,143572,e6dc110fe19363a05853ed3d39e882c3a8faa2e45160056cf1075439578a046a,763,1083,1330,0.055195933,0.044971192,false,false,false,false
247,page-247.png,174725,9195a07cc4c8e7e7dea42e4a1469b25b120c8bed9181f23c9a93a388eb2434f7,763,1083,1693,0.068619158,0.056327443,false,false,false,false
248,page-248.png,139901,3fb6d877065d91099e3741729149330a53f4d1da2c7c3d9d5adba43cdeaf1c17,763,1083,1271,0.054337921,0.044945778,false,false,false,false
249,page-249.png,172654,73c6bd8a9732643affe7249329f00db5d7a973376d153d60a585f6b63bbb085a,763,1083,1714,0.069956398,0.057471056,false,false,false,false
250,page-250.png,144619,dcce801bec1f4f58e979bc56756b37fde18d7adb0e1febb03ade3f20de61eb8a,763,1083,1312,0.055534781,0.046026462,false,false,false,false
251,page-251.png,127503,3919627cfac162572eb47df4b4d2504f806f409b946565004514e903bc2e2573,763,1083,1135,0.049976462,0.041217239,false,false,false,false
252,page-252.png,182095,053d146eeb33d961c8d8cb19d23404062b9ae7bcdf1b0125d7c37a520f924716,763,1083,1763,0.07490721,0.061925698,false,false,false,false
253,page-253.png,163191,6bace77c3401abea02d1ee184ee902285f84ccb9a42e3cc9c37a4453e90a980f,763,1083,1567,0.065829712,0.054710654,false,false,false,false
254,page-254.png,151884,74a3b5627583182f757a8d5cd190638af710b84cf0bb545ff57f9a87ae7917e5,763,1083,1392,0.05925969,0.04911845,false,false,false,false
255,page-255.png,179420,127f3f1c083f8e8f49a3cc8a6c7ed819c5b96b497d51274b4dbbb71d9b708abf,763,1083,1724,0.071852737,0.059622741,false,false,false,false
256,page-256.png,188160,53a7546e6f3a0d19c3264706a8781103de750330929ef80e5206386337827959,763,1083,1823,0.07427066,0.061209276,false,false,false,false
257,page-257.png,151543,b066b5b0c2ea9eab7fdb8b02169f8b2937811af8ec0fa0eb026ccd3e4c41ac64,763,1083,1390,0.060005155,0.050068435,false,false,false,false
258,page-258.png,170424,5bb1b97d07ae5915bc3b423190c3ad2d094b5bbe0535bba30b0616de397fae0a,763,1083,1673,0.067568729,0.055614652,false,false,false,false
259,page-259.png,165413,95ee7e4f232c6bb8edf92f1c41fd3eb72973717f2334b3fdcb4ce085f98e28bf,763,1083,1608,0.067235931,0.055542042,false,false,false,false
260,page-260.png,182933,f4e2e67233d74b3145123d143bc821ce8e1ff2a7d26cc369dc727e39771e6ac9,763,1083,1775,0.074300914,0.061341185,false,false,false,false
261,page-261.png,193823,879ba8196fce624041c82a4f09bbdc347ff71420801b6eeb1541c9dc39f7ab99,763,1083,1897,0.078265437,0.064522726,false,false,false,false
262,page-262.png,174307,9abdb99d45689ba533dda35a0d1a9e78be291597e8ad916fe6cfe324bce754ca,763,1083,1563,0.068205279,0.056565847,false,false,false,false
263,page-263.png,173672,73ff450e161c50ef86d525a4813ec265779fb18330bb925bab96f47803e6ebab,763,1083,1682,0.069606658,0.057001509,false,false,false,false
264,page-264.png,160012,42bdf8fed594c510a63f2eb228f0b1be90a39fb9f740f84f8eb2d5c8a81ffd44,763,1083,1465,0.064097956,0.052837308,false,false,false,false
265,page-265.png,178625,7bfba0292dab43f2a2ed130eb80118c0fbeb5d877dcd7ab1d615d7669aa2d125,763,1083,1795,0.078509891,0.066202445,false,false,false,false
266,page-266.png,166170,6d1f2726cf7cc75ae0241a242a2803f8ad133c616ac9676cb6d0fdba08b0836f,763,1083,1599,0.066720398,0.05560013,false,false,false,false
267,page-267.png,147042,7e7bc29f84fee6ce3efe731c6e89d5c854fcdf4ee831a1200a9b6c29975131af,763,1083,1355,0.056753424,0.046981287,false,false,false,false
268,page-268.png,135296,13a09fa27cc676143684e28b0733eebd8d6e475614861c72bbfec2eaaefe79a3,763,1083,1367,0.054928485,0.044756991,false,false,false,false
269,page-269.png,142434,81cdd5281b741c0a7385df5c8f99a948d2f8232aeacc712d4ce3fd3ac9f08e43,763,1083,1371,0.05630566,0.046544415,false,false,false,false
270,page-270.png,130022,77ff173769f53591638fa5295edc5a6c0124c81e80c72b405f55514476b0a435,763,1083,1243,0.051733632,0.043024026,false,false,false,false
271,page-271.png,160128,0f93673d0c7303a719a5932d85e0a47c9857d21939e1cedc73f8aca7b9846a74,763,1083,1627,0.065356535,0.053535577,false,false,false,false
272,page-272.png,141663,32d074f7cf7f3109fac0f6e3ff31b6f184ce603bda7a8ad733b19a16d17f6a49,763,1083,1317,0.056205216,0.046842117,false,false,false,false
273,page-273.png,150934,5600fa9721cdf429a8b9c3fff0fa611cbf3e3e4c8442d5c2e8685dbecf936d34,763,1083,1477,0.058140281,0.048117638,false,false,false,false
274,page-274.png,170616,b1facb85d1558405225b2de5757f61b12c31d5b751ece4642f9549d7021ac6b7,763,1083,1780,0.063029374,0.051846177,false,false,false,false
275,page-275.png,163678,72baadf8255973fa1413d36e0108e57018a38ffb28909cdc0bdf09f6387422ac,763,1083,1683,0.06363204,0.052588013,false,false,false,false
276,page-276.png,186410,dce0b48be2280c6ede21a56dc3f327b66cb8028bd3f9bf2f4e4781853d231be3,763,1083,1977,0.069842641,0.05778449,false,false,false,false
277,page-277.png,205224,a32970d3ebc742c8cbb1dc174af35f33598b0dfe30197bce3590d6dbf05c3ce2,763,1083,2227,0.079718853,0.066011238,false,false,false,false
278,page-278.png,156802,1704db23f0d4c591dd021e997658ab7544efa101011d44d7b593b7bf87b7be2f,763,1083,1569,0.057828056,0.047444783,false,false,false,false
279,page-279.png,128893,b5f84fc0e20944a2d00801525ef6cfe09475a706fd97e62519b85e5297fa000f,763,1083,1408,0.049442776,0.040768265,false,false,false,false
280,page-280.png,4006,1ae1c0b5c9050f49e9aae499e232840fd226372dff1fa18e92c768791eecb7be,763,1083,0,0.0,0.0,true,false,false,false
281,page-281.png,105594,53c0aa0aa4a1fbd11e6e9cebd5f1613c0c05372e60241e86134a51ecfb0183f9,763,1083,936,0.190523387,0.10788197,false,false,false,false
282,page-282.png,215146,b082eaab0389d446ec953a6cb642ac8e26d0607ff6a081ee9f7b1c650e76cac9,763,1083,2301,0.092633806,0.07610407,false,false,false,false
283,page-283.png,178897,5bccbe7bed997fb0af23a51de2bc28fdfa711499d248ce52c0d2fb002196a6be,763,1083,2000,0.080144833,0.065893851,false,false,false,false
284,page-284.png,196355,87d0ea37ec5e986c90d7df247cb15018cd7e3b2fab10796169960d8665622826,763,1083,2176,0.091165867,0.07364137,false,false,false,false
285,page-285.png,160916,c31665a6161f99b869bf1fda4c6eb2f7f36bc3ff948495c9eff2109e199e74cf,763,1083,1668,0.07173414,0.059012815,false,false,false,false
286,page-286.png,185791,128ba04efad94c78914e7d01040f3dd847c1122aec889b185a84081add40020d,763,1083,1885,0.077039533,0.063934583,false,false,false,false
287,page-287.png,157637,c42197cb82616f91719b9e086482eed3a0e3202256f4faf7a4f918af700f0984,763,1083,1471,0.063760318,0.052917179,false,false,false,false
288,page-288.png,123220,4a912227fd0ce2f8e38d25f830b3d5e31099d8f698a1133e7a97770bc14c5cb1,763,1083,1111,0.04841171,0.039998596,false,false,false,false
289,page-289.png,126869,1f21d2cfd20772fcf5bbaf6329743f362ca269e3aa277cb2761a75b5b9faf7dd,763,1083,1197,0.050367348,0.04129348,false,false,false,false
290,page-290.png,160475,8a449b8db2a672f8cc0e0f8d3342a171c408251fab7eb4be6f52da342977038b,763,1083,1528,0.066926127,0.05531332,false,false,false,false
291,page-291.png,142201,f7c035c5609a0b811590be9b8dde244feae785a4529d09554a3b8e6946d5b8ce,763,1083,1330,0.059971271,0.050220917,false,false,false,false
292,page-292.png,155753,cdedefce75e4f122fa6c52ea456aeb0ec36d85731eba3f7666a3d9e6a0f1106a,763,1083,1510,0.064026556,0.053090234,false,false,false,false
293,page-293.png,134507,2ae647a7336b10fc34942b7f8bae1b28e63aa8a5c946a03e54cf08511be7346c,763,1083,1254,0.054479511,0.04531125,false,false,false,false
294,page-294.png,177447,dd0f58c513d3c76cac5275f994696c44ddeaa612cabbff9bc82b857662112702,763,1083,1764,0.07286565,0.060162478,false,false,false,false
295,page-295.png,134926,c6c7627d3ea4c4d2db82c0c3421ebd3a3a8b88d9da36f7e803ad9eabbc5103d2,763,1083,1201,0.054036588,0.044449608,false,false,false,false
296,page-296.png,202825,28c805092e9c034699ff10c6f67e131d1300de7abe8f61d9ca5dbacac0314a51,763,1083,2101,0.087260643,0.072273876,false,false,false,false
297,page-297.png,187237,493a91f52ee5388ec1e813b677ce3f1879dba6e00e8e028357f9fdc11ec13ea5,763,1083,1792,0.075312618,0.062375882,false,false,false,false
298,page-298.png,107455,41189571426ced8638997320b85a655f5197ac56470e31981f6b7f01810f573f,763,1083,982,0.042289451,0.035040523,false,false,false,false
299,page-299.png,80987,3a48a3b8ad22ed58680b8e7bc08c3abd419a36c351372e75630ad0116535218b,763,1083,682,0.028977562,0.023968661,false,false,false,false
300,page-300.png,130687,2938a518c4fa07c13feb48773e5579c79fccd9a069852de43d7a98108afb444b,763,1083,1254,0.05024633,0.041477426,false,false,false,false
301,page-301.png,182084,e32b8ee097946ff96d8e36957b72b26f76f237896fdc3ed77048a645642322aa,763,1083,1865,0.081708375,0.068159292,false,false,false,false
302,page-302.png,177933,046c2dff141d7d94b6759675a1b17b545f5831cd6fb9ed00ffd1528df42c8976,763,1083,1715,0.071720828,0.059556182,false,false,false,false
303,page-303.png,136688,ca323161e8dab603c48633d1f7650fda12f15edf429d909f6e1f93addcddbc7d,763,1083,1242,0.053818757,0.044479862,false,false,false,false
304,page-304.png,191325,029c96ca7e0a4f33457b6c009a0d1ac227e41007911219e96488a7e809d9f1b5,763,1083,1761,0.074544159,0.06109552,false,false,false,false
305,page-305.png,183186,5376808ed0999ad0f132395b4944acf0f46fe47ee5cd4107cb5ddbbdedaaac8b,763,1083,1756,0.074351741,0.061217747,false,false,false,false
306,page-306.png,206711,7184125c0af5d573508ed921445f711edf374b91a464c90f93530e1f86de29b3,763,1083,1970,0.083699108,0.069110487,false,false,false,false
307,page-307.png,150373,47cb47e2313595daca2221ed9d25c587991b8a412d422da894bab1bf6ecaf307,763,1083,1365,0.0596179,0.049798567,false,false,false,false
308,page-308.png,131995,9b5d7449a8605908127e9c19386f967669fe401834170fbea1fd1b4e50267a72,763,1083,1264,0.050848996,0.041913088,false,false,false,false
309,page-309.png,138661,d627c2ad3a52ab023cfd9ad81d58c5a32b627a318addc83e5cb5cebe5aa2c7ca,763,1083,1284,0.052764698,0.043629111,false,false,false,false
310,page-310.png,182940,e7eceadeb609abfe49ae2a6fa1d380eedd53875750427459a4482ea58b647238,763,1083,1761,0.072082669,0.059449687,false,false,false,false
311,page-311.png,145798,a44d917c0c6dc872c53a40cd8a73eea6e9ddc89dd9b6366e08afa4787c2219bf,763,1083,1409,0.059179818,0.048956287,false,false,false,false
312,page-312.png,178472,17a53d8b45e4004c2a3847a45332526ea12ab39d41b346c14f549d4a8cace141,763,1083,1619,0.069949136,0.057604175,false,false,false,false
313,page-313.png,163500,96a2dba328a11c498a1ead09a2a75548365237e394555c84fbbe093dc17b7874,763,1083,1523,0.064484001,0.053153163,false,false,false,false
314,page-314.png,198625,c1579e9a9e6a5633e2fd5fe58ac51db1f1f3a22aad330ccf6a8157ae76f6cdc6,763,1083,1970,0.082461102,0.068194387,false,false,false,false
315,page-315.png,176102,906724233fa3b257c8cd2ea5446afd7c7b52fd58e7e0809a2f382e308fd37205,763,1083,1734,0.077690605,0.065058832,false,false,false,false
316,page-316.png,183871,8b058b62ab5d562989247e0d042f99f744314bf6bae57a89fb2842d8d957af3c,763,1083,1750,0.072081459,0.059521087,false,false,false,false
317,page-317.png,153276,ace4e5ba2ddf56e4c0b51f5d55cef2c846986a2cf0952307c52e19f6f4590bc7,763,1083,1381,0.058296393,0.047953055,false,false,false,false
318,page-318.png,179668,a6f220516e0c5315aaf8cf51d28e2f55a66c1f711029b54fdaa4866fa0dc556b,763,1083,1698,0.071338414,0.059001923,false,false,false,false
319,page-319.png,163050,26abbbdeef482d13e4d66d56959ceaca26c4e8ba0ec3e3c6cce978f42301b7a6,763,1083,1506,0.064848263,0.053375835,false,false,false,false
320,page-320.png,191811,d31a94fb32f876c0d6ad274e9a7d47e1f50efe21cd808eb035616798d34a4d7b,763,1083,1922,0.078486898,0.064792595,false,false,false,false
321,page-321.png,164124,b37cee0b55f314ec4eed99d79312f54a9435e834df961d9c4940074c1a720dee,763,1083,1591,0.065927736,0.054512186,false,false,false,false
322,page-322.png,138425,0d73e29d5a4ed0d75aae91e969cccfb42cea72a9ddbe0800ff820cd43fea8b5c,763,1083,1340,0.056104772,0.046209198,false,false,false,false
323,page-323.png,126074,7a7209d248d08d6c2d19770d07dfe19f3a4c5c7439fec66d847ab29f9d51b662,763,1083,1108,0.047237844,0.038982052,false,false,false,false
324,page-324.png,155511,59d23c727e0adcac281683cb6a8783d23c2caaf7e6ace63b59c0d83058a687ee,763,1083,1520,0.061569907,0.050867149,false,false,false,false
325,page-325.png,202619,ebc1ed286ac15a1c78b0793a309a65e1403bb857bf14d064113c7082fd4d1271,763,1083,1952,0.081186791,0.067191155,false,false,false,false
326,page-326.png,154929,d4b522559a679441a6496c13d1c5766985d54773f1ba569f910ae12d5304c2cd,763,1083,1444,0.067669173,0.056419416,false,false,false,false
327,page-327.png,166358,93a1ccd58fa5d047d55f249677d28ec7c0754f78f2875ad69abc11b94c9509e2,763,1083,1620,0.069463858,0.057469846,false,false,false,false
328,page-328.png,168815,59d0652ac3e629a874ae4d2ce854f8eedb6b35005815e41312ec94c8559fcc52,763,1083,1552,0.064883358,0.053285072,false,false,false,false
329,page-329.png,144229,0c24c488cebaf378b7fdf179b090319c91b9d1ef136f141a2f10976738f5aa73,763,1083,1316,0.056584,0.046528683,false,false,false,false
330,page-330.png,158778,d48a8fc145a3b7e147c83f10be90dc31e2bc98fa0ac346c7d54bb3fe3c51077e,763,1083,1540,0.064309736,0.053073292,false,false,false,false
331,page-331.png,150609,cf361bcb0b94e09a7ebcd6c1f638f4c454904516bc1af5074ae38b1f0b9bc485,763,1083,1371,0.057335516,0.047558539,false,false,false,false
332,page-332.png,154439,860de68008e31c3f944f204e52a84fa0cb234dc5547a604f0714ba51b9dec7f3,763,1083,1491,0.064214133,0.053571882,false,false,false,false
333,page-333.png,180175,1bfd51999e3cac829e87da184d23c135480c62f6d28e827c268678fbb6f44461,763,1083,1831,0.076926987,0.063939424,false,false,false,false
334,page-334.png,174903,866b2ce3d73a36fe726d29d5401a423eed5e86e89f3eba3acc0a04f815a2435d,763,1083,1745,0.070766002,0.058387156,false,false,false,false
335,page-335.png,178752,e6352b2e459881772072df3cc3e60620983a0ad0572ed0141c75ba4830d729ae,763,1083,1739,0.073401756,0.060684062,false,false,false,false
336,page-336.png,164770,e6cfc5f177f0ee0515816ed15217b92c8e5e18986a726178242053df35e481aa,763,1083,1581,0.065011636,0.053436343,false,false,false,false
337,page-337.png,149086,21cbfc29ff689e8161d562d26e84672df9b3be4a46bdce62bb703c3a7aef8407,763,1083,1373,0.061310931,0.051057146,false,false,false,false
338,page-338.png,177509,45ed247c6024560e7575d35a4ab82ab49de753873e346b804e3e2576a84589dd,763,1083,1683,0.069682899,0.05721813,false,false,false,false
339,page-339.png,178574,5b15d4e4c487280ca2a85fde875ed554d35bc9bbd454074a64be88ba979663db,763,1083,1629,0.069071762,0.056908326,false,false,false,false
340,page-340.png,203954,467180fcf5ae568ee9cdb7fef11624d2a1ba5660f03d7a0ad9e7fb3530dc97ca,763,1083,2078,0.083751145,0.069241186,false,false,false,false
341,page-341.png,168171,c5a39d8968eb627953253635a01af70bf19aa771e1796e5e8893b6911df65744,763,1083,1626,0.067663122,0.05595108,false,false,false,false
342,page-342.png,198004,062754030477a31dc00cc13dd1d0c4769ea5730cbf6a1981cf7fac86b5843fc1,763,1083,1953,0.080722085,0.06666352,false,false,false,false
343,page-343.png,181574,2995155e37239b5082191ca6d1c7f3b9c66ef87600c9e755e6ea46a558578d8a,763,1083,1729,0.073434431,0.061140296,false,false,false,false
344,page-344.png,165554,8f4b4669757e12b82478078a8ada0115793f0d8b15c1eb031c51665f0f0c07da,763,1083,1544,0.064044709,0.052929281,false,false,false,false
345,page-345.png,182412,15ff67adf7a9e22e6ba2bd6bd2e211101c2f2466fb1e87aa10345b5d90901a66,763,1083,1679,0.069813597,0.058251616,false,false,false,false
346,page-346.png,173502,725f182d354fec6acde9108f458d04482b7c7acdf96fa9aec40f95a033fc4b99,763,1083,1658,0.069877736,0.057621117,false,false,false,false
347,page-347.png,154555,ac1c5ea0a9ed3994d75f52df4bc20f57bcca2e52d2a111428bff4db77962669e,763,1083,1515,0.06405197,0.053281441,false,false,false,false
348,page-348.png,161768,742eb876e59b5f8e81b1bda952802bd886e07f0d1cbc657e043af9a7b9c3d02f,763,1083,1464,0.066790588,0.05594987,false,false,false,false
349,page-349.png,160075,32ebc81b725d9abc764db4cad7796cb9a78efec5e81b0545010b91beeeacc142,763,1083,1508,0.063963627,0.052713871,false,false,false,false
350,page-350.png,153055,8acac967c9151d90c4503f4e5d9bddb5a92a1da7fd30897a4934dc5dc10d8229,763,1083,1377,0.059833311,0.049430675,false,false,false,false
351,page-351.png,165066,b33a7c26334eb0631791345f9dc3884a9c12873b28d9ec0dd3de70358cadef22,763,1083,1584,0.069678058,0.058099135,false,false,false,false
352,page-352.png,192578,e6662eabd8e4fb26e28d8d5bbce878ef400ac56066c58f9f91b178dc6ab2c6de,763,1083,1888,0.078196457,0.064630432,false,false,false,false
353,page-353.png,189401,fa8b4a2b2b2e25f3c89c6cf9b29035e0b44e3f7982af4507c42fed202b7e05f4,763,1083,1883,0.078443332,0.06490272,false,false,false,false
354,page-354.png,167123,7f461c19c9b0e63e45992d7a50862217b03d740f020bb5d2e0a0b05a661a5834,763,1083,1574,0.066089899,0.054598108,false,false,false,false
355,page-355.png,194961,0541cee3853b7dc0f8eebab6af023c293ef0a44a033df7729757890665345856,763,1083,2033,0.083073449,0.068818836,false,false,false,false
356,page-356.png,152602,d387fc8a1a68ae920a4f707332aebd33d906543fbd60e27430674c25f4eccb0c,763,1083,1373,0.063036636,0.052840939,false,false,false,false
357,page-357.png,168461,864ab9844c9f16c57cf1fcdd3c77bada4689987f044b0b8bb0762e3a24f2339d,763,1083,1682,0.071041922,0.058916001,false,false,false,false
358,page-358.png,173649,1407f49e568c91317014d7c1f07d4eb99bd4da879ddb6bb26fcab154ce6cb812,763,1083,1595,0.069256918,0.057495259,false,false,false,false
359,page-359.png,154102,d1a59bc195f729bce1d068cf98b13b97eb8d82fff778e384cc19accd4dc930d7,763,1083,1398,0.059210073,0.048680368,false,false,false,false
360,page-360.png,189366,d0c1848cbeb3fe2e629d8a8812d40f2370bb3b36938e5e241b69cc59cd286961,763,1083,1776,0.074457026,0.061759904,false,false,false,false
361,page-361.png,169928,b9a5fd3451c3d8053152b90500d354a25116628344597655c3ff26bf481610da,763,1083,1577,0.066869249,0.055163258,false,false,false,false
362,page-362.png,134029,09c61ddf3e88289fe51f2a7425e3d90bca704b76225c157ea87eba6409280039,763,1083,1287,0.05524918,0.045865509,false,false,false,false
363,page-363.png,137572,17a4d39587dea650b4ba548b6d9e30cfc73657c9e9e50fd449f5fe4ceb1b0589,763,1083,1269,0.081541372,0.071614333,false,false,false,false
364,page-364.png,199243,edbc263cc4ac3ddd471559a30575d10d764eafc870ebaac60785dd63ad79307b,763,1083,2006,0.084870554,0.070302507,false,false,false,false
365,page-365.png,175034,5904d72de728d6a0b9f8dbdd3dcbc09e374575c68d759f69a18ef7d6e4a032cf,763,1083,1740,0.071647007,0.05884097,false,false,false,false
366,page-366.png,174529,9f891c5243ffffb305c4b40d3686db4897ac6b0d553fbf5cfff1315703ba0ce3,763,1083,1621,0.072329544,0.060212095,false,false,false,false
367,page-367.png,156881,05a670e6a24da650ad9c336581a0e0daec105068c8a60a6eee8eae53bb1614c1,763,1083,1536,0.061882132,0.051404465,false,false,false,false
368,page-368.png,167109,3da0c2e199dbb54eb9288dd52754e2dbfec3faa0117fc66cb5b1d81ae0d11ebe,763,1083,1711,0.063891017,0.052740494,false,false,false,false
369,page-369.png,139106,52bb93fec051701079401f8d5203b0e08123348f6b8c16b7e2b70a12400b3678,763,1083,1433,0.052439162,0.043280582,false,false,false,false
370,page-370.png,183053,7762f82224257c2f02f16496b6a2038750c23f20ccc300a1f0abd4dbc0adfa35,763,1083,1873,0.068555019,0.056862339,false,false,false,false
371,page-371.png,28241,44bec857177cac4befbc6e96d7692d87e472b151f0fd75dbdbceebeb834bb352,763,1083,239,0.008753172,0.007332431,false,false,false,false
372,page-372.png,4006,1ae1c0b5c9050f49e9aae499e232840fd226372dff1fa18e92c768791eecb7be,763,1083,0,0.0,0.0,true,false,false,false
373,page-373.png,138309,b51b2532c1c511eb6db647d9435850963ef5eac22f7168befdc88332d07fda22,763,1083,1384,0.139069305,0.085674108,false,false,false,false
374,page-374.png,211550,6189dd5f765627511a3db60658acfac74d5740fd3d9e10a58bd37a6dfd5f3c1a,763,1083,2310,0.093092461,0.076511898,false,false,false,false
375,page-375.png,191600,5c340bebf9d3a1988b4cfc562bbf7b849d58190192fbbdd53934594f315ac2db,763,1083,2017,0.08871648,0.072782149,false,false,false,false
376,page-376.png,167698,3ea7fc69b7f1c88cefcfab866510bd4cae2d02101dbaf780e752b1e4ad0f524c,763,1083,1653,0.068081841,0.056329864,false,false,false,false
377,page-377.png,147985,feef80ede11347fe4ac4be6c6b8f919ade986e941641820473af0aac3d1463eb,763,1083,1417,0.058925682,0.048421391,false,false,false,false
378,page-378.png,114323,ecbf48eaf1fc7fba03e898d2d6c4b521ee47244ef3f5d3ec5dd4acab896ea25e,763,1083,993,0.043469369,0.035738792,false,false,false,false
379,page-379.png,148248,1db841aac2054037411fa42fbbafcdad7462959b80971f5de98a4b10fbe78e36,763,1083,1364,0.061039852,0.051374211,false,false,false,false
380,page-380.png,160082,ded205c41e513be0a2f40b180384a0ab94d88061a5d2fa1bbc5a7e33e500db1c,763,1083,1560,0.064732086,0.053573093,false,false,false,false
381,page-381.png,176441,eac98d7d7445e2fbd03afc85916af46d671622bcf5cac4b8ca2778676c649ceb,763,1083,1721,0.073030234,0.06081113,false,false,false,false
382,page-382.png,124984,09487825f731d5ce7cbb35829af81732dbb98b5809549c67a3d768f1effbf97c,763,1083,1269,0.055683632,0.046849378,false,false,false,false
383,page-383.png,199743,247716919ae5e821a0de8b73a35cdd94a7070e20bd50b36500d84229fd2d563b,763,1083,1965,0.078773709,0.064939025,false,false,false,false
384,page-384.png,113656,f99aeda2bc4ba66b7fcbbb9fda0d3343dfdb5756583f4560ff2f5893153f225a,763,1083,983,0.043646054,0.036213179,false,false,false,false
385,page-385.png,125973,73215723b384772aef1671fad9a0721d05eb8ca3ef1c817322f717e2f3c0c4e5,763,1083,1137,0.046063977,0.037900158,false,false,false,false
386,page-386.png,152498,ec468cc1bd2e8342f1097b829eade9a39f5127a2ac856e7e7838fa8242a9bd78,763,1083,1409,0.059035808,0.048682789,false,false,false,false
387,page-387.png,176286,d900b53ea9de8962aad4fee9a75ac939ac65cf2ade1aaf11ebc1b4d49bc76b9b,763,1083,1724,0.075642994,0.063087463,false,false,false,false
388,page-388.png,156314,bc6aa01c1e6a214c4517e1aba531255c2c5bd40350cb8491a41ce5585d99b1bc,763,1083,1511,0.06264333,0.05150975,false,false,false,false
389,page-389.png,156716,5d60f6f5be48c36f0cdca88f9a9da73b728342065d9e6b6dedbe5f8623260808,763,1083,1472,0.063322236,0.052393175,false,false,false,false
390,page-390.png,176407,afa2bf6a4a95004c34bd72a2123402da99c1673c9e48016743330783e04263d9,763,1083,1653,0.071090328,0.058762309,false,false,false,false
391,page-391.png,158997,90ae4e6ffc1581b7a8bb5be7ec504efa007c0a608403509da68cdf6de00ae4c9,763,1083,1552,0.067428349,0.056178592,false,false,false,false
392,page-392.png,188194,f0e492864191929d64f64dadb8c59c314d454d270875d248df582f1ea265d33b,763,1083,1772,0.073671625,0.060868008,false,false,false,false
393,page-393.png,171413,07f026270db0d05d939e15f177f5856c4c1c53f2cbbc936f976a62a66bb04a51,763,1083,1678,0.06919762,0.056694125,false,false,false,false
394,page-394.png,171597,6f6f5a20dfcd2cab6aefd1fc7acae43cb9d818e5ede05e9891db50b1b7f606db,763,1083,1648,0.068504191,0.056557376,false,false,false,false
395,page-395.png,152850,3e8a0dd10d63d57a24d47ac65bdc66ce95f098d28514283f0654b64b2926c50c,763,1083,1515,0.061506978,0.050648107,false,false,false,false
396,page-396.png,139347,5818137381de8f68d8359f48ae0fd4de802d70eac19e7f259a28c1377db41d0c,763,1083,1248,0.05891237,0.049574685,false,false,false,false
397,page-397.png,198631,8c4edd2786502a150e26e9c1413843e6bac78b38b9cef185e535678d51428be2,763,1083,2060,0.087431277,0.072333175,false,false,false,false
398,page-398.png,180951,b1adccaae8f14c0260ed3bbee1d0541cad8549d3f28be3f8f1985257a8347ee8,763,1083,1753,0.071924137,0.059363764,false,false,false,false
399,page-399.png,163586,a9d37475fdfd4780e478ac014cd78467690a35141b5eed1348491121eff27864,763,1083,1629,0.066962433,0.055059183,false,false,false,false
400,page-400.png,146028,fe7e1636666c893e823b0b89f9a008300e85944ff8a06ba928a69cc758e3272f,763,1083,1356,0.056553746,0.046528683,false,false,false,false
401,page-401.png,171908,ffd52a8308b9d78e1d21678855f91bdebff940d1797624d7431d38552f33b9e3,763,1083,1650,0.069725255,0.057621117,false,false,false,false
402,page-402.png,167300,bcfbc1a1272871c3fab2e49c22c955dd9cb2b95ba1eac99859c197b6ba039a08,763,1083,1598,0.070492504,0.058703011,false,false,false,false
403,page-403.png,180025,1c9b38167f7277f697ffcec3446ff6d81b0a09c0ab5ec0f085be0c00664d669a,763,1083,1727,0.07349978,0.06060419,false,false,false,false
404,page-404.png,178708,3f268a3fb22fc91bfecde38b6e7b1588e4a8de3e8a9d6655ecb1ffe94f06d845,763,1083,1790,0.076043561,0.06299791,false,false,false,false
405,page-405.png,163242,366915fbde67fecfa8d66fcb57fb29e3f69b3abbb6fa7a927fe91517852c13c9,763,1083,1564,0.063604206,0.052105154,false,false,false,false
406,page-406.png,195571,69c6283fbbdf678a0095ad4cdd545fedd88daf487deb486d13e4615b7a6e0f97,763,1083,2171,0.085983912,0.071235549,false,false,false,false
407,page-407.png,161703,94f5e3bd7a9cf318a558c259f09b6557aaae4d1a2eb7cc4e0d1c305b7bac1be8,763,1083,1715,0.061844616,0.05151096,false,false,false,false
408,page-408.png,132751,012903cf600415424fdc655a659a116bf9b6e8d428238d4e1f297a4fce355e13,763,1083,1443,0.050355246,0.041959074,false,false,false,false
409,page-409.png,96337,e47521737260e3c34178636814d24c81128b397022bcc001c391b4759f68aa0a,763,1083,990,0.03608006,0.029641946,false,false,false,false
410,page-410.png,4006,1ae1c0b5c9050f49e9aae499e232840fd226372dff1fa18e92c768791eecb7be,763,1083,0,0.0,0.0,true,false,false,false
411,page-411.png,8412,f7db090a00c98796db1308b7b305b1ac48b6337ccd40cd32f752ad3a270ecc04,763,1083,12,0.004338466,0.004152099,false,false,false,false
412,page-412.png,4006,1ae1c0b5c9050f49e9aae499e232840fd226372dff1fa18e92c768791eecb7be,763,1083,0,0.0,0.0,true,false,false,false
413,page-413.png,111471,9ee1d9b35a7cbc812733e0d4e0d0b505beed263370f9a1db99a4afc371270264,763,1083,968,0.158847142,0.091945218,false,false,false,false
414,page-414.png,225057,18bf696ac2221ecf8b24d1afc318007d95797955a917ce3bb07bcd3575c6270a,763,1083,2347,0.097472072,0.080568393,false,false,false,false
415,page-415.png,200564,84f8337bac2eb437365eeba8cfa326c9875908eedc86e2eaa3d482b62a9ddaa6,763,1083,2162,0.08900329,0.073485258,false,false,false,false
416,page-416.png,205559,d023aa1eaa9cd6a29e992cc0f798efdd4e8e1ae04ed55949b33e1103a94d321a,763,1083,2179,0.09111141,0.074734156,false,false,false,false
417,page-417.png,172007,be38de670f2e8b64b717bc82a21ea7ebf31d84d995af76f5b0ef3006505fd7e4,763,1083,1601,0.07371156,0.061211697,false,false,false,false
418,page-418.png,164646,c345102da6c8babe3f25cb2a084c841cdb19fd24f9c41b90bf2bae0fcc60c9b4,763,1083,1522,0.06645174,0.054789315,false,false,false,false
419,page-419.png,170476,7f24322a08378acf2c2d390e2ca8b7b2bb257dddc87a9a5161d31d4e2f455312,763,1083,1639,0.069806336,0.057888565,false,false,false,false
420,page-420.png,157287,eb92fbdebf5e328cd062b38f7dbc2c5b669639b6f4b4fb603a80c5ff280394b7,763,1083,1339,0.060466231,0.050131364,false,false,false,false
421,page-421.png,147570,5f408bfba9a3b8e2c687ab053a9bdbf195c1e46790502f685ad11424614eb21b,763,1083,1488,0.058462186,0.048576293,false,false,false,false
422,page-422.png,125462,c32285a8da32a84fc24d5efd1f796426003d2fc9c3e99434f1a07d315785fff7,763,1083,1230,0.04904584,0.040373749,false,false,false,false
423,page-423.png,164249,2ca99a1bba7cf61385321e3d1a007c85db645d45e11a50c28dd0de0dea713d67,763,1083,1661,0.066832944,0.055493635,false,false,false,false
424,page-424.png,101148,d77a264c3960d4b504111fd2d8943ea6585853b288c36f42f7ce9480d13abd99,763,1083,1073,0.036682726,0.0300171,false,false,false,false
425,page-425.png,159343,f090f1d182b729d20454519de62965d89453dd60fbd964aec0ef0cdec1a0dc91,763,1083,1426,0.066278686,0.055398032,false,false,false,false
426,page-426.png,172363,6d96bf8c95454e490b24704518a65f7a9b1e249ffa811fa54ce3e78bcf873339,763,1083,1650,0.071368668,0.059038228,false,false,false,false
427,page-427.png,178926,6570d889a1aa365435c7c52449a37201b4e6f6903a1cb7f8a8731902387a61b8,763,1083,1723,0.076150056,0.063375484,false,false,false,false
428,page-428.png,174460,4becf67ef40fff449abf645edf0e89774864bb95048b6b3f87bc5caaa5a2f347,763,1083,1787,0.07540096,0.062438811,false,false,false,false
429,page-429.png,135493,4c50e6e6bbe605c41a81b79014bb96cb5c4e356372e2cd74a62c2456e845fba3,763,1083,1376,0.05390952,0.044289865,false,false,false,false
430,page-430.png,143156,ebe563d9e55dfca294f90a4f5d4f123f14fce3e28e5a49c8f9949cc71395406e,763,1083,1349,0.05594987,0.046358049,false,false,false,false
431,page-431.png,165060,5e61dae293a83d22389f5a32d59959af9800f2d5039fca45a9f5f36ae20ea56e,763,1083,1560,0.0659592,0.054584796,false,false,false,false
432,page-432.png,150536,4cb931377f0972a7b880a7e55b40fb5ca3c87d1244ca92d25cc73d2452e08692,763,1083,1454,0.062195566,0.051320963,false,false,false,false
433,page-433.png,153825,1df492bc0cd0af2b0219d06492ab9fc134a8edc5c9a8198f743558dd0ea32922,763,1083,1322,0.064021715,0.05390952,false,false,false,false
434,page-434.png,175383,5a3b0290704d372456e79a1c75e27245dc6c813253a95cda6d678a93f1e3306b,763,1083,1619,0.069399719,0.057455323,false,false,false,false
435,page-435.png,164789,d9b0dc5c1d97889b24394f116e7b14fcff5c5839147b57660b1a1f5b117b86f8,763,1083,1635,0.068793422,0.056742532,false,false,false,false
436,page-436.png,188773,e916ff0b42683e14c6579d83f33975bfda21269849e3e1a68492e2f7a43e231a,763,1083,1825,0.077109723,0.063577582,false,false,false,false
437,page-437.png,149576,72b2725180efcafbf0b6293d4e4858c8bbea4917827bc955995d28f5ffbd24d1,763,1083,1394,0.056472664,0.046269706,false,false,false,false
438,page-438.png,185774,7fb5503c9de2ddd192554ca05eeed5e6f4b2fcb37103007a3ab364a93343615b,763,1083,1864,0.076379989,0.062849059,false,false,false,false
439,page-439.png,173423,ef09971614dd9f5652a00e6dba1e995baa6967213c84134df096a903db5cf3b5,763,1083,1586,0.071259752,0.059293574,false,false,false,false
440,page-440.png,169983,d98acac1d52b551e082a4b03c38c516ce64874c441ea8b3d61c679ab6e938093,763,1083,1642,0.069393668,0.057607805,false,false,false,false
441,page-441.png,182085,27e15cca2edff15897bddec7db839f3294a180247d180720db7b2cc73ef7ed74,763,1083,1738,0.074069771,0.061211697,false,false,false,false
442,page-442.png,168997,5b5d2f3ad3288743b667ee17bbb74236502cd255c08ad204ff793c9874c6dc8a,763,1083,1605,0.06785675,0.056201586,false,false,false,false
443,page-443.png,130935,df833d0233c01d994d06787bcdb6aca4a02eca0506373817cdf6b6e9a0360f17,763,1083,1169,0.049911113,0.041315263,false,false,false,false
444,page-444.png,165451,1dfe7aa258c082f62eab03196af6332cbc965cef193ff2f13c4770755df676ed,763,1083,1589,0.069749458,0.057756656,false,false,false,false
445,page-445.png,143729,94732f3d9e0eb8415b8ab57e58f31888de32ee0ad6808db608eb0220cbaa7b75,763,1083,1393,0.058126969,0.047807834,false,false,false,false
446,page-446.png,117112,3d2d2b1ebb67aa5f9d7b46d6277c39494e17cb829938f821d778ae68c51b50b1,763,1083,1079,0.04756338,0.039337842,false,false,false,false
447,page-447.png,177593,133601ab07f961b2e4a96612d2efd04e8ddd5d47b307d62af246cd36da720e14,763,1083,1722,0.071826113,0.059384337,false,false,false,false
448,page-448.png,177431,adec7d0b1292d9735fd93fcf75829bea9ef643597830d0aae3dc3ac1486ef2fd,763,1083,1690,0.073536086,0.060985394,false,false,false,false
449,page-449.png,162325,60ca6ce79e0bdf5dece3384bc366db2aa587e5f997b33523dca55363422b31a1,763,1083,1463,0.063437202,0.052526294,false,false,false,false
450,page-450.png,171127,e3c9419b69f14e4e6d8709a92dbe751055548faa41bf5324791529ca8241ef45,763,1083,1668,0.069895889,0.057745765,false,false,false,false
451,page-451.png,138642,35c03f0827d69fae299f151d5918ec00f55c33d0d1f00f88e6a830ee7c1ac4bf,763,1083,1277,0.059315357,0.049462139,false,false,false,false
452,page-452.png,154613,48796ab2aee32e86251d1b80f66ddced08c1580c3004f9053fc4260b4b84f2e0,763,1083,1355,0.057808694,0.047101094,false,false,false,false
453,page-453.png,165830,5b49196ba64d44f7025fbc2f2cb9f17df53ab52f429a374067b8162fc1c885d6,763,1083,1597,0.06631257,0.054497664,false,false,false,false
454,page-454.png,173451,c36b0aec8416cdfdf0a5b9e9566c6091e43779d0fd9747a6df8b697bd3437dd0,763,1083,1682,0.071541722,0.059144723,false,false,false,false
455,page-455.png,178744,83849a1098f51a20fd93f2378d001a908863da86928c9df9a96c4746176bfd83,763,1083,1793,0.074455816,0.061742962,false,false,false,false
456,page-456.png,198179,b6905c36ec0dcef0e27dc20e476ea4a05445636055049e5176d760177173491c,763,1083,1798,0.077155709,0.063748217,false,false,false,false
457,page-457.png,126532,55f9abe3520782d0f1bd4471b63d5d4db6e5fa54c0fe0d7eaa3f066e43945906,763,1083,1131,0.050642057,0.042590784,false,false,false,false
458,page-458.png,135451,d7ec634ee85ea13fe660225e00ba428f29a2e8269c4b8503a478e730143cbf92,763,1083,1213,0.049584367,0.041017561,false,false,false,false
459,page-459.png,169178,1050730e344669230e38ce66d4cdff43aa92a5ba9297e5280a70c73c77f1f7c4,763,1083,1566,0.06511329,0.053256028,false,false,false,false
460,page-460.png,157874,c1ec902338663fe09974465fcb5076b080ed8a430417622b2f47949b73f2a6d0,763,1083,1434,0.063659874,0.05313017,false,false,false,false
461,page-461.png,115777,e3952a355efd81630322b81fac46b25ab25e65323180cf812add6cb97cb7a0b9,763,1083,1073,0.046197096,0.03791347,false,false,false,false
462,page-462.png,133157,fd2d8c53ea390d82eb373dd5410054f76b3ec26537e1e238dcdd241dda7136f0,763,1083,1141,0.050783647,0.042157543,false,false,false,false
463,page-463.png,172174,5f390ee60c082b7c90ad201180bdf7a5b4ba5731217ed6ac0ea2fb04565cc4d3,763,1083,1683,0.069985442,0.057700988,false,false,false,false
464,page-464.png,177530,9e8e44d19fb4c30660a46fbec4aadf5c9296e610afa8690b4dd8bb05366e805b,763,1083,1689,0.072322283,0.059926494,false,false,false,false
465,page-465.png,148466,ec3d6249291765e34a4b8d9c09709d392ed51e0f720ebe1eaff97d9ab18ee6f2,763,1083,1324,0.057490418,0.047644461,false,false,false,false
466,page-466.png,159444,b07002d1057f357bc34ca42f78790a1e6cd42334a8362370390a715b90675edb,763,1083,1385,0.064212922,0.053501692,false,false,false,false
467,page-467.png,152665,e20b4c075103c3b10e8441a3f3c5ccdebe12ad652cf40628bb57e5c3478d3631,763,1083,1446,0.0595465,0.048894569,false,false,false,false
468,page-468.png,184923,e19188ffc89a43e09ecd5c6016b1a8cadc5834210566b9bf2368d693a6963304,763,1083,1753,0.073946334,0.061185073,false,false,false,false
469,page-469.png,150945,a3e1114cb8c85acc6b21524b92889f35f48736a527643294bd7f4a38059d164b,763,1083,1451,0.059139883,0.048598077,false,false,false,false
470,page-470.png,150480,ad5d2fbea8b010c94d682341d1c10c2db466cc3045f57f88c14849aaa92b612f,763,1083,1461,0.060173369,0.049741689,false,false,false,false
471,page-471.png,201899,f16559f041c3d859ec6b293119473d3a024ed3f4b74ac7d28c88782c5b9d485e,763,1083,1906,0.07969949,0.066127414,false,false,false,false
472,page-472.png,155791,77e0f90a219337b81e3a697eb597465c528669abdcf3a6b43cf8627e44f560d0,763,1083,1486,0.064127,0.053072081,false,false,false,false
473,page-473.png,178408,4acaaaee7019a228fd51aa4f161056530d572d73559464fc0cf254c33eb8afae,763,1083,1733,0.075227906,0.062599764,false,false,false,false
474,page-474.png,150585,65512e5be8c12fa0e1fae02bbd31e488caa79bb1ac23c7804c36c7bca1d643d8,763,1083,1429,0.060416614,0.049993405,false,false,false,false
475,page-475.png,117898,a6dc0868f36105a1ec78c93e4b3494f3bba8a5322a0787e5e5d52a9a037c75fa,763,1083,1050,0.044125282,0.036278528,false,false,false,false
476,page-476.png,151534,1f908a10bc3e26ba12cbd5b867c3dc722fa6b7778f7264a49250258b06a3a4b7,763,1083,1416,0.059853884,0.049448827,false,false,false,false
477,page-477.png,157381,af3cf9c106d2a856e2d6345f34ac1fd4c8781bceb30b6d67c954f0bc227f268a,763,1083,1444,0.061821623,0.051249563,false,false,false,false
478,page-478.png,150085,9f71592be75d9b81b98340d4c3cce3da657737dc23f482314a97054e964b5f38,763,1083,1405,0.05968567,0.049246729,false,false,false,false
479,page-479.png,131984,33c4e5c3b19e9e2693cfb66003f538a3f8f64f7f30e8c23c60e16ab325fb9121,763,1083,1328,0.051013579,0.04192882,false,false,false,false
480,page-480.png,154968,f70abc8b8d18152d13168861f28ea9d95fd13ed0e266e358535465947232ad3b,763,1083,1512,0.064048339,0.052915969,false,false,false,false
481,page-481.png,165037,88d3b43ad93153db4e777bca06289139748c5f0bdbd1ac65aa6352d02ba94349,763,1083,1554,0.064008403,0.052884505,false,false,false,false
482,page-482.png,171393,464f35a3756225c992c8f9db7a48f2e40bee9bc17d7442d980f1ba7447d2d1c9,763,1083,1744,0.07110001,0.058828868,false,false,false,false
483,page-483.png,132639,17a467bfa19aee8e1cad5bbc72be813520431636e4487abdff46a01ddb796f7a,763,1083,1207,0.051731211,0.042679127,false,false,false,false
484,page-484.png,157401,d1a4ca6e5fc366718d18f6ebb0edb6cfeeda373d80d311f6b81057bc69f42558,763,1083,1418,0.059441215,0.049024057,false,false,false,false
485,page-485.png,160013,d36fcae3d08295d1ea68b43ee74f651777c31e2a2cb97d06039cd41802a15eba,763,1083,1533,0.064529987,0.053013993,false,false,false,false
486,page-486.png,133885,079f2747c02d0dbfa367e440e5450f5930c3ac3df6a6cee9c49ee632af6fda28,763,1083,1176,0.053375835,0.044510116,false,false,false,false
487,page-487.png,162990,29386413676b8c74eebd16d6318c37c201e66886da87915f35c6f1008575d9d5,763,1083,1669,0.07025531,0.057907928,false,false,false,false
488,page-488.png,167036,3f124f0a8e6c3717b018b515e5e436b6fce853bdbc9b76520475b8fdf84e402f,763,1083,1473,0.063566691,0.052740494,false,false,false,false
489,page-489.png,161410,9e3c540e99a90c9231d6157542af7098f9bf11ca957c1e9194628703aa6bfbf8,763,1083,1518,0.064640113,0.053441184,false,false,false,false
490,page-490.png,161696,bdb83563d0e5d59c13664e50da5b163a22ebf07e51a2e501de71ea19eb2856e3,763,1083,1636,0.066436008,0.054464989,false,false,false,false
491,page-491.png,123868,1fdbffb7872ae9f2043b53a256c15c92678c9b39b0b5e2495165e1634e7cfdba,763,1083,1187,0.049970411,0.041536724,false,false,false,false
492,page-492.png,149709,108d7ce6759d8cb2d5cfd82067945d3d59b68989c0597c001176f7f4d5bdd283,763,1083,1423,0.06447432,0.05390831,false,false,false,false
493,page-493.png,170701,a649f8e3b6d2391239a4371da988059f0327f70774d8b09f08599f49ae01f093,763,1083,1602,0.069434813,0.057196347,false,false,false,false
494,page-494.png,154188,5cf59b2bb6ade20fc81bd460d0e6f0004af74e54b9f3dc2c1f9ada310c579e82,763,1083,1368,0.059027337,0.048886097,false,false,false,false
495,page-495.png,163362,4f48fe463d606903afe76b83dea2ed40b54110b872162d4c8e769c1e1faba866,763,1083,1470,0.062899886,0.05193331,false,false,false,false
496,page-496.png,152858,c65895d74bae309ad54cca9c19f1120deee06f18d52fed74ff220571894445d0,763,1083,1426,0.060661068,0.04989054,false,false,false,false
497,page-497.png,171736,e7a0797e5baadcc93a2087335c7e574488fe041cafef5d7e71e5a1b9f2c6de77,763,1083,1724,0.071308159,0.058533587,false,false,false,false
498,page-498.png,171775,2a856751a26b1bba5acf932a3fdae0872629c7d8a50c97b872bdc43c3e05a5dd,763,1083,1677,0.070219005,0.057633219,false,false,false,false
499,page-499.png,151814,a4b4f6a66a361a54d3052bc2411c747d10e5f29a4f487faa6c654316f41dabda,763,1083,1377,0.058337539,0.048151523,false,false,false,false
500,page-500.png,164976,2fddab53c070c3d4b0f6074a85e291ab41d7a1bca1671cbedc69e85785b1e805,763,1083,1435,0.062885364,0.052278209,false,false,false,false
501,page-501.png,160151,6b8dcca09b8f5c417f2e155ca80b58bdc15308f6e0034965ad3faab84392ff92,763,1083,1590,0.069356152,0.057400866,false,false,false,false
502,page-502.png,166426,c8b033c0f4f8e006002a4fc5d1297e3ee79b522e102cfbbde38b0e19ff7612b9,763,1083,1538,0.063945475,0.052647311,false,false,false,false
503,page-503.png,169785,9f09f58ed821cb091573afa83211272a52c45a1f1bb6722034c362524e3eea81,763,1083,1593,0.06722262,0.055500896,false,false,false,false
504,page-504.png,190191,2f90647e4e780e8fb6e199b7f00c00fef7638be313237cade4978308b01ee42f,763,1083,1841,0.075565544,0.062051556,false,false,false,false
505,page-505.png,132327,311420e9b0d39ca4b9cb27e08156e1c703cee9e05436bb7c1de4c3aa7aae1642,763,1083,1338,0.05214872,0.043045809,false,false,false,false
506,page-506.png,124790,d8db1345801e9a668ac121cf2891e88b12beeaf8500b7adcc728493dcabe28cb,763,1083,1136,0.05136816,0.04228098,false,false,false,false
507,page-507.png,175511,85ea09efccce72c040c1649f3f927a86482a4c15132c24e844369d8814d52ff5,763,1083,1734,0.069806336,0.057477107,false,false,false,false
508,page-508.png,152928,2a7958704939182eb834241f6929693ba96a36bc9ceb85d4b5aa12ed870b16ad,763,1083,1333,0.057618697,0.047616627,false,false,false,false
509,page-509.png,163965,88b9c77492993d20a292a979cb6188d8a15d921656949d20c15084f16f98b9a5,763,1083,1614,0.062863581,0.051397204,false,false,false,false
510,page-510.png,158826,83dbea1feee10452f6274509b909dd2680b08317d17328c323d29815b7c94acc,763,1083,1559,0.064021715,0.05271024,false,false,false,false
511,page-511.png,159674,5f826a05540aa77e467f1f136a50b06ca478a357bf16b125a9e67b6ce882d334,763,1083,1608,0.062387983,0.051550896,false,false,false,false
512,page-512.png,168395,a45e021384507d3bdb98d71cf78c05693839dee91486d99b37411d57b0ec2119,763,1083,1810,0.064331519,0.053165265,false,false,false,false
513,page-513.png,156805,91f53a8be59d522c59eb9e06939ab2b7ec7d5c60f116893664ebd0de539831db,763,1083,1557,0.0565126,0.046822755,false,false,false,false
514,page-514.png,168829,a54afa71778e1bf716c93d803326a5f5c62af8283486641b399131c7dc421e6b,763,1083,1771,0.064131841,0.052905078,false,false,false,false
515,page-515.png,181066,ab1326788f4aacd63645226322521bd40388d8837796cd68f58ca8b9455370e6,763,1083,1906,0.068835778,0.056778837,false,false,false,false
516,page-516.png,204683,34483ac60242b46963729b73ad3e459f4be18dfa2abb9ca33e27ad23209407fd,763,1083,2188,0.078319894,0.064740557,false,false,false,false
517,page-517.png,54498,f8ae9097f5944ecb8954f28e50633129478be2aba37e94dc5ad6b22b5984d12c,763,1083,490,0.017117879,0.014137226,false,false,false,false
518,page-518.png,4006,1ae1c0b5c9050f49e9aae499e232840fd226372dff1fa18e92c768791eecb7be,763,1083,0,0.0,0.0,true,false,false,false
519,page-519.png,135738,e092eb1d92e5963d499b729f905709afeb0f9e805b90d35373d35308afb8c223,763,1083,1320,0.137611048,0.083117015,false,false,false,false
520,page-520.png,188983,795928c4f2f89b70117a0dc74ec47b561bc7144332c8796e20ee3ebbe6d41999,763,1083,1957,0.082916127,0.068440052,false,false,false,false
521,page-521.png,222072,6c3cb29bd3fee6d625b4cce22ac17d31911e50161342ff584603a690827c856f,763,1083,2424,0.099044085,0.082129515,false,false,false,false
522,page-522.png,192636,2823f44777f7f7985997e7e868d6e6f4ecc6446fa7f4fda0d6258f3bbd163403,763,1083,1973,0.087621274,0.071476373,false,false,false,false
523,page-523.png,147033,4ac51d25529fcd96e621e61c7b44632ba148b9b615e9c6ef52fc2475b2efd842,763,1083,1321,0.05743233,0.04770618,false,false,false,false
524,page-524.png,138692,cb7971d0b3124f749c59348899ce03ef8feee488f13bff5aa5410fbfee7d2923,763,1083,1228,0.054837722,0.045386281,false,false,false,false
525,page-525.png,128665,e3e27be32d2ce5877043c11b9a645743ea995b60e7e19e6a7c6dcfd82f2a1119,763,1083,1211,0.051875222,0.042872754,false,false,false,false
526,page-526.png,148807,709458f872cbcce61953f0863780164b847c1b10256468e7204caf64af69fad1,763,1083,1455,0.061004757,0.050414544,false,false,false,false
527,page-527.png,157611,d563105977f3b10ce35c9e1c98b3f950e1a92102105dad3eb1304f857cfce989,763,1083,1524,0.064225024,0.053257238,false,false,false,false
528,page-528.png,160952,93ee790a0978b4942eb0df240fe3bef458120535889f237fb8ddb1e8291fa94e,763,1083,1629,0.072567948,0.060511007,false,false,false,false
529,page-529.png,197941,eced70b22e85073ff6779a7a082caa28d476d7da1f8484d88ae91b63c5d83e1f,763,1083,1964,0.082860459,0.068547758,false,false,false,false
530,page-530.png,186494,6e37e8208949dac8f1e7e20f4890be8520a238c9bfb9099ee21e51002ce3d2ef,763,1083,1855,0.077449781,0.064160885,false,false,false,false
531,page-531.png,157772,c7200c0b464df35f89a30a30e98ebe90b0b7ef5795c298ce73defcbf7ccf6ffc,763,1083,1493,0.063405738,0.052160822,false,false,false,false
532,page-532.png,180733,7690d6a5f17c8ef4dfa9eb906ed91b4c6b08bdd801e3e44ed77f8e7288c2e9af,763,1083,1761,0.074170215,0.061290358,false,false,false,false
533,page-533.png,204010,280401bce5bf9c779c7f520a29f0b46c1c4fe47edbccea3d64ce4dfb30428420,763,1083,1980,0.086505496,0.072171012,false,false,false,false
534,page-534.png,197856,0cda2e87a4e4b359ed5d6b108567f7549414fa57bcbd6d2c088ae0e0e5ca0884,763,1083,1973,0.08286893,0.068532025,false,false,false,false
535,page-535.png,159586,a5737838861004dc5a2175d74a8ecb9246f152cea7debd397a941781fbfe1d86,763,1083,1500,0.064326679,0.053391567,false,false,false,false
536,page-536.png,196267,ae535cff71bcc1a555865c8031808c40941ecbb2fcb673e1c67a22cda0803d27,763,1083,2008,0.083340897,0.068601005,false,false,false,false
537,page-537.png,140978,4397c6bea7ba12c84a886a367aef3801302ac6f48ca89f00ef55c0940b3b8138,763,1083,1217,0.054207223,0.044876798,false,false,false,false
538,page-538.png,168159,735c4e54f462dd8fe390930535a59c9e17b766862613ac04ba12c3983c95fbda,763,1083,1593,0.067188735,0.055376248,false,false,false,false
539,page-539.png,169361,a4d78eb87e891da5916c86743083188ba2429ed5a34c3ff5c4088850af110e8a,763,1083,1584,0.070448937,0.058922052,false,false,false,false
540,page-540.png,177259,e81bfaae7e065be53e034d5866d504e933ceed0ba39d6fa753902cc85ce4ac93,763,1083,1739,0.072408205,0.06011165,false,false,false,false
541,page-541.png,136476,86195dac08a1ab972f51161d9865db41b1f589fd47dc7ba2746b20cd0d376375,763,1083,1326,0.055289116,0.045973214,false,false,false,false
542,page-542.png,188680,fbd14361198124f3ba27dd6cf73b32253c8ef226e56fd14ac9d5145ce5af43ed,763,1083,1881,0.077040743,0.063431152,false,false,false,false
543,page-543.png,169161,fde8e8084811cb762961a57927a0623609d4271d1b74f08f28132ac5f09f9404,763,1083,1629,0.07293705,0.060681641,false,false,false,false
544,page-544.png,136650,6b55a8c50572f00d58e703ea177b569e836dd3e1401338c5f31ea3511cd6dd6b,763,1083,1174,0.051416567,0.042198688,false,false,false,false
545,page-545.png,157209,34a1f8a0583a1d8c1787b63740776d1fced42a57f06ab044c21cf9e9030ceb09,763,1083,1344,0.057185455,0.046844538,false,false,false,false
546,page-546.png,156438,51e85e80b9c7ab70cea14eafb88119d81399cfe22c21ee7c053e9364d5382e22,763,1083,1429,0.060293176,0.049660607,false,false,false,false
547,page-547.png,164480,4e0b6fb08c22433819248280e46f8fbbeb04d68d204ca34204499cf8a9238122,763,1083,1565,0.065793407,0.054239897,false,false,false,false
548,page-548.png,143681,6a303471114f3d834027391ce521a7e5ca2eb821a029ec21b3135c7a1323a1f8,763,1083,1336,0.060835333,0.051078929,false,false,false,false
549,page-549.png,150919,1a5ba1d8b935fca622259060f29a3b7266921e17bb6ee822de4cb8c2992799bb,763,1083,1393,0.059350452,0.049025267,false,false,false,false
550,page-550.png,142148,0bff33235f5dc31a4c4d097fe811b25215ee9ec0cd46e996711c7e88aec2dc5c,763,1083,1308,0.055308479,0.04559201,false,false,false,false
551,page-551.png,160148,1760cc1ac2e7b8af1d5c701971e090fd6e05d9657717c23faea4542db99c650c,763,1083,1535,0.065265772,0.053966398,false,false,false,false
552,page-552.png,179731,292fce1dbb0c20f1cf045f9e2061e29c68cd45d6a6f640d7015c1cc580e480d6,763,1083,1820,0.075695032,0.06229359,false,false,false,false
553,page-553.png,148126,4ede5a86d498ffbcbcc034ce520b246db33fe2770eb02a3bce3e20761c84081a,763,1083,1479,0.065936207,0.053940985,false,false,false,false
554,page-554.png,150360,ed8d1b7bd4a2ea75aa1168efc73f8787e00b864d840e04f7a6ae4de0602eb1de,763,1083,1403,0.062015251,0.051334275,false,false,false,false
555,page-555.png,190413,9fc14ed35223f280da6deacaa103ef555b7fe3785ea9254111503213385759f9,763,1083,1924,0.078808804,0.065389209,false,false,false,false
556,page-556.png,129759,8bd513618e85b8ba056b65cfb465e383b986b6f0fcf9b2d5ca659d06eae53095,763,1083,1154,0.047880445,0.039629494,false,false,false,false
557,page-557.png,190337,f88f9e62a8d79af60a18a937755cbebe031bb37b4fc3673b975eb0f11ff83ea6,763,1083,1900,0.079168225,0.065403731,false,false,false,false
558,page-558.png,194043,1867d2120c5bf3e307a3b3b0f434470639e987725b6cdc48fba44cbaddd5d63d,763,1083,1958,0.085307426,0.071074596,false,false,false,false
559,page-559.png,129805,30a6348c545592c4876e585d396982f7201cfb2426117d0200dc25cb99ca6fe1,763,1083,1113,0.052235853,0.043279372,false,false,false,false
560,page-560.png,139523,a8a63f94fe3543d93c177f0953c4dd46ab8ad9047fac3b3fe515c3ca90a6d2bf,763,1083,1240,0.05581191,0.046119645,false,false,false,false
561,page-561.png,170994,5da225ff08803a329ea7642610373fcb97133517d7dcddd4eb85163a5f62585b,763,1083,1709,0.068671195,0.056561007,false,false,false,false
562,page-562.png,148760,22fb00f93fba3006b4a56ae864afc05bd0897d04249ec95660ae72e7f6f1aa1d,763,1083,1372,0.058546898,0.048654955,false,false,false,false
563,page-563.png,157765,24751063d9018e92598530787b8b189bf52130e04c0d2e2e7f5192a24360498d,763,1083,1510,0.06384019,0.052692088,false,false,false,false
564,page-564.png,152549,d9783b8f0e0d1bce7f0e2ac4f83b52e9b10f00b18ed3e53c5313130bffe5afb6,763,1083,1371,0.059490832,0.0492552,false,false,false,false
565,page-565.png,156213,39e72ad1a50b2bb3709d2c1bd237aa65cb00d8e6ad99501d387316f423360ac9,763,1083,1563,0.063991461,0.052798583,false,false,false,false
566,page-566.png,166385,19eb0baae789d41c1fdb5a1f4664436921aa9c0416199c2c03546cfad6f79852,763,1083,1522,0.064186299,0.053004312,false,false,false,false
567,page-567.png,176975,6c8a5824f57f8cf24e40235d2366d2857d08a464743eff8fd5f9d4d4e5727628,763,1083,1622,0.067913628,0.05602127,false,false,false,false
568,page-568.png,163614,b4d82eec41f93025935701c520bf1f6ef34f00d570706a6c448bc6b5554e58e0,763,1083,1586,0.065709905,0.054302826,false,false,false,false
569,page-569.png,157510,067c028f24a19aa6a38beb13eed0b7fa18f2cabe7a2f1422cac5b82cb57c8088,763,1083,1538,0.06574742,0.054437155,false,false,false,false
570,page-570.png,145379,81511bfea57b67c66b4519b384f586fe0aac0087837ba4db21ba7a5ea510c1e6,763,1083,1341,0.060901893,0.050559765,false,false,false,false
571,page-571.png,162746,5fdec6355dbef590e4eb5d5dab1a2db6477fbbcdf6b72c1d52e67bfdb83ece2e,763,1083,1547,0.066489255,0.055135424,false,false,false,false
572,page-572.png,166842,e45ce55915348b09809b9fbcf9948ea9d3e922d89ac60ebbfad9a4c1fe215290,763,1083,1540,0.066904344,0.055653378,false,false,false,false
573,page-573.png,144054,a178e4597bcf0752291f47a1a6c17492768e9700ccb41bf26fc431c4e81cdfe4,763,1083,1300,0.061436788,0.051588411,false,false,false,false
574,page-574.png,143888,86f4ac5c7cddcbb2177603e439202b70ef5618690c9ffdc255fd50363d8aae23,763,1083,1321,0.055989806,0.046314482,false,false,false,false
575,page-575.png,161835,0af63d953ccde4ba33113e52500a31e34c380086dba002822ed71ad99773aec6,763,1083,1436,0.063917641,0.052820366,false,false,false,false
576,page-576.png,162032,c2d3b0cde052bf783c53c6d790b98a06db7cefc175240ae0d761b7a3b71fbb08,763,1083,1517,0.0649003,0.053493221,false,false,false,false
577,page-577.png,168715,42a740defa99e6617894d03fef2ca11d649122e4b2e3e72a56cae5f1ddee2bcc,763,1083,1623,0.068968897,0.05686718,false,false,false,false
578,page-578.png,173189,75cbdb4bb7b0cc7f407eb170b03e829aa33d3a7b382f05723903919eb8fce585,763,1083,1740,0.072830555,0.060434766,false,false,false,false
579,page-579.png,158779,10b6690a382e467a5e70f5241b940e07187e9041b3a82f085c72a78bc0ae571d,763,1083,1582,0.06426375,0.053225773,false,false,false,false
580,page-580.png,178447,e03a51a0355118fdc69d8c3c61ec820b508fada8ac8e91c3ec61af69b2a2ce04,763,1083,1746,0.076010887,0.063496501,false,false,false,false
581,page-581.png,202723,f47b2715609a46caa26ddd07fca8ec10f7c11260b77dfef82e4b680f28086464,763,1083,2009,0.084235214,0.069582454,false,false,false,false
582,page-582.png,151699,986eead8aea2bae5402b72863f73746a6f6763b670ebc15a4f60582a27b0a3df,763,1083,1391,0.05862677,0.048366934,false,false,false,false
583,page-583.png,171683,5294d4fe304be58b75218ff80be0539d07ba3d249c8df29163507fcf932d8e91,763,1083,1584,0.066023339,0.054416582,false,false,false,false
584,page-584.png,159176,e2e495d9b233164ae7583bdcb6074c20697a5e0c7ebbf9683f8d5f629b45b5f3,763,1083,1489,0.068236743,0.057242333,false,false,false,false
585,page-585.png,159044,cd9bdf1a6800a2b48063f15c197e95777e6be4607787b6bcf0b39d60cf9eec65,763,1083,1516,0.064747818,0.053518635,false,false,false,false
586,page-586.png,158459,fbf525b95627bf3fb6a974a5b6f2f8d2729be60f78d54c9f9f76cf311814b5de,763,1083,1482,0.060865587,0.049957099,false,false,false,false
587,page-587.png,173150,36e99d640d5c8ee4cbc1ef7ac2bbb344a4d0284eec6973bb2ecb37a785f6bf60,763,1083,1641,0.068982209,0.056754634,false,false,false,false
588,page-588.png,159392,6d0adfe3b4366277bd10c2ed714c820d8fbe36d6ba5295a8ae2b9a3d4bb9e937,763,1083,1474,0.063662294,0.052656993,false,false,false,false
589,page-589.png,174812,26bc05a08cee92d665261b316435b985543386c004230ae077968842b2a2fc6d,763,1083,1684,0.073370292,0.061209276,false,false,false,false
590,page-590.png,135767,9ca611cef95944acee4f42ce0a60278c4d05d07f7d0a6486e4eb30e8ce889838,763,1083,1220,0.051474655,0.042507282,false,false,false,false
591,page-591.png,137108,5743ac6ee37ecee1cfe59153bfff338d7ddc3b7aeb3861d36093436d6005348d,763,1083,1176,0.051445611,0.04256416,false,false,false,false
592,page-592.png,147076,6a0fb90b8f7ad1e316a74ce680bd584e70f1701c14cfd46f850e66f0127a2fcd,763,1083,1273,0.055437967,0.045815892,false,false,false,false
593,page-593.png,131206,b820d26a0f04811bd9ebe3fed3df1fdeaa19f7fda69b37ba7356f95ebe0a35ab,763,1083,1151,0.04974895,0.041051446,false,false,false,false
594,page-594.png,183750,b596c5d34fbe46eb6209799e9412c6e33ec44aa4f5b6b60d51e666208182bb88,763,1083,1862,0.081376788,0.06785796,false,false,false,false
595,page-595.png,153166,6a8c4da89f885b18e62aec3fdbae9b99a31eb760dc9c6e9842b63dbae005248f,763,1083,1559,0.061545704,0.050913135,false,false,false,false
596,page-596.png,193408,0bb07b3625f79cc625453090ddf5d0b7e7a7975357cbdb3b08246156758525ae,763,1083,1946,0.079448985,0.065473921,false,false,false,false
597,page-597.png,166721,e8e2473c954a25c383b0f6034736c262667404d9217eed3ad2d4e5c6bdb76a7d,763,1083,1578,0.065412203,0.054089836,false,false,false,false
598,page-598.png,147041,0b6d1ef1bfc2c9a0be822f4fa5063a31b93b06aa90269c0f8e3cc23d31367951,763,1083,1502,0.059628792,0.04932539,false,false,false,false
599,page-599.png,169310,97289c4c0f5a4869140400bc83bcb893511aec3fe6bd09a74a2f5f0ec59a7dd6,763,1083,1676,0.065725637,0.054016015,false,false,false,false
600,page-600.png,166192,0da8737bf5450e5ee3f83b97fe47a9a15987fa0f7f6a003b44eb4b2f29fa8a7b,763,1083,1718,0.070764792,0.05869696,false,false,false,false
601,page-601.png,150340,104ca1d06ba9ecc959bb81e04bcf2e939e121c540d2eaab0b2af5ec4e441232f,763,1083,1522,0.061767165,0.051025681,false,false,false,false
602,page-602.png,148288,d3a46a7375ec0e29e661be31448b6b03d1ffdfdfadb70925c241e5a1e8963faa,763,1083,1490,0.057393605,0.048063181,false,false,false,false
603,page-603.png,187339,697b86efae913f6dff6222d3c77e38611a08ae39ce56b7355b97e303463b1f36,763,1083,2003,0.072195215,0.060086237,false,false,false,false
604,page-604.png,152008,5a9a89ae7270ed38221076111d22d0245a807cf315eebd4d4b1eed1a8ef84bdb,763,1083,1401,0.052974058,0.043435484,false,false,false,false
605,page-605.png,160985,a1e751efc989d9889cb59b931feb508f2168e1687e242b59ba01ad34ae656501,763,1083,1656,0.059919233,0.049391949,false,false,false,false
606,page-606.png,175921,127bf8a37a5f2c3dd21acc0a91556acf936a3e84e8ca88c4532ddc9c02c8f01d,763,1083,1816,0.065247619,0.054212063,false,false,false,false
607,page-607.png,166505,cad35967f2273339a8aae63a98ed72d910c47b7b5245673fc5ac862eadc8149a,763,1083,1641,0.061181442,0.051268926,false,false,false,false
608,page-608.png,190441,ce7f9866c171d1f7fe877980cba299fb6336edd88423fe1fce469218a78c1e53,763,1083,1990,0.072358588,0.059390388,false,false,false,false
609,page-609.png,178685,721e1ce1d121939dcb3f02be283272267d336421fca6a2dd3a8973ff636e5f06,763,1083,1891,0.06651951,0.054918804,false,false,false,false
610,page-610.png,24733,3b2087ae087ad3a4f5ac2e134643423b723991eb8ed342a66511505678c0ad47,763,1083,220,0.007952038,0.006565182,false,false,false,false
611,page-611.png,114517,b5b22e3f11a6136aa1a89a3443b255d071c29d91d2b5c1defacb45e9dead1681,763,1083,1081,0.125406466,0.074490911,false,false,false,false
612,page-612.png,196601,cd98a67fd9e61511b29bf3fc1c8596850db48ed29503b57b3da8f1354e34212d,763,1083,2089,0.086115821,0.071121793,false,false,false,false
613,page-613.png,209126,bfc50dc6c613c884a22c2876fecd525002e17dcaaf4728a51c76fa54a556b5b6,763,1083,2300,0.097754042,0.079129499,false,false,false,false
614,page-614.png,140119,9c7bd694dadb93c096084b0f09ca8e3f8ad586ffe962ca18df2d78ffcf618011,763,1083,1392,0.060408143,0.05052709,false,false,false,false
615,page-615.png,139346,596f94eb3c0100ac3de47bc2cbd91db3cb085313e61f9275b5d2e8ea35de4b7f,763,1083,1311,0.054319769,0.045121253,false,false,false,false
616,page-616.png,183371,8166f5a2fad02f18f68a942734307222e454648510bcf97458bc40fd8c939819,763,1083,1738,0.072402155,0.059766751,false,false,false,false
617,page-617.png,160556,2d6401585ab44df0a392af43d3cf4a5425879dae2b9f9ae233b164b058dc8ec5,763,1083,1563,0.066830524,0.05545612,false,false,false,false
618,page-618.png,163763,1d88e14f2f1fa7367ce4c2d7896948a37f75b7db2ba6c9eb027e24830619ca83,763,1083,1477,0.062201617,0.051679174,false,false,false,false
619,page-619.png,157897,65f61572cc8bd65201f02a39e383680ec878dbf5940a70afb55bd9b0b9f0c076,763,1083,1591,0.06475629,0.053223353,false,false,false,false
620,page-620.png,147561,7d5196661cddd6fadb7f08c5e6d411a25de19ee633a900468b606df70572ff25,763,1083,1377,0.06017942,0.050652948,false,false,false,false
621,page-621.png,167036,70fa1c4f3db0bcc47631e78dd53a2ace4b76288ca17818df376b4585464a0b01,763,1083,1620,0.063465036,0.052266107,false,false,false,false
622,page-622.png,118684,8b603d87d378b6adb036804baab8bdbb2f5755884e5c3aac15978742a935d2fa,763,1083,1062,0.042933263,0.035149438,false,false,false,false
623,page-623.png,164124,82c0a177cb5dff8e71413de69358c5330b0c990ffce441877c63f1a76ebcbcaf,763,1083,1588,0.07025652,0.058953516,false,false,false,false
624,page-624.png,122893,1c800b6bdc388ca7333df81c7ece83a77db82c48869496be26ade9741a0eddb2,763,1083,1225,0.051956303,0.043891719,false,false,false,false
625,page-625.png,103702,023da26a44abc9c770591898612b7b0b69adf0ffacac64a529ba34cba4a89bee,763,1083,933,0.044234197,0.035105872,false,false,false,false
626,page-626.png,170526,38dbbe67d32e63ab9365e9c0b6a4db2f8c156725895ced3fa2ce0241af281954,763,1083,1641,0.067308542,0.055619493,false,false,false,false
627,page-627.png,153578,8cc137ccc6d20c51e814d66c17bc1d911844f6be5599a0d68d3fe00ba1352cdf,763,1083,1451,0.067258925,0.056356488,false,false,false,false
628,page-628.png,161761,eb1641d69efc22b8f366d6fb9198737d41c123c7e8de17189616840a72a1d9f3,763,1083,1583,0.065513857,0.054162446,false,false,false,false
629,page-629.png,151685,33bce7742d2323b7031fff2300dafec4b012cdc0fbcffa787ae570d2bb00169e,763,1083,1491,0.061863979,0.051239881,false,false,false,false
630,page-630.png,163890,3a2bc2881adb80f652e4853a7a58d9192bebccff775961a9efd5563c874c479b,763,1083,1625,0.068077001,0.05658521,false,false,false,false
631,page-631.png,141702,800084494f2d55588b244b7da29c99c7cb594a0d12febacb4cf417671efcaec2,763,1083,1365,0.057416598,0.047087782,false,false,false,false
632,page-632.png,158142,3a5697184a27bbd8d091fd0d76086b80681551bfe334ae7882a52291a08f80ba,763,1083,1535,0.065862387,0.054730017,false,false,false,false
633,page-633.png,165423,f7d615e615714ef96574911ddfdac377575d01e42dc0596b53bd0472e21fd4d6,763,1083,1611,0.066708297,0.055262492,false,false,false,false
634,page-634.png,138394,b7300add3c829df6bbdee2ccff6a548e79e2410ae7351d38d0ac60c442478c50,763,1083,1339,0.054531549,0.045185392,false,false,false,false
635,page-635.png,153672,4ebfdef3f4a78b9daf2497c1347ace30fd4d8681602fc7238db8ef019e685d0a,763,1083,1406,0.060164898,0.049969201,false,false,false,false
636,page-636.png,142501,4fbd91e512433e2bd34f162fdc9958acca519c9c59f859fe063c523d2260e43c,763,1083,1359,0.055675161,0.046039774,false,false,false,false
637,page-637.png,171860,4e8513b6557a51eb1b7107f8d3b48a1c5f640a5da227f85930815d158bcce04e,763,1083,1704,0.066281106,0.054575115,false,false,false,false
638,page-638.png,193997,4fd1ff8cfb1f2fc0305767505ebbbf6a3efa88b162960dc284c2e0006ec8a2c2,763,1083,1937,0.079145231,0.065218575,false,false,false,false
639,page-639.png,165840,ae9c926df14c34de00d7ae22373c37a74dc7174d31c16448a742f7d68d674369,763,1083,1595,0.066156458,0.054467409,false,false,false,false
640,page-640.png,144531,e43ae495bd602f45fd7acf5d78761ce31381cebcd41b7477a40d292c95da4132,763,1083,1311,0.054957529,0.04544921,false,false,false,false
641,page-641.png,144250,3a6c21761b240445fec8c7cff839a906a6d997b3bd197bdb84500fd26a1c7dc4,763,1083,1344,0.053040617,0.043296314,false,false,false,false
642,page-642.png,134016,b49fe1b971971500201ef0c8a5bf32ab504633f28fb5e59b1b3cc3796adae647,763,1083,1261,0.05404627,0.045112782,false,false,false,false
643,page-643.png,185259,eff0f7e279e3d297e6482ce865c87b6db47beb0ac3051990846b7fda4d825934,763,1083,1641,0.071741401,0.059456948,false,false,false,false
644,page-644.png,129963,e363f390aa34c16d0c52e3591bf6172945b00aba281350ffc8d181a41f94687e,763,1083,1205,0.051103132,0.042385055,false,false,false,false
645,page-645.png,134481,9597b9ce77ac8c4bc14ef0341795dd818f1702edca16dd1d6bed917640ce7607,763,1083,1235,0.049365325,0.040629096,false,false,false,false
646,page-646.png,129083,fa9d3d836bcf7cec94bb454ee73a7a237c34a8e9f9bb36ff9b5df0fb9895cc2d,763,1083,1237,0.052578331,0.04340765,false,false,false,false
647,page-647.png,168788,9478bf353108c35a6449b07bc07d2aba15f1401de6684fcf05c04aa7a6148333,763,1083,1673,0.066991477,0.055417394,false,false,false,false
648,page-648.png,152166,f25bd29b749721e3f34efe67052451f593666fa29900dcaf81db516c57b410ee,763,1083,1497,0.064030187,0.053190678,false,false,false,false
649,page-649.png,123686,905a0be70edc34b2978151bee30fd575c78f5d3eb90785a8b858153bb05eaa96,763,1083,1046,0.044863487,0.036858201,false,false,false,false
650,page-650.png,157219,8a4d544f46a3f6b2d8f4f03d324a6786d9d1fac0c1076049e71be6498630de9b,763,1083,1457,0.060519478,0.049802197,false,false,false,false
651,page-651.png,151919,9f97a535d56c51c93cd56696a07387b573c2367e99bc63900931cef7ebaeea50,763,1083,1492,0.06130972,0.050784857,false,false,false,false
652,page-652.png,171451,d458194963416b09788302aadbc147e900d1ac7d7f8a6313a44849be7de50507,763,1083,1619,0.066648998,0.054778424,false,false,false,false
653,page-653.png,170815,ebe47cea6749f48b9a1b600f43d73001ed4d804d56951cfad55ca19e9b0c17a4,763,1083,1677,0.069881367,0.057671944,false,false,false,false
654,page-654.png,159470,7ddb86a97b62f54acc418e5eac33c80b1da457055a12f7d0044a45466da8640f,763,1083,1471,0.06356185,0.052736864,false,false,false,false
655,page-655.png,201984,615ac3d51d0def36d99e8540b16c7863fda102521c1cb039c24c7cbf73d92568,763,1083,2027,0.085108958,0.070632884,false,false,false,false
656,page-656.png,151541,286747d7468bc5fca26a04496509d23a0f03a8abfb8551ee72102b4be362353c,763,1083,1453,0.059465419,0.049286664,false,false,false,false
657,page-657.png,156080,a64149e26b0446c8e7f8e148f6aa2c234f3bda2cf0eb4a1502182809857d4944,763,1083,1481,0.060606611,0.050190663,false,false,false,false
658,page-658.png,154392,e7ea5575f3ec365b1756b7e3a72ce854fb81a67bf0c91875dbff2bffb52a10a4,763,1083,1509,0.060569095,0.050023659,false,false,false,false
659,page-659.png,154217,ad32feb0097c8f1bbaf9bc0aa30e8184044d7d34e9f7914bf4fae1689d20cef9,763,1083,1384,0.058174165,0.048170886,false,false,false,false
660,page-660.png,148769,2d9151108fd98280f02bc302cb7cd1aa98744d4f056c517f2231375dc1b7e5ef,763,1083,1316,0.057258065,0.047127718,false,false,false,false
661,page-661.png,192540,25e39b5e630c081058b76c8d924613351f7b00c77ca784e2a28ed6937d868cb4,763,1083,1884,0.080762021,0.066837785,false,false,false,false
662,page-662.png,178773,82aff6871877567f7e38bc289b9ecb510c0d6aea80f0057e4aabfefe3650b6df,763,1083,1694,0.074365053,0.061768376,false,false,false,false
663,page-663.png,194908,fa1935a9f921bf3ce7bdd993c9fa3c19e03e7ee65a6dcf0516f99cf7faa42c04,763,1083,1929,0.083385673,0.069445705,false,false,false,false
664,page-664.png,141414,189a8d17b5856d205737dcc6dad23d67a79a6a1baa0b02307ccaa7c2e1e37036,763,1083,1236,0.051411726,0.042382635,false,false,false,false
665,page-665.png,166146,2d367fca70feedc7a9c1013ff85617cb1d3b6d55bbc42ac24b6a09b026278f19,763,1083,1451,0.063866813,0.052981319,false,false,false,false
666,page-666.png,160075,eae10477d8bb1c848597896693ba24149ca4929c5c1d9a7c128e5ea30c874207,763,1083,1409,0.060808709,0.050479894,false,false,false,false
667,page-667.png,165296,816afe9e1b0b89a2e0504956a651f8855a57fa26b26e424f57f7a4c0afb46bba,763,1083,1548,0.066601801,0.054944217,false,false,false,false
668,page-668.png,143006,558aa2bf867f72cd00e3dd069c6553118a385525786ab87edacf2f31d95215ca,763,1083,1306,0.059294785,0.049675129,false,false,false,false
669,page-669.png,130284,b709a42c0f0bf06cdf58c1a27c3443f3a293f258bf3ef4e4304267767e9fe821,763,1083,1126,0.050335883,0.041773918,false,false,false,false
670,page-670.png,159686,1875c96ef9169f1ebb42f3845a62427844ddbfae02590ff7504cd7b2e33392d3,763,1083,1499,0.063179436,0.052124517,false,false,false,false
671,page-671.png,171710,bd73c3d8b15d68c397402771ce052c3379a13ba16dd57894a082c2160eaf4ff7,763,1083,1722,0.072524382,0.059213703,false,false,false,false
672,page-672.png,130000,634e253c097ae1fb5203e32139cbe08dcef1ffe0af523a7424357b3bade52a2f,763,1083,1366,0.049423414,0.04101393,false,false,false,false
673,page-673.png,171706,3b58de83204307ceeba29cf83205b102b9c5c05fba3fc78f9710b9155766e5bc,763,1083,1853,0.06532386,0.053967609,false,false,false,false
674,page-674.png,189283,5680457ac4a614f1b7c7fe21a211f49e5c5cd7d8d2bdcc770dc86769e5eea023,763,1083,2008,0.073876144,0.061241951,false,false,false,false
675,page-675.png,170636,031724afe87fa0834e7416ef12479b11418cd8446f01e06a219cc86b2d6be660,763,1083,1718,0.063163704,0.052512982,false,false,false,false
676,page-676.png,179524,bdb23f714f87af91ad6450e2d10fbec2adae3b5b6cb7caedd38fea2b16eac8f7,763,1083,1847,0.067983818,0.056431518,false,false,false,false
677,page-677.png,129944,25f0aad7a6f79016b2d039fc090c7198fc84e7c489f5c1fa4a3704e9c47e1161,763,1083,1315,0.04855209,0.040072417,false,false,false,false
678,page-678.png,4006,1ae1c0b5c9050f49e9aae499e232840fd226372dff1fa18e92c768791eecb7be,763,1083,0,0.0,0.0,true,false,false,false
679,page-679.png,120062,3c352c2d0f96309a81a26395adbc80dd0d7b3935762e852a2b88575a471eeabc,763,1083,1181,0.125920789,0.07293584,false,false,false,false
680,page-680.png,223088,7706fa59d0a17b24b1c7032b2a72073d39620eee7b6a502ec5b550cae2db5898,763,1083,2369,0.096911763,0.080060121,false,false,false,false
681,page-681.png,161062,be20167b6eb1acbbb7b8b508c517c6c791cbc89143818f17c050c603eba1616d,763,1083,1714,0.071678472,0.058239515,false,false,false,false
682,page-682.png,137564,d63b2894dfa4f966401dc792b86a999deb90d9f5d6842b293aa8cea964a19f15,763,1083,1335,0.059804267,0.04996194,false,false,false,false
683,page-683.png,145756,0b08fa0f08af1078f6245cb22f0ebc1c49324a8d842fd10c31af051ea3f790dc,763,1083,1418,0.058492441,0.047805414,false,false,false,false
684,page-684.png,145455,c18b161469ef3166a066f42e90b64dce63486742f9381fda82c13459edb50de1,763,1083,1407,0.060619923,0.050424226,false,false,false,false
685,page-685.png,118519,749137ac86b86c9029592d85aa8eabcd620bb5eec83e1606b0ca360f4f7dabcd,763,1083,1123,0.048001462,0.039560514,false,false,false,false
686,page-686.png,105304,6c8173c38683c2af0bb617767a09a91052b2a638ce2c7ed77a5053e63131775b,763,1083,973,0.04192882,0.034564925,false,false,false,false
687,page-687.png,109811,8e709d762473c893f27720034178b3e8b06ad66f18a104c278096c7cfb184d42,763,1083,921,0.041772708,0.034481423,false,false,false,false
688,page-688.png,107022,5d380990340ab6887523f0c8320286cc5db097395812fad92bea7d269397c75e,763,1083,962,0.041350358,0.034026399,false,false,false,false
689,page-689.png,81110,f274591b2d69bda1acc752025e7ab09b1330e319a5cbb823b416db2a97085f8b,763,1083,515,0.025875892,0.021216731,false,false,false,false
690,page-690.png,110505,5e47d6a682f5041ab58178a467278cb441afa7d952276668b7d5a04dd772e590,763,1083,969,0.041766657,0.034687152,false,false,false,false
691,page-691.png,149927,040a1534bc2f0c2d4b118ae37a421f973b6ba98401e2ab5514465a8fd3c30f87,763,1083,1433,0.062622757,0.052246744,false,false,false,false
692,page-692.png,186237,414b28b995cd2cab8e0457463b26b5cc970d1c30efb001d9cd5af9a4dc4ba497,763,1083,1765,0.076083497,0.062980968,false,false,false,false
693,page-693.png,181738,645c369e669700463bdbc1d9fc1053ab2da80ae82ba59336a981f6927c563e61,763,1083,1692,0.071795859,0.059247588,false,false,false,false
694,page-694.png,153761,76eb89e01be426826fbe05a2573e476ce766be62419fa471677c78508204a69c,763,1083,1487,0.061741752,0.051288288,false,false,false,false
695,page-695.png,152655,42b46e6bca14b3060ce3ffc58e157c9cd9a803d29a2c3c02ebf1e9e786069bd6,763,1083,1460,0.061225008,0.050776386,false,false,false,false
696,page-696.png,134029,5dedabae838ab9d221e71a558894aa556f9990852df1738b29ebd3e71dec16f3,763,1083,1212,0.055343574,0.046139008,false,false,false,false
697,page-697.png,160834,5870875446832e8246c13a2e8bde6919d57132419c6577a15870a370a60f8cab,763,1083,1546,0.062089071,0.051195105,false,false,false,false
698,page-698.png,171026,d96af04bd7871142912e06fbd620a65910a7f9cb59a42e85f328322d94e64ff4,763,1083,1641,0.07025894,0.058003531,false,false,false,false
699,page-699.png,148899,490b3fd4848cc26c515eecc59ead71907743b1d9dd05f0548911fbc861f69f8b,763,1083,1367,0.057368191,0.047183386,false,false,false,false
700,page-700.png,167899,38b5e88982aca8592bd73cc12bbc18e88031cc60c1aa6407a159d6242c7e9612,763,1083,1672,0.06990557,0.057638059,false,false,false,false
701,page-701.png,163292,1d5ea4d4b3897c7f6df5ba35a0866140f9c5895ee004271c3ddb4bba6ee13823,763,1083,1633,0.06743682,0.055620703,false,false,false,false
702,page-702.png,151101,66aadb11c1394c7c9ec296659ada822af081e3ba98b07eabeecad99190b81bb5,763,1083,1359,0.060062033,0.050119262,false,false,false,false
703,page-703.png,182223,9071b624a447b366927d92787a223a2a20a5484441eb415a35813525e0f18a28,763,1083,1759,0.072963674,0.060066874,false,false,false,false
704,page-704.png,159423,1c3c3894c83b7e635ebbe3427a89edeebee0ea7beee8ec35ba41cf815f2bad8f,763,1083,1582,0.06771637,0.056430308,false,false,false,false
705,page-705.png,146602,6c32875c902c8584fee2f51e77ceda592846d4d36c4c649ad9f29dc0b4c916ce,763,1083,1362,0.057237493,0.046944982,false,false,false,false
706,page-706.png,178363,8b72e959b93f5ac9a54498bad7594c01e70f72871e5dc89ced5d0e042edc24e4,763,1083,1722,0.074068561,0.061041062,false,false,false,false
707,page-707.png,168702,a0e67a6d301e8b10d52ffded5c11953373781eb31d074e85c459183fe8a0c9a6,763,1083,1672,0.069369464,0.057108004,false,false,false,false
708,page-708.png,160658,66a2d7e936c56604d51f49222f85b219ea232466bbb034f6287d64078f626222,763,1083,1474,0.061273415,0.050324992,false,false,false,false
709,page-709.png,152855,1964b69cd6b5a43861951b1f9ef14fcae1705dc77e69c64b11437d0519a89ff8,763,1083,1469,0.061504558,0.050254802,false,false,false,false
710,page-710.png,146313,e02a790c8f95134697486930cfa9315b51d0f46d704d8e2c6300620c5b9d85a6,763,1083,1440,0.058430722,0.047760638,false,false,false,false
711,page-711.png,174192,04028b88b2c5ef4a0d6d847bd5d8aaa08907ca092d6dd5cd1a25064326512998,763,1083,1751,0.075000393,0.062345627,false,false,false,false
712,page-712.png,134038,8ed6825c8a1940853f61b20c3c087d568093781fe3e389ff09968efdd7222842,763,1083,1162,0.05009869,0.041278958,false,false,false,false
713,page-713.png,138114,48bb49fbe7ffc4d1480916a99f42bfa76ae4796b5fb70a3702a377208f8f4174,763,1083,1310,0.05412009,0.044787246,false,false,false,false
714,page-714.png,145660,98ea491b127805f1fca0a466b3d82803a6bb690f3ba09510c71802e5f32f2e76,763,1083,1403,0.057329466,0.047387905,false,false,false,false
715,page-715.png,160309,4deeff0567e706f09f1675b3daa380a7f12f0ad7ecde1c8af39406566af0fd33,763,1083,1510,0.062528363,0.051677964,false,false,false,false
716,page-716.png,160719,1e51d70ce9c027f88dd21698f537ab3a0dd57845a64bb8436ec41dd1e50e4ee0,763,1083,1452,0.060456549,0.049798567,false,false,false,false
717,page-717.png,176703,a2aaf135222894d420347346667fbefdb87b125b8f5a19fe5ae32e83f4777dd9,763,1083,1737,0.071544143,0.058951096,false,false,false,false
718,page-718.png,182141,c14228e94aa4e799f71b213933b6a838b8b1a2771fe0b69e445055a0041aac4b,763,1083,1762,0.076966922,0.064431964,false,false,false,false
719,page-719.png,163280,340f1aa344bed983a8f719fe175f13473cfab7835ce87ae223ae401d2af1fe71,763,1083,1545,0.064165726,0.05285183,false,false,false,false
720,page-720.png,144414,cd175e30a2b8cc5ea173b47f966ff562efbd64e794839bf1d4b505e958880708,763,1083,1374,0.057627168,0.047438732,false,false,false,false
721,page-721.png,186664,e40e5f632ddc9ab52eca51dc59aa6aa81d9fcbce93974ce01d74c1f58d3b7998,763,1083,1758,0.074797084,0.061704236,false,false,false,false
722,page-722.png,166342,d0f01194e236f18060cb6800ace7ad6806fa0665d3d6379b733a27795e758dc7,763,1083,1575,0.063976939,0.052613426,false,false,false,false
723,page-723.png,109958,9a4911a375c8e2ff75aac3a757966b273895d88a320f55f4acf57ca792bf8fb9,763,1083,908,0.038511295,0.031691977,false,false,false,false
724,page-724.png,172860,52238ee72940c9a3a8d5a3a0358fb8f5d812f4ebd4007df89a7da1ac0de3bc76,763,1083,1749,0.074563521,0.062176203,false,false,false,false
725,page-725.png,165870,748d64a18712767b05529b2c8755545c47426a447cbf1c41cf869752e5fc7930,763,1083,1566,0.064390818,0.05313259,false,false,false,false
726,page-726.png,177926,9fbf3f9544d46e499f4759f7d2d91e0af3098896022d55057e5fbcc9244644e6,763,1083,1711,0.072024581,0.059623951,false,false,false,false
727,page-727.png,195791,d68b07f020f709fdad460e34bda93b70d687bb082d536795eabee09262070030,763,1083,1914,0.078755556,0.064966859,false,false,false,false
728,page-728.png,135116,4ec4dbcda8eb0737d44352702a56d72b4801fbe4914f53daf29dddfa538fc62b,763,1083,1203,0.051540004,0.042429831,false,false,false,false
729,page-729.png,132363,6d7fe034a10a099a20e31c4de63b26573a825f6375cfb2c74c7b467dd5615116,763,1083,1190,0.052191076,0.042964727,false,false,false,false
730,page-730.png,146384,85e8746c60f8a53bede71f5c6db3348d78052158e0d25f76d0d7e57069893e62,763,1083,1485,0.061326663,0.05087925,false,false,false,false
731,page-731.png,194877,977cb273837276b0ffd19912518969656a506d2d0516069841877ab14130425b,763,1083,1912,0.084399797,0.070318239,false,false,false,false
732,page-732.png,171564,677ecfa30ff32341be75db0549259f19367fb301fc62cc99ebe167dc751e7a2f,763,1083,1676,0.070701863,0.058188688,false,false,false,false
733,page-733.png,127286,8629ecba6fc0f9e11d78cd7bc48aafde5f7115cf869e741698b7601a24d4cfd4,763,1083,1165,0.054985363,0.046358049,false,false,false,false
734,page-734.png,160057,58406654687fe7b945808fd3549bc635f4274d0ee5e65241b7367f60b43f5221,763,1083,1478,0.063655033,0.052607376,false,false,false,false
735,page-735.png,150425,4621026f8dffd6d6045e2255dcf0512ae14cd2877415f58c8384fbf677140d5f,763,1083,1415,0.06032101,0.049711435,false,false,false,false
736,page-736.png,160179,fd15ec470fe8e5c9024341c15e356b0a6e6d71047513aa8aadaa6acf17a44dbf,763,1083,1636,0.061687294,0.050951861,false,false,false,false
737,page-737.png,148966,6dccc108d7348777dfb56334dadc34531e44829762ef76eda538afffa0fa5fe7,763,1083,1530,0.055579557,0.04573118,false,false,false,false
738,page-738.png,115042,b3bcdb3087565331a7ad17a98c031e45fd021dbde6ae6db6d40b09ddf762d1e2,763,1083,1196,0.043244277,0.035933629,false,false,false,false
739,page-739.png,100031,1a0f75959d2e5719127939dae09a4a925c1139665d1997a958e1860617c18daf,763,1083,937,0.18955767,0.115203509,false,false,false,false
740,page-740.png,153367,35fa6f1cb1a2581587528632f321c7668badc33675243e2f33820dec99dca9e9,763,1083,1343,0.060365787,0.050535562,false,false,false,false
741,page-741.png,172513,edc8001f2b348673bf2fefa0846e5415c13fb7d111c0f7046518af2071beb906,763,1083,1538,0.064780493,0.053000681,false,false,false,false
742,page-742.png,135633,0008d0b6a8b0a89cd53b75810088aff5babeb999883933d449569ceff227f32d,763,1083,1212,0.055492425,0.046362889,false,false,false,false
743,page-743.png,172861,5268fbf3c9e4e23beb6d6e3607f99cf2e531fb43ce4bc32ab3dd8275b0c1d056,763,1083,1735,0.069079023,0.056876861,false,false,false,false
744,page-744.png,180668,7b0a986b48463d36cc3d2fa9ab28de81f54c0b28bb31fc97d9d5d92ce4479900,763,1083,1782,0.073197237,0.060538841,false,false,false,false
745,page-745.png,162387,5991cbe7aa826a0e1abc4a8a44566945a40180c252e976a9e6b82d3932f1338b,763,1083,1614,0.063941844,0.052661833,false,false,false,false
746,page-746.png,153779,9747fb7db6160392243b6b15386d5eb51ab1f808b6c426227dff820f3daacdfc,763,1083,1494,0.060976923,0.050471422,false,false,false,false
747,page-747.png,168826,92c84accbff46459f42f855bb8eb426feaab160d30626e0361b4e40f330e369c,763,1083,1819,0.072639348,0.059962799,false,false,false,false
748,page-748.png,148230,6d5498a17c383aaf1f5af99989321752d6abaa7764b14a92a69eea2190cc4ea3,763,1083,1313,0.060167318,0.050217286,false,false,false,false
749,page-749.png,163365,60abf7bb70f9a7b930941d16d452d9ba712f3e2ce0dc369d005f726c085fb017,763,1083,1561,0.065190741,0.053853852,false,false,false,false
750,page-750.png,172324,3c1f3dbb9453e3d516b3ccd458b35724d97b0dd2932001ba339e336ffc7053e8,763,1083,1632,0.068014072,0.056062416,false,false,false,false
751,page-751.png,180976,9707bd94050410cca605fd1e8553ae76937d30479b222781033e307b176c8c31,763,1083,1726,0.076022988,0.063674396,false,false,false,false
752,page-752.png,169325,bbf85244332bbfdbf3c1fea2d8bc160bc34592122ae27693570fbc054ae07d40,763,1083,1582,0.066393652,0.054855875,false,false,false,false
753,page-753.png,172591,805867431d9ae8769335d28e35e14e06da68ebfa82ec3cb512816ea2438ccc38,763,1083,1645,0.067062877,0.055286696,false,false,false,false
754,page-754.png,150335,17a48ce350930762f673dc43e7599124c584dc40bff73495bfff30f72e61f703,763,1083,1434,0.058250406,0.047882865,false,false,false,false
755,page-755.png,193623,e64d89683627f9c003e180b707d1a0f6b398ec7c2f2e1a1d4ce626cf44fcbf9e,763,1083,2206,0.077167811,0.064228655,false,false,false,false
756,page-756.png,96922,ef0bc35a16f178c75426d56f03950d7ba1c26dcbac6bb2d3dc0c03dd85783609,763,1083,1030,0.036118786,0.029817421,false,false,false,false
757,page-757.png,108583,2d4a18674e26c68463049b87710f4d351606ee58c73f9770516a582c1af224e3,763,1083,945,0.190383007,0.116521386,false,false,false,false
758,page-758.png,205576,a26bedb13b0b4739d98ad1f0e1d7a8ec3c4c322edab0bed41ed91fb118dd2065,763,1083,2207,0.093670923,0.077419527,false,false,false,false
759,page-759.png,185523,16107b851083ebc246d6314d66d2a65e37ce6995fa23ba3d56af503b9a574c0c,763,1083,1814,0.075921334,0.062460594,false,false,false,false
760,page-760.png,166558,db2b910c74bf95343b6be034ac0600300c9096cea687458960ee2b0007672e2f,763,1083,1581,0.066544923,0.054875237,false,false,false,false
761,page-761.png,194470,17f1d6221e31c6d1daf255be52bab57fdb6fe55dd1cecbd4fbcb2e5ba67abdf9,763,1083,2011,0.080553871,0.066122573,false,false,false,false
762,page-762.png,187275,132270534f892fea8006f5227c07b72309d87ffa4263b2e2b0e8d26fe6c5a16f,763,1083,1858,0.079835029,0.06609716,false,false,false,false
763,page-763.png,166024,c7b443baae2745e688349ce693f5e9f730eae4646d332a16956036b3b18e5d0b,763,1083,1629,0.065765573,0.054092256,false,false,false,false
764,page-764.png,165432,ae31aaa96cd930885d1d4b74ca3b150abf861b37ce3774426e970e06a8c80939,763,1083,1602,0.066131045,0.054354863,false,false,false,false
765,page-765.png,187511,4b5500bc0bb7a117cdb6129623ce05ef09da492d31e7bb9e8d0c2cc55d84f8ee,763,1083,1864,0.07645865,0.063345229,false,false,false,false
766,page-766.png,158812,46f900dd7c3cee741a70fb0b0addb44778bacc61f67d913b71f49fb6c292cb8b,763,1083,1549,0.062129007,0.050861098,false,false,false,false
767,page-767.png,150625,34355bd88a1a34068443921a981da96a0a8469d3d59f58e188ce6f768a6b4bd4,763,1083,1505,0.064218973,0.053852642,false,false,false,false
768,page-768.png,169480,4fb6cac8a24ced60d5c3ecc4be3f77c196f62da98fc066ece43a6d18b8210061,763,1083,1588,0.065285135,0.053842961,false,false,false,false
769,page-769.png,200071,c29416060a932a048a6a0d81dca5780418093e6a948b899395e9ec7b3100c8e8,763,1083,2001,0.081549843,0.066922497,false,false,false,false
770,page-770.png,168902,de914f30f518fa259daf8f176202113326ea9f784ca51ff19656d4e64a8a8b98,763,1083,1653,0.067425928,0.055467011,false,false,false,false
771,page-771.png,160649,a9572541dac321696b18caceda3362ec9e14a7fe9ea2bd6c333a914a76c70267,763,1083,1603,0.07152236,0.059590066,false,false,false,false
772,page-772.png,174458,a89e6c57b32d08e75c11567bbeb86866c5cdeb5ae33646518ded66d4afeddd23,763,1083,1756,0.072237571,0.059432744,false,false,false,false
773,page-773.png,181232,380913cf0c698f7e9200e336e6ae8ac4e3523d37ba98d5bed1f63c420d5ed918,763,1083,1896,0.078123847,0.064736927,false,false,false,false
774,page-774.png,158265,9deb1e0f94b13f51d3cc4c09d6debf7b2887acba71e18088421296ff2f94ee99,763,1083,1561,0.067873692,0.056712278,false,false,false,false
775,page-775.png,182829,d56fe433a8df1860e9878acfa751ea97526d37abafce5ade4706abe904381118,763,1083,1876,0.076799919,0.063108036,false,false,false,false
776,page-776.png,174764,7692107d1fcc4fc04b2b9937e7fa40abce97e299a05c06bb709c0467cf35d667,763,1083,1810,0.072577629,0.059654206,false,false,false,false
777,page-777.png,133149,1c08da25e2a8b8cb2c3215a3b7d6c52b9a08d840d1fdbd89947b3c7ea9ef1568,763,1083,1284,0.052975268,0.043482681,false,false,false,false
778,page-778.png,140157,f6d0cd28981b7f03fa0a128b03389dc6b774bca16d4db290f72d773b33e9df1c,763,1083,1293,0.059073323,0.049549272,false,false,false,false
779,page-779.png,166308,4344c0cc68fd139e5e3b1d2785ddc4f9e806ebd7ecc5b5fb44eeaff026a7ea73,763,1083,1594,0.067712739,0.056038212,false,false,false,false
780,page-780.png,179357,6f742ce1167c9f6e0df1f97649841537f4c0bc08051b02424343ef53d8b7cadb,763,1083,1869,0.07075027,0.058511803,false,false,false,false
781,page-781.png,176356,f431a97d00f24d40a79c38d69e60abbf61200cb6815186a6a3285b6c4156da26,763,1083,1874,0.065845444,0.053793344,false,false,false,false
782,page-782.png,178721,bcb1ea1a74df1e0cd06ccd922fa1d6a1e3b0cfb55cc14eebc3c3ae1381e7f48b,763,1083,1980,0.069962448,0.058140281,false,false,false,false
783,page-783.png,9581,034aa3b7256cc452744c441e9f750c6bed9d98824bd362e33020ff944b50dcc3,763,1083,14,0.005375583,0.00514202,false,false,false,false
784,page-784.png,4006,1ae1c0b5c9050f49e9aae499e232840fd226372dff1fa18e92c768791eecb7be,763,1083,0,0.0,0.0,true,false,false,false
785,page-785.png,160177,609a90f7f429c11716441a986dafcce44217b62e45e69877d98b0002e80cd683,763,1083,1602,0.069825699,0.058515434,false,false,false,false
786,page-786.png,112774,089152f42d1c22864b76488aa581677d0e608ccf407caea0145911c07666168f,763,1083,1076,0.04531125,0.037706531,false,false,false,false
787,page-787.png,139401,b274a4f6b463b3d568b261c3193e7d32c1c7066ea2925bf98fab54c3c976539f,763,1083,1304,0.054013595,0.044383048,false,false,false,false
788,page-788.png,114076,4bb9229cf736966c4fccb889cdb2b0a24e587f236e4b516ad395b065142b1f26,763,1083,1057,0.044107129,0.03650241,false,false,false,false
789,page-789.png,124699,0175c5fa5e828753a964a489490fbc53c19e4b8c1d7dd1fa10a49469229cf515,763,1083,1147,0.046400405,0.03847257,false,false,false,false
790,page-790.png,155594,49ac04ded4f655513d13d2397d9623e0d732f6a80ef694f5d2fa9696f252ee61,763,1083,1556,0.062051556,0.050681992,false,false,false,false
791,page-791.png,125796,efc3b84a3a3ef99db9093c86b1a7b1b49a9d9769271b14054bf0fcaa149c2016,763,1083,1167,0.047880445,0.039336632,false,false,false,false
792,page-792.png,132213,90a698a1b438f874ff7b7e1a1492385c7cb018920350ebc031db3b677ffb02d6,763,1083,1272,0.053436343,0.044194262,false,false,false,false
793,page-793.png,182470,89502910fa3f8bd0e4271c6001535b7e83c4424a7f071d22c430f6cfbf0aa44b,763,1083,1767,0.071628855,0.058961987,false,false,false,false
794,page-794.png,176673,7d439a48acd6784740b59fd7120dbb0fd41b96aab32f81d46102de8b054531e5,763,1083,1758,0.076421135,0.064088275,false,false,false,false
795,page-795.png,127034,61b55a1156f27333dc01ee41fcaa12e1926950795159da41869594e8ffe54379,763,1083,1270,0.053438763,0.04432496,false,false,false,false
796,page-796.png,135626,7a28fa7ab8aba18fdbf3115bb6ef84ab619ab055bf60086f534151b4f5bde2eb,763,1083,1342,0.054464989,0.04474852,false,false,false,false
797,page-797.png,126194,464308782776adf214d7dbd01c3cf2ee78e700e10dd437e9fb8150c7a544fc43,763,1083,1204,0.052266107,0.043283002,false,false,false,false
798,page-798.png,131707,06e996a282160572d967389d052cd23e0bce252d1654e139ead5aa82a4a8025a,763,1083,1271,0.052623108,0.043210392,false,false,false,false
799,page-799.png,111028,de83bc703d18125df7fe4211d69a560906ac504ea4dd2991c4ee09d0eb269022,763,1083,1043,0.044706164,0.037223672,false,false,false,false
800,page-800.png,160139,935a867e708a7136ca484d755c0858adbcb556c1c2df7c4d91d64388d7af0212,763,1083,1594,0.067796241,0.055936558,false,false,false,false
801,page-801.png,123889,e3087e1818aa4dea04a4e9a2e0e81619db811f8daf4adad83bf273cc60c01ebc,763,1083,1123,0.047461725,0.039203513,false,false,false,false
802,page-802.png,133269,bbc3a03a1c7dda1deede6ae5b1071fdb74122cb599a3a2ff318006f02dde0a82,763,1083,1220,0.05108861,0.042106715,false,false,false,false
803,page-803.png,147617,2842d78083eb95dd4b3759495a6558df273637f6ac2fccb6de881f68ea168d64,763,1083,1531,0.060337953,0.049727167,false,false,false,false
804,page-804.png,4006,1ae1c0b5c9050f49e9aae499e232840fd226372dff1fa18e92c768791eecb7be,763,1083,0,0.0,0.0,true,false,false,false
805,page-805.png,135770,edacda89879f3debdbcf6c42c910458fcb54ee65efeee9db6ab28ac4af7d9c16,763,1083,1177,0.083043195,0.043298735,false,false,false,false
806,page-806.png,197628,02abf3045cf07ebd6156a90ee56375cbdd9a89e7ea212be8466374c59b910528,763,1083,1801,0.074148432,0.061128195,false,false,false,false
807,page-807.png,214291,04c5eb1d1a26c7d1b09a2ea7a8d3f2a796b813402be6e8d47aad290b0ecc5fda,763,1083,1984,0.081889901,0.067180264,false,false,false,false
808,page-808.png,207543,fd96480eac66bfdc5b627974bbee659c3aab58690778164d619b5cc919f716ad,763,1083,1899,0.077942321,0.063990251,false,false,false,false
809,page-809.png,160141,7d84bcea54e47dffb789b87fba924393ee8f7b3bbfbdc2aa6f2566ac71786985,763,1083,1044,0.057720351,0.047034535,false,false,false,false
810,page-810.png,4006,1ae1c0b5c9050f49e9aae499e232840fd226372dff1fa18e92c768791eecb7be,763,1083,0,0.0,0.0,true,false,false,false
811,page-811.png,101791,a3fdcef1c7f21390c01e7830c435aa26e0177ef9cd70cafc073a10cc2ce0b096,763,1083,864,0.067182684,0.027544719,false,false,false,false
812,page-812.png,151462,4eb01dbb67929480b3fbdcd2c290ee50bcb92206b6cd34cf263e25843598c730,763,1083,1354,0.045940539,0.036567759,false,false,false,false
813,page-813.png,13899,c1a710c56f27b6c0f4ee45be6adb410cef329198f81280d5dd0151a70dec59ad,763,1083,76,0.002783395,0.002247289,false,false,false,false
814,page-814.png,4006,1ae1c0b5c9050f49e9aae499e232840fd226372dff1fa18e92c768791eecb7be,763,1083,0,0.0,0.0,true,false,false,false
815,page-815.png,91748,64669d9c622fe08585fc41750c6c66e149186826a637b5f7e28b599b6bc3de3c,763,1083,849,0.062387983,0.025954553,false,false,false,false
816,page-816.png,158317,22d3422f196c6901586d590a8ad608f17f916c4b1a0293877a328d3ae59747f8,763,1083,1639,0.054055951,0.041840478,false,false,false,false
817,page-817.png,162027,39c841d44b8b7877df7b496bb92a023c96f4bf05d158453e8316448906879471,763,1083,1589,0.053521055,0.041801752,false,false,false,false
818,page-818.png,146759,8a39525aee9d8ad132704b3682040aa71bb31ee5078f68d44f77fcdccc14808c,763,1083,1486,0.049800987,0.039063133,false,false,false,false
819,page-819.png,159225,ae630626aebdb8fcd3a1c8c8989fa33c1291180746eba3b8175afc97a7e0e083,763,1083,1630,0.053760669,0.041802962,false,false,false,false
820,page-820.png,91279,1d17af56cc9bad0ea866b30e0c25566d544dd4f96651537d7bef647b20c467a2,763,1083,850,0.02895941,0.022731866,false,false,false,false
